"../../../Engine/Plugins/2D/Paper2D/Content/PlaceholderTextures/DummySpriteTexture.ubulk" 0
"../../../Engine/Plugins/2D/Paper2D/Content/PlaceholderTextures/DummySpriteTexture.uasset" 1
"../../../Engine/Plugins/2D/Paper2D/Content/PlaceholderTextures/DummySpriteTexture.uexp" 2
"../../../Engine/Plugins/2D/Paper2D/Content/DummySprite.uasset" 3
"../../../Engine/Plugins/2D/Paper2D/Content/DummySprite.uexp" 4
"../../../Engine/Plugins/2D/Paper2D/Content/DefaultPaperTerrainMaterial.uasset" 5
"../../../Engine/Plugins/2D/Paper2D/Content/DefaultPaperTerrainMaterial.uexp" 6
"../../../Engine/Content/EngineMaterials/DefaultPhysicalMaterial.uasset" 7
"../../../Engine/Content/EngineMaterials/DefaultPhysicalMaterial.uexp" 8
"../../../Engine/Content/EngineMaterials/DefaultDestructiblePhysicalMaterial.uasset" 9
"../../../Engine/Content/EngineMaterials/DefaultDestructiblePhysicalMaterial.uexp" 10
"../../../Engine/Content/EngineFonts/Faces/DroidSansFallback.uexp" 11
"../../../Engine/Content/EngineFonts/Faces/DroidSansFallback.uasset" 12
"../../../Engine/Content/EngineFonts/Faces/DroidSansFallback.ufont" 13
"../../../Engine/Content/EngineFonts/Faces/RobotoRegular.uexp" 14
"../../../Engine/Content/EngineFonts/Faces/RobotoRegular.uasset" 15
"../../../Engine/Content/EngineFonts/Faces/RobotoRegular.ufont" 16
"../../../Engine/Content/EngineFonts/Faces/RobotoLight.uexp" 17
"../../../Engine/Content/EngineFonts/Faces/RobotoLight.uasset" 18
"../../../Engine/Content/EngineFonts/Faces/RobotoLight.ufont" 19
"../../../Engine/Content/EngineFonts/Faces/RobotoItalic.uexp" 20
"../../../Engine/Content/EngineFonts/Faces/RobotoItalic.uasset" 21
"../../../Engine/Content/EngineFonts/Faces/RobotoItalic.ufont" 22
"../../../Engine/Content/EngineFonts/Faces/RobotoBoldItalic.uexp" 23
"../../../Engine/Content/EngineFonts/Faces/RobotoBoldItalic.uasset" 24
"../../../Engine/Content/EngineFonts/Faces/RobotoBoldItalic.ufont" 25
"../../../Engine/Content/EngineFonts/Faces/RobotoBold.uexp" 26
"../../../Engine/Content/EngineFonts/Faces/RobotoBold.uasset" 27
"../../../Engine/Content/EngineFonts/Faces/RobotoBold.ufont" 28
"../../../Engine/Content/EngineFonts/Roboto.uasset" 29
"../../../Engine/Content/EngineFonts/Roboto.uexp" 30
"../../../Engine/Content/EngineFonts/Faces/DroidSansMono.uexp" 31
"../../../Engine/Content/EngineFonts/Faces/DroidSansMono.uasset" 32
"../../../Engine/Content/EngineFonts/Faces/DroidSansMono.ufont" 33
"../../../Engine/Content/EngineFonts/DroidSansMono.uasset" 34
"../../../Engine/Content/EngineFonts/DroidSansMono.uexp" 35
"../../../Engine/Content/EngineSounds/Master.uasset" 36
"../../../Engine/Content/EngineSounds/Master.uexp" 37
"../../../Engine/Plugins/Interchange/Runtime/Content/Pipelines/DefaultTexturePipeline.uasset" 38
"../../../Engine/Plugins/Interchange/Runtime/Content/Pipelines/DefaultTexturePipeline.uexp" 39
"../../../Engine/Plugins/Interchange/Runtime/Content/Pipelines/DefaultSceneLevelPipeline.uasset" 40
"../../../Engine/Plugins/Interchange/Runtime/Content/Pipelines/DefaultSceneLevelPipeline.uexp" 41
"../../../Engine/Plugins/Interchange/Runtime/Content/Pipelines/DefaultSceneAssetsPipeline.uasset" 42
"../../../Engine/Plugins/Interchange/Runtime/Content/Pipelines/DefaultSceneAssetsPipeline.uexp" 43
"../../../Engine/Plugins/Interchange/Runtime/Content/Pipelines/DefaultMaterialXPipeline.uasset" 44
"../../../Engine/Plugins/Interchange/Runtime/Content/Pipelines/DefaultMaterialXPipeline.uexp" 45
"../../../Engine/Plugins/Interchange/Runtime/Content/Pipelines/DefaultMaterialPipeline.uasset" 46
"../../../Engine/Plugins/Interchange/Runtime/Content/Pipelines/DefaultMaterialPipeline.uexp" 47
"../../../Engine/Plugins/Interchange/Runtime/Content/Pipelines/DefaultGLTFSceneAssetsPipeline.uasset" 48
"../../../Engine/Plugins/Interchange/Runtime/Content/Pipelines/DefaultGLTFSceneAssetsPipeline.uexp" 49
"../../../Engine/Plugins/Interchange/Runtime/Content/Pipelines/DefaultGLTFPipeline.uasset" 50
"../../../Engine/Plugins/Interchange/Runtime/Content/Pipelines/DefaultGLTFPipeline.uexp" 51
"../../../Engine/Plugins/Interchange/Runtime/Content/Pipelines/DefaultGLTFAssetsPipeline.uasset" 52
"../../../Engine/Plugins/Interchange/Runtime/Content/Pipelines/DefaultGLTFAssetsPipeline.uexp" 53
"../../../Engine/Plugins/Interchange/Runtime/Content/Pipelines/DefaultAssetsPipeline.uasset" 54
"../../../Engine/Plugins/Interchange/Runtime/Content/Pipelines/DefaultAssetsPipeline.uexp" 55
"../../../Engine/Content/EngineResources/GradientTexture0.uasset" 56
"../../../Engine/Content/EngineResources/GradientTexture0.uexp" 57
"../../../Engine/Content/EngineResources/Black.uasset" 58
"../../../Engine/Content/EngineResources/Black.uexp" 59
"../../../Engine/Plugins/NNE/NNEDenoiser/Content/NNEDTOM_Output_Default.uasset" 60
"../../../Engine/Plugins/NNE/NNEDenoiser/Content/NNEDTOM_Output_Default.uexp" 61
"../../../Engine/Plugins/NNE/NNEDenoiser/Content/NNEDTOM_Output_Alpha.uasset" 62
"../../../Engine/Plugins/NNE/NNEDenoiser/Content/NNEDTOM_Output_Alpha.uexp" 63
"../../../Engine/Plugins/NNE/NNEDenoiser/Content/NNEDTIM_ColorAlbedoNormal_Default.uasset" 64
"../../../Engine/Plugins/NNE/NNEDenoiser/Content/NNEDTIM_ColorAlbedoNormal_Default.uexp" 65
"../../../Engine/Plugins/NNE/NNEDenoiser/Content/NNEDTIM_ColorAlbedoNormal_Alpha.uasset" 66
"../../../Engine/Plugins/NNE/NNEDenoiser/Content/NNEDTIM_ColorAlbedoNormal_Alpha.uexp" 67
"../../../Engine/Plugins/NNE/NNEDenoiser/Content/NNEDOM_Output_Default.uasset" 68
"../../../Engine/Plugins/NNE/NNEDenoiser/Content/NNEDOM_Output_Default.uexp" 69
"../../../Engine/Plugins/NNE/NNEDenoiser/Content/NNEDOM_Output_Alpha.uasset" 70
"../../../Engine/Plugins/NNE/NNEDenoiser/Content/NNEDOM_Output_Alpha.uexp" 71
"../../../Engine/Plugins/NNE/NNEDenoiser/Content/NNEDIM_HighQuality_Default.uasset" 72
"../../../Engine/Plugins/NNE/NNEDenoiser/Content/NNEDIM_HighQuality_Default.uexp" 73
"../../../Engine/Plugins/NNE/NNEDenoiser/Content/NNEDIM_HighQuality_Alpha.uasset" 74
"../../../Engine/Plugins/NNE/NNEDenoiser/Content/NNEDIM_HighQuality_Alpha.uexp" 75
"../../../Engine/Plugins/NNE/NNEDenoiser/Content/NNEDIM_ColorAlbedoNormal_Default.uasset" 76
"../../../Engine/Plugins/NNE/NNEDenoiser/Content/NNEDIM_ColorAlbedoNormal_Default.uexp" 77
"../../../Engine/Plugins/NNE/NNEDenoiser/Content/NNEDIM_ColorAlbedoNormal_Alpha.uasset" 78
"../../../Engine/Plugins/NNE/NNEDenoiser/Content/NNEDIM_ColorAlbedoNormal_Alpha.uexp" 79
"../../../Engine/Content/EngineResources/DefaultTexture.ubulk" 80
"../../../Engine/Content/EngineResources/DefaultTexture.uasset" 81
"../../../Engine/Content/EngineResources/DefaultTexture.uexp" 82
"../../../Engine/Content/EngineMaterials/PreintegratedSkinBRDF.uasset" 83
"../../../Engine/Content/EngineMaterials/PreintegratedSkinBRDF.uexp" 84
"../../../Engine/Content/EngineMaterials/MiniFont.uasset" 85
"../../../Engine/Content/EngineMaterials/MiniFont.uexp" 86
"../../../Engine/Content/EngineMaterials/FastBlueNoise_vec2_128x128x64.uasset" 87
"../../../Engine/Content/EngineMaterials/FastBlueNoise_vec2_128x128x64.uexp" 88
"../../../Engine/Content/EngineMaterials/FastBlueNoise_scalar_128x128x8.uasset" 89
"../../../Engine/Content/EngineMaterials/FastBlueNoise_scalar_128x128x8.uexp" 90
"../../../Engine/Content/EngineMaterials/FastBlueNoise_scalar_128x128x64.uasset" 91
"../../../Engine/Content/EngineMaterials/FastBlueNoise_scalar_128x128x64.uexp" 92
"../../../Engine/Content/EngineMaterials/DefaultWhiteGrid.ubulk" 93
"../../../Engine/Content/EngineMaterials/DefaultWhiteGrid.uasset" 94
"../../../Engine/Content/EngineMaterials/DefaultWhiteGrid.uexp" 95
"../../../Engine/Content/EngineMaterials/DefaultBokeh.uasset" 96
"../../../Engine/Content/EngineMaterials/DefaultBokeh.uexp" 97
"../../../Engine/Content/EngineMaterials/DefaultBloomKernel.uasset" 98
"../../../Engine/Content/EngineMaterials/DefaultBloomKernel.uexp" 99
"../../../Engine/Content/EngineDamageTypes/DmgTypeBP_Environmental.uasset" 100
"../../../Engine/Content/EngineDamageTypes/DmgTypeBP_Environmental.uexp" 101
"../../../Engine/Content/EditorResources/S_TriggerSphere.uasset" 102
"../../../Engine/Content/EditorResources/S_TriggerSphere.uexp" 103
"../../../Engine/Content/EditorResources/S_TriggerCapsule.uasset" 104
"../../../Engine/Content/EditorResources/S_TriggerCapsule.uexp" 105
"../../../Engine/Content/EditorResources/S_TriggerBox.uasset" 106
"../../../Engine/Content/EditorResources/S_TriggerBox.uexp" 107
"../../../Engine/Content/EditorResources/S_Trigger.ubulk" 108
"../../../Engine/Content/EditorResources/S_Trigger.uasset" 109
"../../../Engine/Content/EditorResources/S_Trigger.uexp" 110
"../../../Engine/Content/EditorResources/S_Terrain.ubulk" 111
"../../../Engine/Content/EditorResources/S_Terrain.uasset" 112
"../../../Engine/Content/EditorResources/S_Terrain.uexp" 113
"../../../Engine/Content/EditorResources/S_Solver.ubulk" 114
"../../../Engine/Content/EditorResources/S_Solver.uasset" 115
"../../../Engine/Content/EditorResources/S_Solver.uexp" 116
"../../../Engine/Content/EditorResources/S_BoxReflectionCapture.uasset" 117
"../../../Engine/Content/EditorResources/S_BoxReflectionCapture.uexp" 118
"../../../Engine/Content/EditorResources/S_Actor.ubulk" 119
"../../../Engine/Content/EditorResources/S_Actor.uasset" 120
"../../../Engine/Content/EditorResources/S_Actor.uexp" 121
"../../../Engine/Content/EditorResources/BSPVertex.uasset" 122
"../../../Engine/Content/EditorResources/BSPVertex.uexp" 123
"../../../Engine/Plugins/Runtime/AudioWidgets/Content/Resources/ScrubHandleDown_Clamped.uasset" 124
"../../../Engine/Plugins/Runtime/AudioWidgets/Content/Resources/ScrubHandleDown_Clamped.uexp" 125
"../../../Engine/Content/EditorMaterials/ParticleSystems/PSysThumbnail_OOD.ubulk" 126
"../../../Engine/Content/EditorMaterials/ParticleSystems/PSysThumbnail_OOD.uasset" 127
"../../../Engine/Content/EditorMaterials/ParticleSystems/PSysThumbnail_OOD.uexp" 128
"../../../Engine/Content/EditorMaterials/ParticleSystems/PSysThumbnail_NoImage.ubulk" 129
"../../../Engine/Content/EditorMaterials/ParticleSystems/PSysThumbnail_NoImage.uasset" 130
"../../../Engine/Content/EditorMaterials/ParticleSystems/PSysThumbnail_NoImage.uexp" 131
"../../../Engine/Content/EngineResources/FilmGrains/Marcie_Grain_v3_128_M2_000.uasset" 132
"../../../Engine/Content/EngineResources/FilmGrains/Marcie_Grain_v3_128_M2_000.uexp" 133
"../../../Engine/Content/EngineResources/Development/ZenLogo_64.uasset" 134
"../../../Engine/Content/EngineResources/Development/ZenLogo_64.uexp" 135
"../../../Engine/Content/EngineMaterials/LTC/Sheen_LTC.uasset" 136
"../../../Engine/Content/EngineMaterials/LTC/Sheen_LTC.uexp" 137
"../../../Engine/Content/EngineMaterials/LTC/GGX_LTCMat.uasset" 138
"../../../Engine/Content/EngineMaterials/LTC/GGX_LTCMat.uexp" 139
"../../../Engine/Content/EngineMaterials/LTC/GGX_LTCAmp.uasset" 140
"../../../Engine/Content/EngineMaterials/LTC/GGX_LTCAmp.uexp" 141
"../../../Engine/Content/EngineMaterials/EnergyConservation/Sheen_Energy.uasset" 142
"../../../Engine/Content/EngineMaterials/EnergyConservation/Sheen_Energy.uexp" 143
"../../../Engine/Content/EngineMaterials/EnergyConservation/SheenLegacy_Energy.uasset" 144
"../../../Engine/Content/EngineMaterials/EnergyConservation/SheenLegacy_Energy.uexp" 145
"../../../Engine/Content/EngineMaterials/EnergyConservation/GGX_TransmissionEnergyArray.uasset" 146
"../../../Engine/Content/EngineMaterials/EnergyConservation/GGX_TransmissionEnergyArray.uexp" 147
"../../../Engine/Content/EngineMaterials/EnergyConservation/GGX_ReflectionEnergy.uasset" 148
"../../../Engine/Content/EngineMaterials/EnergyConservation/GGX_ReflectionEnergy.uexp" 149
"../../../Engine/Content/EngineMaterials/EnergyConservation/Diffuse_Energy.uasset" 150
"../../../Engine/Content/EngineMaterials/EnergyConservation/Diffuse_Energy.uexp" 151
"../../../Engine/Content/EditorResources/SequenceRecorder/RecordingIndicator.uasset" 152
"../../../Engine/Content/EditorResources/SequenceRecorder/RecordingIndicator.uexp" 153
"../../../Engine/Content/EditorResources/SequenceRecorder/Countdown.uasset" 154
"../../../Engine/Content/EditorResources/SequenceRecorder/Countdown.uexp" 155
"C:/Users/fritz/OneDrive/Dokumente/Schule/Diplomarbeit/da-conquerthecastle-ue5/UE5/Content/Medieval_Town/Textures/Utility/T_mask_plaster_01.ubulk" 156
"C:/Users/fritz/OneDrive/Dokumente/Schule/Diplomarbeit/da-conquerthecastle-ue5/UE5/Content/Medieval_Town/Textures/Utility/T_mask_plaster_01.uasset" 157
"C:/Users/fritz/OneDrive/Dokumente/Schule/Diplomarbeit/da-conquerthecastle-ue5/UE5/Content/Medieval_Town/Textures/Utility/T_mask_plaster_01.uexp" 158
"../../../Engine/Content/Functions/Engine_MaterialFunctions02/Utility/BreakOutFloat2Components.uasset" 159
"../../../Engine/Content/Functions/Engine_MaterialFunctions02/Utility/BreakOutFloat2Components.uexp" 160
"../../../Engine/Content/Functions/Engine_MaterialFunctions02/Utility/MakeFloat3.uasset" 161
"../../../Engine/Content/Functions/Engine_MaterialFunctions02/Utility/MakeFloat3.uexp" 162
"../../../Engine/Content/Functions/Engine_MaterialFunctions02/Utility/BreakOutFloat3Components.uasset" 163
"../../../Engine/Content/Functions/Engine_MaterialFunctions02/Utility/BreakOutFloat3Components.uexp" 164
"../../../Engine/Content/Functions/Engine_MaterialFunctions02/Utility/VectorLength.uasset" 165
"../../../Engine/Content/Functions/Engine_MaterialFunctions02/Utility/VectorLength.uexp" 166
"../../../Engine/Content/Functions/Engine_MaterialFunctions02/WorldPositionOffset/ObjectScale.uasset" 167
"../../../Engine/Content/Functions/Engine_MaterialFunctions02/WorldPositionOffset/ObjectScale.uexp" 168
"../../../Engine/Content/EngineMaterials/BlendFunc_DefBlend.uasset" 169
"../../../Engine/Content/EngineMaterials/BlendFunc_DefBlend.uexp" 170
"../../../Engine/Content/EngineMaterials/BlendFunc_DefBase.uasset" 171
"../../../Engine/Content/EngineMaterials/BlendFunc_DefBase.uexp" 172
"../../../Engine/Content/Functions/Engine_MaterialFunctions03/Blends/Blend_Overlay.uasset" 173
"../../../Engine/Content/Functions/Engine_MaterialFunctions03/Blends/Blend_Overlay.uexp" 174
"../../../Engine/Content/Functions/Engine_MaterialFunctions01/Gradient/LinearGradient.uasset" 175
"../../../Engine/Content/Functions/Engine_MaterialFunctions01/Gradient/LinearGradient.uexp" 176
"../../../Engine/Content/Functions/Engine_MaterialFunctions01/ImageAdjustment/CheapContrast.uasset" 177
"../../../Engine/Content/Functions/Engine_MaterialFunctions01/ImageAdjustment/CheapContrast.uexp" 178
"../../../Engine/Content/Functions/Engine_MaterialFunctions02/Texturing/HeightLerp.uasset" 179
"../../../Engine/Content/Functions/Engine_MaterialFunctions02/Texturing/HeightLerp.uexp" 180
"C:/Users/fritz/OneDrive/Dokumente/Schule/Diplomarbeit/da-conquerthecastle-ue5/UE5/Content/Medieval_Town/Textures/Utility/T_mask_dirt_01.ubulk" 181
"C:/Users/fritz/OneDrive/Dokumente/Schule/Diplomarbeit/da-conquerthecastle-ue5/UE5/Content/Medieval_Town/Textures/Utility/T_mask_dirt_01.uasset" 182
"C:/Users/fritz/OneDrive/Dokumente/Schule/Diplomarbeit/da-conquerthecastle-ue5/UE5/Content/Medieval_Town/Textures/Utility/T_mask_dirt_01.uexp" 183
"C:/Users/fritz/OneDrive/Dokumente/Schule/Diplomarbeit/da-conquerthecastle-ue5/UE5/Content/Medieval_Town/Textures/Utility/T_Flat_N.ubulk" 184
"C:/Users/fritz/OneDrive/Dokumente/Schule/Diplomarbeit/da-conquerthecastle-ue5/UE5/Content/Medieval_Town/Textures/Utility/T_Flat_N.uasset" 185
"C:/Users/fritz/OneDrive/Dokumente/Schule/Diplomarbeit/da-conquerthecastle-ue5/UE5/Content/Medieval_Town/Textures/Utility/T_Flat_N.uexp" 186
"C:/Users/fritz/OneDrive/Dokumente/Schule/Diplomarbeit/da-conquerthecastle-ue5/UE5/Content/Medieval_Town/Textures/Utility/T_Flat_MRAO.ubulk" 187
"C:/Users/fritz/OneDrive/Dokumente/Schule/Diplomarbeit/da-conquerthecastle-ue5/UE5/Content/Medieval_Town/Textures/Utility/T_Flat_MRAO.uasset" 188
"C:/Users/fritz/OneDrive/Dokumente/Schule/Diplomarbeit/da-conquerthecastle-ue5/UE5/Content/Medieval_Town/Textures/Utility/T_Flat_MRAO.uexp" 189
"C:/Users/fritz/OneDrive/Dokumente/Schule/Diplomarbeit/da-conquerthecastle-ue5/UE5/Content/Medieval_Town/Textures/Utility/T_Flat_M.ubulk" 190
"C:/Users/fritz/OneDrive/Dokumente/Schule/Diplomarbeit/da-conquerthecastle-ue5/UE5/Content/Medieval_Town/Textures/Utility/T_Flat_M.uasset" 191
"C:/Users/fritz/OneDrive/Dokumente/Schule/Diplomarbeit/da-conquerthecastle-ue5/UE5/Content/Medieval_Town/Textures/Utility/T_Flat_M.uexp" 192
"C:/Users/fritz/OneDrive/Dokumente/Schule/Diplomarbeit/da-conquerthecastle-ue5/UE5/Content/Medieval_Town/Textures/Utility/T_Flat_C.ubulk" 193
"C:/Users/fritz/OneDrive/Dokumente/Schule/Diplomarbeit/da-conquerthecastle-ue5/UE5/Content/Medieval_Town/Textures/Utility/T_Flat_C.uasset" 194
"C:/Users/fritz/OneDrive/Dokumente/Schule/Diplomarbeit/da-conquerthecastle-ue5/UE5/Content/Medieval_Town/Textures/Utility/T_Flat_C.uexp" 195
"C:/Users/fritz/OneDrive/Dokumente/Schule/Diplomarbeit/da-conquerthecastle-ue5/UE5/Content/Medieval_Town/Materials/Masters/MM_blend_1.uasset" 196
"C:/Users/fritz/OneDrive/Dokumente/Schule/Diplomarbeit/da-conquerthecastle-ue5/UE5/Content/Medieval_Town/Materials/Masters/MM_blend_1.uexp" 197
"C:/Users/fritz/OneDrive/Dokumente/Schule/Diplomarbeit/da-conquerthecastle-ue5/UE5/Content/Medieval_Town/Textures/Tiles/plaster_02/T_plaster_02_N.ubulk" 198
"C:/Users/fritz/OneDrive/Dokumente/Schule/Diplomarbeit/da-conquerthecastle-ue5/UE5/Content/Medieval_Town/Textures/Tiles/plaster_02/T_plaster_02_N.uasset" 199
"C:/Users/fritz/OneDrive/Dokumente/Schule/Diplomarbeit/da-conquerthecastle-ue5/UE5/Content/Medieval_Town/Textures/Tiles/plaster_02/T_plaster_02_N.uexp" 200
"C:/Users/fritz/OneDrive/Dokumente/Schule/Diplomarbeit/da-conquerthecastle-ue5/UE5/Content/Medieval_Town/Textures/Tiles/plaster_02/T_plaster_02_MRA.ubulk" 201
"C:/Users/fritz/OneDrive/Dokumente/Schule/Diplomarbeit/da-conquerthecastle-ue5/UE5/Content/Medieval_Town/Textures/Tiles/plaster_02/T_plaster_02_MRA.uasset" 202
"C:/Users/fritz/OneDrive/Dokumente/Schule/Diplomarbeit/da-conquerthecastle-ue5/UE5/Content/Medieval_Town/Textures/Tiles/plaster_02/T_plaster_02_MRA.uexp" 203
"C:/Users/fritz/OneDrive/Dokumente/Schule/Diplomarbeit/da-conquerthecastle-ue5/UE5/Content/Medieval_Town/Textures/Tiles/plaster_02/T_plaster_02_BC.ubulk" 204
"C:/Users/fritz/OneDrive/Dokumente/Schule/Diplomarbeit/da-conquerthecastle-ue5/UE5/Content/Medieval_Town/Textures/Tiles/plaster_02/T_plaster_02_BC.uasset" 205
"C:/Users/fritz/OneDrive/Dokumente/Schule/Diplomarbeit/da-conquerthecastle-ue5/UE5/Content/Medieval_Town/Textures/Tiles/plaster_02/T_plaster_02_BC.uexp" 206
"C:/Users/fritz/OneDrive/Dokumente/Schule/Diplomarbeit/da-conquerthecastle-ue5/UE5/Content/Medieval_Town/Textures/Tiles/leather_01/T_leather_01_N.ubulk" 207
"C:/Users/fritz/OneDrive/Dokumente/Schule/Diplomarbeit/da-conquerthecastle-ue5/UE5/Content/Medieval_Town/Textures/Tiles/leather_01/T_leather_01_N.uasset" 208
"C:/Users/fritz/OneDrive/Dokumente/Schule/Diplomarbeit/da-conquerthecastle-ue5/UE5/Content/Medieval_Town/Textures/Tiles/leather_01/T_leather_01_N.uexp" 209
"C:/Users/fritz/OneDrive/Dokumente/Schule/Diplomarbeit/da-conquerthecastle-ue5/UE5/Content/Medieval_Town/Textures/Tiles/leather_01/T_leather_01_MRA.ubulk" 210
"C:/Users/fritz/OneDrive/Dokumente/Schule/Diplomarbeit/da-conquerthecastle-ue5/UE5/Content/Medieval_Town/Textures/Tiles/leather_01/T_leather_01_MRA.uasset" 211
"C:/Users/fritz/OneDrive/Dokumente/Schule/Diplomarbeit/da-conquerthecastle-ue5/UE5/Content/Medieval_Town/Textures/Tiles/leather_01/T_leather_01_MRA.uexp" 212
"C:/Users/fritz/OneDrive/Dokumente/Schule/Diplomarbeit/da-conquerthecastle-ue5/UE5/Content/Medieval_Town/Textures/Tiles/leather_01/T_leather_01_BC.ubulk" 213
"C:/Users/fritz/OneDrive/Dokumente/Schule/Diplomarbeit/da-conquerthecastle-ue5/UE5/Content/Medieval_Town/Textures/Tiles/leather_01/T_leather_01_BC.uasset" 214
"C:/Users/fritz/OneDrive/Dokumente/Schule/Diplomarbeit/da-conquerthecastle-ue5/UE5/Content/Medieval_Town/Textures/Tiles/leather_01/T_leather_01_BC.uexp" 215
"C:/Users/fritz/OneDrive/Dokumente/Schule/Diplomarbeit/da-conquerthecastle-ue5/UE5/Content/Medieval_Town/Materials/Instances/tiles/MI_leather_01.uasset" 216
"C:/Users/fritz/OneDrive/Dokumente/Schule/Diplomarbeit/da-conquerthecastle-ue5/UE5/Content/Medieval_Town/Materials/Instances/tiles/MI_leather_01.uexp" 217
"C:/Users/fritz/OneDrive/Dokumente/Schule/Diplomarbeit/da-conquerthecastle-ue5/UE5/Content/Medieval_Town/Meshes/Props/SM_water_wheel_part_07.ubulk" 218
"C:/Users/fritz/OneDrive/Dokumente/Schule/Diplomarbeit/da-conquerthecastle-ue5/UE5/Content/Medieval_Town/Meshes/Props/SM_water_wheel_part_07.uasset" 219
"C:/Users/fritz/OneDrive/Dokumente/Schule/Diplomarbeit/da-conquerthecastle-ue5/UE5/Content/Medieval_Town/Meshes/Props/SM_water_wheel_part_07.uexp" 220
"C:/Users/fritz/OneDrive/Dokumente/Schule/Diplomarbeit/da-conquerthecastle-ue5/UE5/Content/Medieval_Town/Textures/Utility/T_wood_normal_detail_02.ubulk" 221
"C:/Users/fritz/OneDrive/Dokumente/Schule/Diplomarbeit/da-conquerthecastle-ue5/UE5/Content/Medieval_Town/Textures/Utility/T_wood_normal_detail_02.uasset" 222
"C:/Users/fritz/OneDrive/Dokumente/Schule/Diplomarbeit/da-conquerthecastle-ue5/UE5/Content/Medieval_Town/Textures/Utility/T_wood_normal_detail_02.uexp" 223
"C:/Users/fritz/OneDrive/Dokumente/Schule/Diplomarbeit/da-conquerthecastle-ue5/UE5/Content/Medieval_Town/Textures/Utility/T_mask_trim_wood_01.ubulk" 224
"C:/Users/fritz/OneDrive/Dokumente/Schule/Diplomarbeit/da-conquerthecastle-ue5/UE5/Content/Medieval_Town/Textures/Utility/T_mask_trim_wood_01.uasset" 225
"C:/Users/fritz/OneDrive/Dokumente/Schule/Diplomarbeit/da-conquerthecastle-ue5/UE5/Content/Medieval_Town/Textures/Utility/T_mask_trim_wood_01.uexp" 226
"../../../Engine/Content/Functions/Engine_MaterialFunctions01/Texturing/FlattenNormal.uasset" 227
"../../../Engine/Content/Functions/Engine_MaterialFunctions01/Texturing/FlattenNormal.uexp" 228
"../../../Engine/Content/Functions/Engine_MaterialFunctions02/Utility/BlendAngleCorrectedNormals.uasset" 229
"../../../Engine/Content/Functions/Engine_MaterialFunctions02/Utility/BlendAngleCorrectedNormals.uexp" 230
"../../../Engine/Content/Functions/Engine_MaterialFunctions02/SplitComponents.uasset" 231
"../../../Engine/Content/Functions/Engine_MaterialFunctions02/SplitComponents.uexp" 232
"../../../Engine/Content/EngineMaterials/DefaultDiffuse.ubulk" 233
"../../../Engine/Content/EngineMaterials/DefaultDiffuse.uasset" 234
"../../../Engine/Content/EngineMaterials/DefaultDiffuse.uexp" 235
"../../../Engine/Content/Functions/Engine_MaterialFunctions01/Texturing/WorldAlignedTexture.uasset" 236
"../../../Engine/Content/Functions/Engine_MaterialFunctions01/Texturing/WorldAlignedTexture.uexp" 237
"C:/Users/fritz/OneDrive/Dokumente/Schule/Diplomarbeit/da-conquerthecastle-ue5/UE5/Content/Medieval_Town/Textures/Utility/T_mask_trim_wood_01_01.ubulk" 238
"C:/Users/fritz/OneDrive/Dokumente/Schule/Diplomarbeit/da-conquerthecastle-ue5/UE5/Content/Medieval_Town/Textures/Utility/T_mask_trim_wood_01_01.uasset" 239
"C:/Users/fritz/OneDrive/Dokumente/Schule/Diplomarbeit/da-conquerthecastle-ue5/UE5/Content/Medieval_Town/Textures/Utility/T_mask_trim_wood_01_01.uexp" 240
"C:/Users/fritz/OneDrive/Dokumente/Schule/Diplomarbeit/da-conquerthecastle-ue5/UE5/Content/Medieval_Town/Materials/Masters/MM_blend_2.uasset" 241
"C:/Users/fritz/OneDrive/Dokumente/Schule/Diplomarbeit/da-conquerthecastle-ue5/UE5/Content/Medieval_Town/Materials/Masters/MM_blend_2.uexp" 242
"C:/Users/fritz/OneDrive/Dokumente/Schule/Diplomarbeit/da-conquerthecastle-ue5/UE5/Content/Medieval_Town/Textures/Trims/trim_wood_02/T_trim_wood_02_N.ubulk" 243
"C:/Users/fritz/OneDrive/Dokumente/Schule/Diplomarbeit/da-conquerthecastle-ue5/UE5/Content/Medieval_Town/Textures/Trims/trim_wood_02/T_trim_wood_02_N.uasset" 244
"C:/Users/fritz/OneDrive/Dokumente/Schule/Diplomarbeit/da-conquerthecastle-ue5/UE5/Content/Medieval_Town/Textures/Trims/trim_wood_02/T_trim_wood_02_N.uexp" 245
"C:/Users/fritz/OneDrive/Dokumente/Schule/Diplomarbeit/da-conquerthecastle-ue5/UE5/Content/Medieval_Town/Textures/Trims/trim_wood_02/T_trim_wood_02_MRA.ubulk" 246
"C:/Users/fritz/OneDrive/Dokumente/Schule/Diplomarbeit/da-conquerthecastle-ue5/UE5/Content/Medieval_Town/Textures/Trims/trim_wood_02/T_trim_wood_02_MRA.uasset" 247
"C:/Users/fritz/OneDrive/Dokumente/Schule/Diplomarbeit/da-conquerthecastle-ue5/UE5/Content/Medieval_Town/Textures/Trims/trim_wood_02/T_trim_wood_02_MRA.uexp" 248
"C:/Users/fritz/OneDrive/Dokumente/Schule/Diplomarbeit/da-conquerthecastle-ue5/UE5/Content/Medieval_Town/Textures/Trims/trim_wood_02/T_trim_wood_02_BC.ubulk" 249
"C:/Users/fritz/OneDrive/Dokumente/Schule/Diplomarbeit/da-conquerthecastle-ue5/UE5/Content/Medieval_Town/Textures/Trims/trim_wood_02/T_trim_wood_02_BC.uasset" 250
"C:/Users/fritz/OneDrive/Dokumente/Schule/Diplomarbeit/da-conquerthecastle-ue5/UE5/Content/Medieval_Town/Textures/Trims/trim_wood_02/T_trim_wood_02_BC.uexp" 251
"C:/Users/fritz/OneDrive/Dokumente/Schule/Diplomarbeit/da-conquerthecastle-ue5/UE5/Content/Medieval_Town/Textures/Tiles/paint_01/T_paint_01_MRA.ubulk" 252
"C:/Users/fritz/OneDrive/Dokumente/Schule/Diplomarbeit/da-conquerthecastle-ue5/UE5/Content/Medieval_Town/Textures/Tiles/paint_01/T_paint_01_MRA.uasset" 253
"C:/Users/fritz/OneDrive/Dokumente/Schule/Diplomarbeit/da-conquerthecastle-ue5/UE5/Content/Medieval_Town/Textures/Tiles/paint_01/T_paint_01_MRA.uexp" 254
"C:/Users/fritz/OneDrive/Dokumente/Schule/Diplomarbeit/da-conquerthecastle-ue5/UE5/Content/Medieval_Town/Textures/Tiles/paint_01/T_paint_01_BC.ubulk" 255
"C:/Users/fritz/OneDrive/Dokumente/Schule/Diplomarbeit/da-conquerthecastle-ue5/UE5/Content/Medieval_Town/Textures/Tiles/paint_01/T_paint_01_BC.uasset" 256
"C:/Users/fritz/OneDrive/Dokumente/Schule/Diplomarbeit/da-conquerthecastle-ue5/UE5/Content/Medieval_Town/Textures/Tiles/paint_01/T_paint_01_BC.uexp" 257
"C:/Users/fritz/OneDrive/Dokumente/Schule/Diplomarbeit/da-conquerthecastle-ue5/UE5/Content/Medieval_Town/Materials/Instances/Trims/MI_watermill_trim_wood_02.uasset" 258
"C:/Users/fritz/OneDrive/Dokumente/Schule/Diplomarbeit/da-conquerthecastle-ue5/UE5/Content/Medieval_Town/Materials/Instances/Trims/MI_watermill_trim_wood_02.uexp" 259
"C:/Users/fritz/OneDrive/Dokumente/Schule/Diplomarbeit/da-conquerthecastle-ue5/UE5/Content/Medieval_Town/Textures/Tiles/wood_planks_02/T_wood_planks_02_N.ubulk" 260
"C:/Users/fritz/OneDrive/Dokumente/Schule/Diplomarbeit/da-conquerthecastle-ue5/UE5/Content/Medieval_Town/Textures/Tiles/wood_planks_02/T_wood_planks_02_N.uasset" 261
"C:/Users/fritz/OneDrive/Dokumente/Schule/Diplomarbeit/da-conquerthecastle-ue5/UE5/Content/Medieval_Town/Textures/Tiles/wood_planks_02/T_wood_planks_02_N.uexp" 262
"C:/Users/fritz/OneDrive/Dokumente/Schule/Diplomarbeit/da-conquerthecastle-ue5/UE5/Content/Medieval_Town/Textures/Tiles/wood_planks_02/T_wood_planks_02_MRA.ubulk" 263
"C:/Users/fritz/OneDrive/Dokumente/Schule/Diplomarbeit/da-conquerthecastle-ue5/UE5/Content/Medieval_Town/Textures/Tiles/wood_planks_02/T_wood_planks_02_MRA.uasset" 264
"C:/Users/fritz/OneDrive/Dokumente/Schule/Diplomarbeit/da-conquerthecastle-ue5/UE5/Content/Medieval_Town/Textures/Tiles/wood_planks_02/T_wood_planks_02_MRA.uexp" 265
"C:/Users/fritz/OneDrive/Dokumente/Schule/Diplomarbeit/da-conquerthecastle-ue5/UE5/Content/Medieval_Town/Textures/Tiles/wood_planks_02/T_wood_planks_02_BC.ubulk" 266
"C:/Users/fritz/OneDrive/Dokumente/Schule/Diplomarbeit/da-conquerthecastle-ue5/UE5/Content/Medieval_Town/Textures/Tiles/wood_planks_02/T_wood_planks_02_BC.uasset" 267
"C:/Users/fritz/OneDrive/Dokumente/Schule/Diplomarbeit/da-conquerthecastle-ue5/UE5/Content/Medieval_Town/Textures/Tiles/wood_planks_02/T_wood_planks_02_BC.uexp" 268
"C:/Users/fritz/OneDrive/Dokumente/Schule/Diplomarbeit/da-conquerthecastle-ue5/UE5/Content/Medieval_Town/Textures/Tiles/wood_01/T_wood_01_N.ubulk" 269
"C:/Users/fritz/OneDrive/Dokumente/Schule/Diplomarbeit/da-conquerthecastle-ue5/UE5/Content/Medieval_Town/Textures/Tiles/wood_01/T_wood_01_N.uasset" 270
"C:/Users/fritz/OneDrive/Dokumente/Schule/Diplomarbeit/da-conquerthecastle-ue5/UE5/Content/Medieval_Town/Textures/Tiles/wood_01/T_wood_01_N.uexp" 271
"C:/Users/fritz/OneDrive/Dokumente/Schule/Diplomarbeit/da-conquerthecastle-ue5/UE5/Content/Medieval_Town/Textures/Tiles/wood_01/T_wood_01_MRA.ubulk" 272
"C:/Users/fritz/OneDrive/Dokumente/Schule/Diplomarbeit/da-conquerthecastle-ue5/UE5/Content/Medieval_Town/Textures/Tiles/wood_01/T_wood_01_MRA.uasset" 273
"C:/Users/fritz/OneDrive/Dokumente/Schule/Diplomarbeit/da-conquerthecastle-ue5/UE5/Content/Medieval_Town/Textures/Tiles/wood_01/T_wood_01_MRA.uexp" 274
"C:/Users/fritz/OneDrive/Dokumente/Schule/Diplomarbeit/da-conquerthecastle-ue5/UE5/Content/Medieval_Town/Textures/Tiles/wood_01/T_wood_01_BC.ubulk" 275
"C:/Users/fritz/OneDrive/Dokumente/Schule/Diplomarbeit/da-conquerthecastle-ue5/UE5/Content/Medieval_Town/Textures/Tiles/wood_01/T_wood_01_BC.uasset" 276
"C:/Users/fritz/OneDrive/Dokumente/Schule/Diplomarbeit/da-conquerthecastle-ue5/UE5/Content/Medieval_Town/Textures/Tiles/wood_01/T_wood_01_BC.uexp" 277
"C:/Users/fritz/OneDrive/Dokumente/Schule/Diplomarbeit/da-conquerthecastle-ue5/UE5/Content/Medieval_Town/Materials/Instances/tiles/MI_wood_01.uasset" 278
"C:/Users/fritz/OneDrive/Dokumente/Schule/Diplomarbeit/da-conquerthecastle-ue5/UE5/Content/Medieval_Town/Materials/Instances/tiles/MI_wood_01.uexp" 279
"C:/Users/fritz/OneDrive/Dokumente/Schule/Diplomarbeit/da-conquerthecastle-ue5/UE5/Content/Medieval_Town/Textures/Utility/T_wood_normal_detail_01.ubulk" 280
"C:/Users/fritz/OneDrive/Dokumente/Schule/Diplomarbeit/da-conquerthecastle-ue5/UE5/Content/Medieval_Town/Textures/Utility/T_wood_normal_detail_01.uasset" 281
"C:/Users/fritz/OneDrive/Dokumente/Schule/Diplomarbeit/da-conquerthecastle-ue5/UE5/Content/Medieval_Town/Textures/Utility/T_wood_normal_detail_01.uexp" 282
"C:/Users/fritz/OneDrive/Dokumente/Schule/Diplomarbeit/da-conquerthecastle-ue5/UE5/Content/Medieval_Town/Textures/Trims/wood_ends_01/T_wood_ends_01_N.ubulk" 283
"C:/Users/fritz/OneDrive/Dokumente/Schule/Diplomarbeit/da-conquerthecastle-ue5/UE5/Content/Medieval_Town/Textures/Trims/wood_ends_01/T_wood_ends_01_N.uasset" 284
"C:/Users/fritz/OneDrive/Dokumente/Schule/Diplomarbeit/da-conquerthecastle-ue5/UE5/Content/Medieval_Town/Textures/Trims/wood_ends_01/T_wood_ends_01_N.uexp" 285
"C:/Users/fritz/OneDrive/Dokumente/Schule/Diplomarbeit/da-conquerthecastle-ue5/UE5/Content/Medieval_Town/Textures/Trims/wood_ends_01/T_wood_ends_01_MRA.ubulk" 286
"C:/Users/fritz/OneDrive/Dokumente/Schule/Diplomarbeit/da-conquerthecastle-ue5/UE5/Content/Medieval_Town/Textures/Trims/wood_ends_01/T_wood_ends_01_MRA.uasset" 287
"C:/Users/fritz/OneDrive/Dokumente/Schule/Diplomarbeit/da-conquerthecastle-ue5/UE5/Content/Medieval_Town/Textures/Trims/wood_ends_01/T_wood_ends_01_MRA.uexp" 288
"C:/Users/fritz/OneDrive/Dokumente/Schule/Diplomarbeit/da-conquerthecastle-ue5/UE5/Content/Medieval_Town/Textures/Trims/wood_ends_01/T_wood_ends_01_BC.ubulk" 289
"C:/Users/fritz/OneDrive/Dokumente/Schule/Diplomarbeit/da-conquerthecastle-ue5/UE5/Content/Medieval_Town/Textures/Trims/wood_ends_01/T_wood_ends_01_BC.uasset" 290
"C:/Users/fritz/OneDrive/Dokumente/Schule/Diplomarbeit/da-conquerthecastle-ue5/UE5/Content/Medieval_Town/Textures/Trims/wood_ends_01/T_wood_ends_01_BC.uexp" 291
"C:/Users/fritz/OneDrive/Dokumente/Schule/Diplomarbeit/da-conquerthecastle-ue5/UE5/Content/Medieval_Town/Materials/Instances/Trims/MI_trim_wood_ends_02.uasset" 292
"C:/Users/fritz/OneDrive/Dokumente/Schule/Diplomarbeit/da-conquerthecastle-ue5/UE5/Content/Medieval_Town/Materials/Instances/Trims/MI_trim_wood_ends_02.uexp" 293
"C:/Users/fritz/OneDrive/Dokumente/Schule/Diplomarbeit/da-conquerthecastle-ue5/UE5/Content/Medieval_Town/Meshes/Props/SM_water_wheel_part_06.ubulk" 294
"C:/Users/fritz/OneDrive/Dokumente/Schule/Diplomarbeit/da-conquerthecastle-ue5/UE5/Content/Medieval_Town/Meshes/Props/SM_water_wheel_part_06.uasset" 295
"C:/Users/fritz/OneDrive/Dokumente/Schule/Diplomarbeit/da-conquerthecastle-ue5/UE5/Content/Medieval_Town/Meshes/Props/SM_water_wheel_part_06.uexp" 296
"C:/Users/fritz/OneDrive/Dokumente/Schule/Diplomarbeit/da-conquerthecastle-ue5/UE5/Content/Medieval_Town/Materials/Instances/Trims/MI_trim_wood_02_green.uasset" 297
"C:/Users/fritz/OneDrive/Dokumente/Schule/Diplomarbeit/da-conquerthecastle-ue5/UE5/Content/Medieval_Town/Materials/Instances/Trims/MI_trim_wood_02_green.uexp" 298
"C:/Users/fritz/OneDrive/Dokumente/Schule/Diplomarbeit/da-conquerthecastle-ue5/UE5/Content/Medieval_Town/Textures/Tiles/iron_01/T_iron_01_N.ubulk" 299
"C:/Users/fritz/OneDrive/Dokumente/Schule/Diplomarbeit/da-conquerthecastle-ue5/UE5/Content/Medieval_Town/Textures/Tiles/iron_01/T_iron_01_N.uasset" 300
"C:/Users/fritz/OneDrive/Dokumente/Schule/Diplomarbeit/da-conquerthecastle-ue5/UE5/Content/Medieval_Town/Textures/Tiles/iron_01/T_iron_01_N.uexp" 301
"C:/Users/fritz/OneDrive/Dokumente/Schule/Diplomarbeit/da-conquerthecastle-ue5/UE5/Content/Medieval_Town/Textures/Tiles/iron_01/T_iron_01_MRA.ubulk" 302
"C:/Users/fritz/OneDrive/Dokumente/Schule/Diplomarbeit/da-conquerthecastle-ue5/UE5/Content/Medieval_Town/Textures/Tiles/iron_01/T_iron_01_MRA.uasset" 303
"C:/Users/fritz/OneDrive/Dokumente/Schule/Diplomarbeit/da-conquerthecastle-ue5/UE5/Content/Medieval_Town/Textures/Tiles/iron_01/T_iron_01_MRA.uexp" 304
"C:/Users/fritz/OneDrive/Dokumente/Schule/Diplomarbeit/da-conquerthecastle-ue5/UE5/Content/Medieval_Town/Textures/Tiles/iron_01/T_iron_01_BC.ubulk" 305
"C:/Users/fritz/OneDrive/Dokumente/Schule/Diplomarbeit/da-conquerthecastle-ue5/UE5/Content/Medieval_Town/Textures/Tiles/iron_01/T_iron_01_BC.uasset" 306
"C:/Users/fritz/OneDrive/Dokumente/Schule/Diplomarbeit/da-conquerthecastle-ue5/UE5/Content/Medieval_Town/Textures/Tiles/iron_01/T_iron_01_BC.uexp" 307
"C:/Users/fritz/OneDrive/Dokumente/Schule/Diplomarbeit/da-conquerthecastle-ue5/UE5/Content/Medieval_Town/Materials/Instances/tiles/MI_iron_01.uasset" 308
"C:/Users/fritz/OneDrive/Dokumente/Schule/Diplomarbeit/da-conquerthecastle-ue5/UE5/Content/Medieval_Town/Materials/Instances/tiles/MI_iron_01.uexp" 309
"C:/Users/fritz/OneDrive/Dokumente/Schule/Diplomarbeit/da-conquerthecastle-ue5/UE5/Content/Medieval_Town/Meshes/Props/SM_water_wheel_part_05.ubulk" 310
"C:/Users/fritz/OneDrive/Dokumente/Schule/Diplomarbeit/da-conquerthecastle-ue5/UE5/Content/Medieval_Town/Meshes/Props/SM_water_wheel_part_05.uasset" 311
"C:/Users/fritz/OneDrive/Dokumente/Schule/Diplomarbeit/da-conquerthecastle-ue5/UE5/Content/Medieval_Town/Meshes/Props/SM_water_wheel_part_05.uexp" 312
"C:/Users/fritz/OneDrive/Dokumente/Schule/Diplomarbeit/da-conquerthecastle-ue5/UE5/Content/Medieval_Town/Meshes/Props/SM_water_wheel_part_04.ubulk" 313
"C:/Users/fritz/OneDrive/Dokumente/Schule/Diplomarbeit/da-conquerthecastle-ue5/UE5/Content/Medieval_Town/Meshes/Props/SM_water_wheel_part_04.uasset" 314
"C:/Users/fritz/OneDrive/Dokumente/Schule/Diplomarbeit/da-conquerthecastle-ue5/UE5/Content/Medieval_Town/Meshes/Props/SM_water_wheel_part_04.uexp" 315
"C:/Users/fritz/OneDrive/Dokumente/Schule/Diplomarbeit/da-conquerthecastle-ue5/UE5/Content/Medieval_Town/Meshes/Props/SM_water_wheel_part_03.ubulk" 316
"C:/Users/fritz/OneDrive/Dokumente/Schule/Diplomarbeit/da-conquerthecastle-ue5/UE5/Content/Medieval_Town/Meshes/Props/SM_water_wheel_part_03.uasset" 317
"C:/Users/fritz/OneDrive/Dokumente/Schule/Diplomarbeit/da-conquerthecastle-ue5/UE5/Content/Medieval_Town/Meshes/Props/SM_water_wheel_part_03.uexp" 318
"C:/Users/fritz/OneDrive/Dokumente/Schule/Diplomarbeit/da-conquerthecastle-ue5/UE5/Content/Medieval_Town/Textures/Trims/trim_wood_01/T_trim_wood_01_N.ubulk" 319
"C:/Users/fritz/OneDrive/Dokumente/Schule/Diplomarbeit/da-conquerthecastle-ue5/UE5/Content/Medieval_Town/Textures/Trims/trim_wood_01/T_trim_wood_01_N.uasset" 320
"C:/Users/fritz/OneDrive/Dokumente/Schule/Diplomarbeit/da-conquerthecastle-ue5/UE5/Content/Medieval_Town/Textures/Trims/trim_wood_01/T_trim_wood_01_N.uexp" 321
"C:/Users/fritz/OneDrive/Dokumente/Schule/Diplomarbeit/da-conquerthecastle-ue5/UE5/Content/Medieval_Town/Textures/Trims/trim_wood_01/T_trim_wood_01_MRA.ubulk" 322
"C:/Users/fritz/OneDrive/Dokumente/Schule/Diplomarbeit/da-conquerthecastle-ue5/UE5/Content/Medieval_Town/Textures/Trims/trim_wood_01/T_trim_wood_01_MRA.uasset" 323
"C:/Users/fritz/OneDrive/Dokumente/Schule/Diplomarbeit/da-conquerthecastle-ue5/UE5/Content/Medieval_Town/Textures/Trims/trim_wood_01/T_trim_wood_01_MRA.uexp" 324
"C:/Users/fritz/OneDrive/Dokumente/Schule/Diplomarbeit/da-conquerthecastle-ue5/UE5/Content/Medieval_Town/Textures/Trims/trim_wood_01/T_trim_wood_01_BC.ubulk" 325
"C:/Users/fritz/OneDrive/Dokumente/Schule/Diplomarbeit/da-conquerthecastle-ue5/UE5/Content/Medieval_Town/Textures/Trims/trim_wood_01/T_trim_wood_01_BC.uasset" 326
"C:/Users/fritz/OneDrive/Dokumente/Schule/Diplomarbeit/da-conquerthecastle-ue5/UE5/Content/Medieval_Town/Textures/Trims/trim_wood_01/T_trim_wood_01_BC.uexp" 327
"C:/Users/fritz/OneDrive/Dokumente/Schule/Diplomarbeit/da-conquerthecastle-ue5/UE5/Content/Medieval_Town/Materials/Instances/Trims/MI_trim_wood_01_brown.uasset" 328
"C:/Users/fritz/OneDrive/Dokumente/Schule/Diplomarbeit/da-conquerthecastle-ue5/UE5/Content/Medieval_Town/Materials/Instances/Trims/MI_trim_wood_01_brown.uexp" 329
"C:/Users/fritz/OneDrive/Dokumente/Schule/Diplomarbeit/da-conquerthecastle-ue5/UE5/Content/Medieval_Town/Meshes/Props/SM_water_wheel_part_02.ubulk" 330
"C:/Users/fritz/OneDrive/Dokumente/Schule/Diplomarbeit/da-conquerthecastle-ue5/UE5/Content/Medieval_Town/Meshes/Props/SM_water_wheel_part_02.uasset" 331
"C:/Users/fritz/OneDrive/Dokumente/Schule/Diplomarbeit/da-conquerthecastle-ue5/UE5/Content/Medieval_Town/Meshes/Props/SM_water_wheel_part_02.uexp" 332
"C:/Users/fritz/OneDrive/Dokumente/Schule/Diplomarbeit/da-conquerthecastle-ue5/UE5/Content/Medieval_Town/Textures/Utility/T_Flat_E.ubulk" 333
"C:/Users/fritz/OneDrive/Dokumente/Schule/Diplomarbeit/da-conquerthecastle-ue5/UE5/Content/Medieval_Town/Textures/Utility/T_Flat_E.uasset" 334
"C:/Users/fritz/OneDrive/Dokumente/Schule/Diplomarbeit/da-conquerthecastle-ue5/UE5/Content/Medieval_Town/Textures/Utility/T_Flat_E.uexp" 335
"C:/Users/fritz/OneDrive/Dokumente/Schule/Diplomarbeit/da-conquerthecastle-ue5/UE5/Content/Medieval_Town/Materials/Masters/MM_props.uasset" 336
"C:/Users/fritz/OneDrive/Dokumente/Schule/Diplomarbeit/da-conquerthecastle-ue5/UE5/Content/Medieval_Town/Materials/Masters/MM_props.uexp" 337
"C:/Users/fritz/OneDrive/Dokumente/Schule/Diplomarbeit/da-conquerthecastle-ue5/UE5/Content/Medieval_Town/Textures/Tiles/wood_log_01/T_wood_log_01_N.ubulk" 338
"C:/Users/fritz/OneDrive/Dokumente/Schule/Diplomarbeit/da-conquerthecastle-ue5/UE5/Content/Medieval_Town/Textures/Tiles/wood_log_01/T_wood_log_01_N.uasset" 339
"C:/Users/fritz/OneDrive/Dokumente/Schule/Diplomarbeit/da-conquerthecastle-ue5/UE5/Content/Medieval_Town/Textures/Tiles/wood_log_01/T_wood_log_01_N.uexp" 340
"C:/Users/fritz/OneDrive/Dokumente/Schule/Diplomarbeit/da-conquerthecastle-ue5/UE5/Content/Medieval_Town/Textures/Tiles/wood_log_01/T_wood_log_01_MRA.ubulk" 341
"C:/Users/fritz/OneDrive/Dokumente/Schule/Diplomarbeit/da-conquerthecastle-ue5/UE5/Content/Medieval_Town/Textures/Tiles/wood_log_01/T_wood_log_01_MRA.uasset" 342
"C:/Users/fritz/OneDrive/Dokumente/Schule/Diplomarbeit/da-conquerthecastle-ue5/UE5/Content/Medieval_Town/Textures/Tiles/wood_log_01/T_wood_log_01_MRA.uexp" 343
"C:/Users/fritz/OneDrive/Dokumente/Schule/Diplomarbeit/da-conquerthecastle-ue5/UE5/Content/Medieval_Town/Textures/Tiles/wood_log_01/T_wood_log_01_BC.ubulk" 344
"C:/Users/fritz/OneDrive/Dokumente/Schule/Diplomarbeit/da-conquerthecastle-ue5/UE5/Content/Medieval_Town/Textures/Tiles/wood_log_01/T_wood_log_01_BC.uasset" 345
"C:/Users/fritz/OneDrive/Dokumente/Schule/Diplomarbeit/da-conquerthecastle-ue5/UE5/Content/Medieval_Town/Textures/Tiles/wood_log_01/T_wood_log_01_BC.uexp" 346
"C:/Users/fritz/OneDrive/Dokumente/Schule/Diplomarbeit/da-conquerthecastle-ue5/UE5/Content/Medieval_Town/Materials/Instances/MI_wood_log_01.uasset" 347
"C:/Users/fritz/OneDrive/Dokumente/Schule/Diplomarbeit/da-conquerthecastle-ue5/UE5/Content/Medieval_Town/Materials/Instances/MI_wood_log_01.uexp" 348
"C:/Users/fritz/OneDrive/Dokumente/Schule/Diplomarbeit/da-conquerthecastle-ue5/UE5/Content/Medieval_Town/Textures/Tiles/wood_02/T_wood_02_N.ubulk" 349
"C:/Users/fritz/OneDrive/Dokumente/Schule/Diplomarbeit/da-conquerthecastle-ue5/UE5/Content/Medieval_Town/Textures/Tiles/wood_02/T_wood_02_N.uasset" 350
"C:/Users/fritz/OneDrive/Dokumente/Schule/Diplomarbeit/da-conquerthecastle-ue5/UE5/Content/Medieval_Town/Textures/Tiles/wood_02/T_wood_02_N.uexp" 351
"C:/Users/fritz/OneDrive/Dokumente/Schule/Diplomarbeit/da-conquerthecastle-ue5/UE5/Content/Medieval_Town/Textures/Tiles/wood_02/T_wood_02_MRA.ubulk" 352
"C:/Users/fritz/OneDrive/Dokumente/Schule/Diplomarbeit/da-conquerthecastle-ue5/UE5/Content/Medieval_Town/Textures/Tiles/wood_02/T_wood_02_MRA.uasset" 353
"C:/Users/fritz/OneDrive/Dokumente/Schule/Diplomarbeit/da-conquerthecastle-ue5/UE5/Content/Medieval_Town/Textures/Tiles/wood_02/T_wood_02_MRA.uexp" 354
"C:/Users/fritz/OneDrive/Dokumente/Schule/Diplomarbeit/da-conquerthecastle-ue5/UE5/Content/Medieval_Town/Textures/Tiles/wood_02/T_wood_02_BC.ubulk" 355
"C:/Users/fritz/OneDrive/Dokumente/Schule/Diplomarbeit/da-conquerthecastle-ue5/UE5/Content/Medieval_Town/Textures/Tiles/wood_02/T_wood_02_BC.uasset" 356
"C:/Users/fritz/OneDrive/Dokumente/Schule/Diplomarbeit/da-conquerthecastle-ue5/UE5/Content/Medieval_Town/Textures/Tiles/wood_02/T_wood_02_BC.uexp" 357
"C:/Users/fritz/OneDrive/Dokumente/Schule/Diplomarbeit/da-conquerthecastle-ue5/UE5/Content/Medieval_Town/Materials/Instances/tiles/MI_watermill_wood_02.uasset" 358
"C:/Users/fritz/OneDrive/Dokumente/Schule/Diplomarbeit/da-conquerthecastle-ue5/UE5/Content/Medieval_Town/Materials/Instances/tiles/MI_watermill_wood_02.uexp" 359
"C:/Users/fritz/OneDrive/Dokumente/Schule/Diplomarbeit/da-conquerthecastle-ue5/UE5/Content/Medieval_Town/Meshes/Props/SM_water_wheel_part_01.ubulk" 360
"C:/Users/fritz/OneDrive/Dokumente/Schule/Diplomarbeit/da-conquerthecastle-ue5/UE5/Content/Medieval_Town/Meshes/Props/SM_water_wheel_part_01.uasset" 361
"C:/Users/fritz/OneDrive/Dokumente/Schule/Diplomarbeit/da-conquerthecastle-ue5/UE5/Content/Medieval_Town/Meshes/Props/SM_water_wheel_part_01.uexp" 362
"C:/Users/fritz/OneDrive/Dokumente/Schule/Diplomarbeit/da-conquerthecastle-ue5/UE5/Content/Medieval_Town/Blueprints/BP_whater_wheel_part_01.uasset" 363
"C:/Users/fritz/OneDrive/Dokumente/Schule/Diplomarbeit/da-conquerthecastle-ue5/UE5/Content/Medieval_Town/Blueprints/BP_whater_wheel_part_01.uexp" 364
"../../../Engine/Content/EditorBlueprintResources/StandardMacros.uasset" 365
"../../../Engine/Content/EditorBlueprintResources/StandardMacros.uexp" 366
"C:/Users/fritz/OneDrive/Dokumente/Schule/Diplomarbeit/da-conquerthecastle-ue5/UE5/Content/Medieval_Town/Blueprints/BP_parent_spline_01.uasset" 367
"C:/Users/fritz/OneDrive/Dokumente/Schule/Diplomarbeit/da-conquerthecastle-ue5/UE5/Content/Medieval_Town/Blueprints/BP_parent_spline_01.uexp" 368
"C:/Users/fritz/OneDrive/Dokumente/Schule/Diplomarbeit/da-conquerthecastle-ue5/UE5/Content/Medieval_Town/Blueprints/BP_spline_01.uasset" 369
"C:/Users/fritz/OneDrive/Dokumente/Schule/Diplomarbeit/da-conquerthecastle-ue5/UE5/Content/Medieval_Town/Blueprints/BP_spline_01.uexp" 370
"../../../Engine/Content/EngineMaterials/T_Default_Material_Grid_M.ubulk" 371
"../../../Engine/Content/EngineMaterials/T_Default_Material_Grid_M.uasset" 372
"../../../Engine/Content/EngineMaterials/T_Default_Material_Grid_M.uexp" 373
"../../../Engine/Content/Functions/Engine_MaterialFunctions01/Opacity/CameraDepthFade.uasset" 374
"../../../Engine/Content/Functions/Engine_MaterialFunctions01/Opacity/CameraDepthFade.uexp" 375
"../../../Engine/Content/EngineMaterials/T_Default_Material_Grid_N.ubulk" 376
"../../../Engine/Content/EngineMaterials/T_Default_Material_Grid_N.uasset" 377
"../../../Engine/Content/EngineMaterials/T_Default_Material_Grid_N.uexp" 378
"../../../Engine/Content/EngineMaterials/WorldGridMaterial.uasset" 379
"../../../Engine/Content/EngineMaterials/WorldGridMaterial.uexp" 380
"../../../Engine/Content/BasicShapes/Plane.ubulk" 381
"../../../Engine/Content/BasicShapes/Plane.uasset" 382
"../../../Engine/Content/BasicShapes/Plane.uexp" 383
"C:/Users/fritz/OneDrive/Dokumente/Schule/Diplomarbeit/da-conquerthecastle-ue5/UE5/Content/Medieval_Town/VFX/Textures/T_Cloud_Tile.ubulk" 384
"C:/Users/fritz/OneDrive/Dokumente/Schule/Diplomarbeit/da-conquerthecastle-ue5/UE5/Content/Medieval_Town/VFX/Textures/T_Cloud_Tile.uasset" 385
"C:/Users/fritz/OneDrive/Dokumente/Schule/Diplomarbeit/da-conquerthecastle-ue5/UE5/Content/Medieval_Town/VFX/Textures/T_Cloud_Tile.uexp" 386
"C:/Users/fritz/OneDrive/Dokumente/Schule/Diplomarbeit/da-conquerthecastle-ue5/UE5/Content/Medieval_Town/VFX/Textures/T_Cloud_RadientMask.ubulk" 387
"C:/Users/fritz/OneDrive/Dokumente/Schule/Diplomarbeit/da-conquerthecastle-ue5/UE5/Content/Medieval_Town/VFX/Textures/T_Cloud_RadientMask.uasset" 388
"C:/Users/fritz/OneDrive/Dokumente/Schule/Diplomarbeit/da-conquerthecastle-ue5/UE5/Content/Medieval_Town/VFX/Textures/T_Cloud_RadientMask.uexp" 389
"C:/Users/fritz/OneDrive/Dokumente/Schule/Diplomarbeit/da-conquerthecastle-ue5/UE5/Content/Medieval_Town/VFX/Materials/M_Plate_Fog.uasset" 390
"C:/Users/fritz/OneDrive/Dokumente/Schule/Diplomarbeit/da-conquerthecastle-ue5/UE5/Content/Medieval_Town/VFX/Materials/M_Plate_Fog.uexp" 391
"C:/Users/fritz/OneDrive/Dokumente/Schule/Diplomarbeit/da-conquerthecastle-ue5/UE5/Content/Medieval_Town/VFX/Materials/MI_Plate_Fog.uasset" 392
"C:/Users/fritz/OneDrive/Dokumente/Schule/Diplomarbeit/da-conquerthecastle-ue5/UE5/Content/Medieval_Town/VFX/Materials/MI_Plate_Fog.uexp" 393
"C:/Users/fritz/OneDrive/Dokumente/Schule/Diplomarbeit/da-conquerthecastle-ue5/UE5/Content/Medieval_Town/VFX/FogCard/FX_fog_Card.uasset" 394
"C:/Users/fritz/OneDrive/Dokumente/Schule/Diplomarbeit/da-conquerthecastle-ue5/UE5/Content/Medieval_Town/VFX/FogCard/FX_fog_Card.uexp" 395
"C:/Users/fritz/OneDrive/Dokumente/Schule/Diplomarbeit/da-conquerthecastle-ue5/UE5/Content/Medieval_Town/Textures/Unique/fence_metal_01/T_fence_metal_01_N.ubulk" 396
"C:/Users/fritz/OneDrive/Dokumente/Schule/Diplomarbeit/da-conquerthecastle-ue5/UE5/Content/Medieval_Town/Textures/Unique/fence_metal_01/T_fence_metal_01_N.uasset" 397
"C:/Users/fritz/OneDrive/Dokumente/Schule/Diplomarbeit/da-conquerthecastle-ue5/UE5/Content/Medieval_Town/Textures/Unique/fence_metal_01/T_fence_metal_01_N.uexp" 398
"C:/Users/fritz/OneDrive/Dokumente/Schule/Diplomarbeit/da-conquerthecastle-ue5/UE5/Content/Medieval_Town/Textures/Unique/fence_metal_01/T_fence_metal_01_MRA.ubulk" 399
"C:/Users/fritz/OneDrive/Dokumente/Schule/Diplomarbeit/da-conquerthecastle-ue5/UE5/Content/Medieval_Town/Textures/Unique/fence_metal_01/T_fence_metal_01_MRA.uasset" 400
"C:/Users/fritz/OneDrive/Dokumente/Schule/Diplomarbeit/da-conquerthecastle-ue5/UE5/Content/Medieval_Town/Textures/Unique/fence_metal_01/T_fence_metal_01_MRA.uexp" 401
"C:/Users/fritz/OneDrive/Dokumente/Schule/Diplomarbeit/da-conquerthecastle-ue5/UE5/Content/Medieval_Town/Textures/Unique/fence_metal_01/T_fence_metal_01_BC.ubulk" 402
"C:/Users/fritz/OneDrive/Dokumente/Schule/Diplomarbeit/da-conquerthecastle-ue5/UE5/Content/Medieval_Town/Textures/Unique/fence_metal_01/T_fence_metal_01_BC.uasset" 403
"C:/Users/fritz/OneDrive/Dokumente/Schule/Diplomarbeit/da-conquerthecastle-ue5/UE5/Content/Medieval_Town/Textures/Unique/fence_metal_01/T_fence_metal_01_BC.uexp" 404
"C:/Users/fritz/OneDrive/Dokumente/Schule/Diplomarbeit/da-conquerthecastle-ue5/UE5/Content/Medieval_Town/Materials/Instances/MI_fence_metal_01.uasset" 405
"C:/Users/fritz/OneDrive/Dokumente/Schule/Diplomarbeit/da-conquerthecastle-ue5/UE5/Content/Medieval_Town/Materials/Instances/MI_fence_metal_01.uexp" 406
"C:/Users/fritz/OneDrive/Dokumente/Schule/Diplomarbeit/da-conquerthecastle-ue5/UE5/Content/Medieval_Town/Meshes/Props/SM_flowerpot_01.ubulk" 407
"C:/Users/fritz/OneDrive/Dokumente/Schule/Diplomarbeit/da-conquerthecastle-ue5/UE5/Content/Medieval_Town/Meshes/Props/SM_flowerpot_01.uasset" 408
"C:/Users/fritz/OneDrive/Dokumente/Schule/Diplomarbeit/da-conquerthecastle-ue5/UE5/Content/Medieval_Town/Meshes/Props/SM_flowerpot_01.uexp" 409
"C:/Users/fritz/OneDrive/Dokumente/Schule/Diplomarbeit/da-conquerthecastle-ue5/UE5/Content/Medieval_Town/Textures/Tiles/bricks_01/T_bricks_01_N.ubulk" 410
"C:/Users/fritz/OneDrive/Dokumente/Schule/Diplomarbeit/da-conquerthecastle-ue5/UE5/Content/Medieval_Town/Textures/Tiles/bricks_01/T_bricks_01_N.uasset" 411
"C:/Users/fritz/OneDrive/Dokumente/Schule/Diplomarbeit/da-conquerthecastle-ue5/UE5/Content/Medieval_Town/Textures/Tiles/bricks_01/T_bricks_01_N.uexp" 412
"C:/Users/fritz/OneDrive/Dokumente/Schule/Diplomarbeit/da-conquerthecastle-ue5/UE5/Content/Medieval_Town/Textures/Tiles/bricks_01/T_bricks_01_MRA.ubulk" 413
"C:/Users/fritz/OneDrive/Dokumente/Schule/Diplomarbeit/da-conquerthecastle-ue5/UE5/Content/Medieval_Town/Textures/Tiles/bricks_01/T_bricks_01_MRA.uasset" 414
"C:/Users/fritz/OneDrive/Dokumente/Schule/Diplomarbeit/da-conquerthecastle-ue5/UE5/Content/Medieval_Town/Textures/Tiles/bricks_01/T_bricks_01_MRA.uexp" 415
"C:/Users/fritz/OneDrive/Dokumente/Schule/Diplomarbeit/da-conquerthecastle-ue5/UE5/Content/Medieval_Town/Textures/Tiles/bricks_01/T_bricks_01_BC.ubulk" 416
"C:/Users/fritz/OneDrive/Dokumente/Schule/Diplomarbeit/da-conquerthecastle-ue5/UE5/Content/Medieval_Town/Textures/Tiles/bricks_01/T_bricks_01_BC.uasset" 417
"C:/Users/fritz/OneDrive/Dokumente/Schule/Diplomarbeit/da-conquerthecastle-ue5/UE5/Content/Medieval_Town/Textures/Tiles/bricks_01/T_bricks_01_BC.uexp" 418
"C:/Users/fritz/OneDrive/Dokumente/Schule/Diplomarbeit/da-conquerthecastle-ue5/UE5/Content/Medieval_Town/Materials/Instances/tiles/MI_bricks_01.uasset" 419
"C:/Users/fritz/OneDrive/Dokumente/Schule/Diplomarbeit/da-conquerthecastle-ue5/UE5/Content/Medieval_Town/Materials/Instances/tiles/MI_bricks_01.uexp" 420
"C:/Users/fritz/OneDrive/Dokumente/Schule/Diplomarbeit/da-conquerthecastle-ue5/UE5/Content/Medieval_Town/Textures/Tiles/plaster_01/T_plaster_01_N.ubulk" 421
"C:/Users/fritz/OneDrive/Dokumente/Schule/Diplomarbeit/da-conquerthecastle-ue5/UE5/Content/Medieval_Town/Textures/Tiles/plaster_01/T_plaster_01_N.uasset" 422
"C:/Users/fritz/OneDrive/Dokumente/Schule/Diplomarbeit/da-conquerthecastle-ue5/UE5/Content/Medieval_Town/Textures/Tiles/plaster_01/T_plaster_01_N.uexp" 423
"C:/Users/fritz/OneDrive/Dokumente/Schule/Diplomarbeit/da-conquerthecastle-ue5/UE5/Content/Medieval_Town/Textures/Tiles/plaster_01/T_plaster_01_MRA.ubulk" 424
"C:/Users/fritz/OneDrive/Dokumente/Schule/Diplomarbeit/da-conquerthecastle-ue5/UE5/Content/Medieval_Town/Textures/Tiles/plaster_01/T_plaster_01_MRA.uasset" 425
"C:/Users/fritz/OneDrive/Dokumente/Schule/Diplomarbeit/da-conquerthecastle-ue5/UE5/Content/Medieval_Town/Textures/Tiles/plaster_01/T_plaster_01_MRA.uexp" 426
"C:/Users/fritz/OneDrive/Dokumente/Schule/Diplomarbeit/da-conquerthecastle-ue5/UE5/Content/Medieval_Town/Textures/Tiles/plaster_01/T_plaster_01_BC.ubulk" 427
"C:/Users/fritz/OneDrive/Dokumente/Schule/Diplomarbeit/da-conquerthecastle-ue5/UE5/Content/Medieval_Town/Textures/Tiles/plaster_01/T_plaster_01_BC.uasset" 428
"C:/Users/fritz/OneDrive/Dokumente/Schule/Diplomarbeit/da-conquerthecastle-ue5/UE5/Content/Medieval_Town/Textures/Tiles/plaster_01/T_plaster_01_BC.uexp" 429
"C:/Users/fritz/OneDrive/Dokumente/Schule/Diplomarbeit/da-conquerthecastle-ue5/UE5/Content/Medieval_Town/Materials/Instances/tiles/MI_plaster_01.uasset" 430
"C:/Users/fritz/OneDrive/Dokumente/Schule/Diplomarbeit/da-conquerthecastle-ue5/UE5/Content/Medieval_Town/Materials/Instances/tiles/MI_plaster_01.uexp" 431
"C:/Users/fritz/OneDrive/Dokumente/Schule/Diplomarbeit/da-conquerthecastle-ue5/UE5/Content/Medieval_Town/Textures/Trims/trim_roof_top_01/T_roof_top_01_N.ubulk" 432
"C:/Users/fritz/OneDrive/Dokumente/Schule/Diplomarbeit/da-conquerthecastle-ue5/UE5/Content/Medieval_Town/Textures/Trims/trim_roof_top_01/T_roof_top_01_N.uasset" 433
"C:/Users/fritz/OneDrive/Dokumente/Schule/Diplomarbeit/da-conquerthecastle-ue5/UE5/Content/Medieval_Town/Textures/Trims/trim_roof_top_01/T_roof_top_01_N.uexp" 434
"C:/Users/fritz/OneDrive/Dokumente/Schule/Diplomarbeit/da-conquerthecastle-ue5/UE5/Content/Medieval_Town/Textures/Trims/trim_roof_top_01/T_roof_top_01_MRA.ubulk" 435
"C:/Users/fritz/OneDrive/Dokumente/Schule/Diplomarbeit/da-conquerthecastle-ue5/UE5/Content/Medieval_Town/Textures/Trims/trim_roof_top_01/T_roof_top_01_MRA.uasset" 436
"C:/Users/fritz/OneDrive/Dokumente/Schule/Diplomarbeit/da-conquerthecastle-ue5/UE5/Content/Medieval_Town/Textures/Trims/trim_roof_top_01/T_roof_top_01_MRA.uexp" 437
"C:/Users/fritz/OneDrive/Dokumente/Schule/Diplomarbeit/da-conquerthecastle-ue5/UE5/Content/Medieval_Town/Textures/Trims/trim_roof_top_01/T_roof_top_01_BC.ubulk" 438
"C:/Users/fritz/OneDrive/Dokumente/Schule/Diplomarbeit/da-conquerthecastle-ue5/UE5/Content/Medieval_Town/Textures/Trims/trim_roof_top_01/T_roof_top_01_BC.uasset" 439
"C:/Users/fritz/OneDrive/Dokumente/Schule/Diplomarbeit/da-conquerthecastle-ue5/UE5/Content/Medieval_Town/Textures/Trims/trim_roof_top_01/T_roof_top_01_BC.uexp" 440
"C:/Users/fritz/OneDrive/Dokumente/Schule/Diplomarbeit/da-conquerthecastle-ue5/UE5/Content/Medieval_Town/Textures/Tiles/roof_shingle_02/T_roof_shingle_02_N.ubulk" 441
"C:/Users/fritz/OneDrive/Dokumente/Schule/Diplomarbeit/da-conquerthecastle-ue5/UE5/Content/Medieval_Town/Textures/Tiles/roof_shingle_02/T_roof_shingle_02_N.uasset" 442
"C:/Users/fritz/OneDrive/Dokumente/Schule/Diplomarbeit/da-conquerthecastle-ue5/UE5/Content/Medieval_Town/Textures/Tiles/roof_shingle_02/T_roof_shingle_02_N.uexp" 443
"C:/Users/fritz/OneDrive/Dokumente/Schule/Diplomarbeit/da-conquerthecastle-ue5/UE5/Content/Medieval_Town/Textures/Tiles/roof_shingle_02/T_roof_shingle_02_MRA.ubulk" 444
"C:/Users/fritz/OneDrive/Dokumente/Schule/Diplomarbeit/da-conquerthecastle-ue5/UE5/Content/Medieval_Town/Textures/Tiles/roof_shingle_02/T_roof_shingle_02_MRA.uasset" 445
"C:/Users/fritz/OneDrive/Dokumente/Schule/Diplomarbeit/da-conquerthecastle-ue5/UE5/Content/Medieval_Town/Textures/Tiles/roof_shingle_02/T_roof_shingle_02_MRA.uexp" 446
"C:/Users/fritz/OneDrive/Dokumente/Schule/Diplomarbeit/da-conquerthecastle-ue5/UE5/Content/Medieval_Town/Textures/Tiles/roof_shingle_02/T_roof_shingle_02_BC.ubulk" 447
"C:/Users/fritz/OneDrive/Dokumente/Schule/Diplomarbeit/da-conquerthecastle-ue5/UE5/Content/Medieval_Town/Textures/Tiles/roof_shingle_02/T_roof_shingle_02_BC.uasset" 448
"C:/Users/fritz/OneDrive/Dokumente/Schule/Diplomarbeit/da-conquerthecastle-ue5/UE5/Content/Medieval_Town/Textures/Tiles/roof_shingle_02/T_roof_shingle_02_BC.uexp" 449
"C:/Users/fritz/OneDrive/Dokumente/Schule/Diplomarbeit/da-conquerthecastle-ue5/UE5/Content/Medieval_Town/Materials/Instances/Trims/MI_roof_top_01.uasset" 450
"C:/Users/fritz/OneDrive/Dokumente/Schule/Diplomarbeit/da-conquerthecastle-ue5/UE5/Content/Medieval_Town/Materials/Instances/Trims/MI_roof_top_01.uexp" 451
"C:/Users/fritz/OneDrive/Dokumente/Schule/Diplomarbeit/da-conquerthecastle-ue5/UE5/Content/Medieval_Town/Meshes/Architecture/SM_chimney_02.ubulk" 452
"C:/Users/fritz/OneDrive/Dokumente/Schule/Diplomarbeit/da-conquerthecastle-ue5/UE5/Content/Medieval_Town/Meshes/Architecture/SM_chimney_02.uasset" 453
"C:/Users/fritz/OneDrive/Dokumente/Schule/Diplomarbeit/da-conquerthecastle-ue5/UE5/Content/Medieval_Town/Meshes/Architecture/SM_chimney_02.uexp" 454
"C:/Users/fritz/OneDrive/Dokumente/Schule/Diplomarbeit/da-conquerthecastle-ue5/UE5/Content/Medieval_Town/Meshes/Architecture/SM_chimney_01.ubulk" 455
"C:/Users/fritz/OneDrive/Dokumente/Schule/Diplomarbeit/da-conquerthecastle-ue5/UE5/Content/Medieval_Town/Meshes/Architecture/SM_chimney_01.uasset" 456
"C:/Users/fritz/OneDrive/Dokumente/Schule/Diplomarbeit/da-conquerthecastle-ue5/UE5/Content/Medieval_Town/Meshes/Architecture/SM_chimney_01.uexp" 457
"C:/Users/fritz/OneDrive/Dokumente/Schule/Diplomarbeit/da-conquerthecastle-ue5/UE5/Content/Medieval_Town/Textures/Utility/T_mask_glass_dirt_01.ubulk" 458
"C:/Users/fritz/OneDrive/Dokumente/Schule/Diplomarbeit/da-conquerthecastle-ue5/UE5/Content/Medieval_Town/Textures/Utility/T_mask_glass_dirt_01.uasset" 459
"C:/Users/fritz/OneDrive/Dokumente/Schule/Diplomarbeit/da-conquerthecastle-ue5/UE5/Content/Medieval_Town/Textures/Utility/T_mask_glass_dirt_01.uexp" 460
"../../../Engine/Content/Functions/Engine_MaterialFunctions02/Fresnel_Function.uasset" 461
"../../../Engine/Content/Functions/Engine_MaterialFunctions02/Fresnel_Function.uexp" 462
"C:/Users/fritz/OneDrive/Dokumente/Schule/Diplomarbeit/da-conquerthecastle-ue5/UE5/Content/Medieval_Town/Materials/Masters/MM_glass_01.uasset" 463
"C:/Users/fritz/OneDrive/Dokumente/Schule/Diplomarbeit/da-conquerthecastle-ue5/UE5/Content/Medieval_Town/Materials/Masters/MM_glass_01.uexp" 464
"C:/Users/fritz/OneDrive/Dokumente/Schule/Diplomarbeit/da-conquerthecastle-ue5/UE5/Content/Medieval_Town/Materials/Instances/tiles/MI_glass_01.uasset" 465
"C:/Users/fritz/OneDrive/Dokumente/Schule/Diplomarbeit/da-conquerthecastle-ue5/UE5/Content/Medieval_Town/Materials/Instances/tiles/MI_glass_01.uexp" 466
"C:/Users/fritz/OneDrive/Dokumente/Schule/Diplomarbeit/da-conquerthecastle-ue5/UE5/Content/Medieval_Town/Materials/Instances/tiles/MI_interior_plaster_01.uasset" 467
"C:/Users/fritz/OneDrive/Dokumente/Schule/Diplomarbeit/da-conquerthecastle-ue5/UE5/Content/Medieval_Town/Materials/Instances/tiles/MI_interior_plaster_01.uexp" 468
"C:/Users/fritz/OneDrive/Dokumente/Schule/Diplomarbeit/da-conquerthecastle-ue5/UE5/Content/Medieval_Town/Meshes/Architecture/Modules/Interior/SM_wall_A_int_1-5x4_01_01.ubulk" 469
"C:/Users/fritz/OneDrive/Dokumente/Schule/Diplomarbeit/da-conquerthecastle-ue5/UE5/Content/Medieval_Town/Meshes/Architecture/Modules/Interior/SM_wall_A_int_1-5x4_01_01.uasset" 470
"C:/Users/fritz/OneDrive/Dokumente/Schule/Diplomarbeit/da-conquerthecastle-ue5/UE5/Content/Medieval_Town/Meshes/Architecture/Modules/Interior/SM_wall_A_int_1-5x4_01_01.uexp" 471
"C:/Users/fritz/OneDrive/Dokumente/Schule/Diplomarbeit/da-conquerthecastle-ue5/UE5/Content/Medieval_Town/Meshes/Architecture/Modules/Interior/SM_wall_A_int_4x4_01_01.ubulk" 472
"C:/Users/fritz/OneDrive/Dokumente/Schule/Diplomarbeit/da-conquerthecastle-ue5/UE5/Content/Medieval_Town/Meshes/Architecture/Modules/Interior/SM_wall_A_int_4x4_01_01.uasset" 473
"C:/Users/fritz/OneDrive/Dokumente/Schule/Diplomarbeit/da-conquerthecastle-ue5/UE5/Content/Medieval_Town/Meshes/Architecture/Modules/Interior/SM_wall_A_int_4x4_01_01.uexp" 474
"C:/Users/fritz/OneDrive/Dokumente/Schule/Diplomarbeit/da-conquerthecastle-ue5/UE5/Content/Medieval_Town/Meshes/Architecture/Modules/Interior/SM_wall_A_int_doorway_4x4_01_01.ubulk" 475
"C:/Users/fritz/OneDrive/Dokumente/Schule/Diplomarbeit/da-conquerthecastle-ue5/UE5/Content/Medieval_Town/Meshes/Architecture/Modules/Interior/SM_wall_A_int_doorway_4x4_01_01.uasset" 476
"C:/Users/fritz/OneDrive/Dokumente/Schule/Diplomarbeit/da-conquerthecastle-ue5/UE5/Content/Medieval_Town/Meshes/Architecture/Modules/Interior/SM_wall_A_int_doorway_4x4_01_01.uexp" 477
"C:/Users/fritz/OneDrive/Dokumente/Schule/Diplomarbeit/da-conquerthecastle-ue5/UE5/Content/Medieval_Town/Meshes/Architecture/Modules/Interior/SM_wall_A_int_Tcorner_01_01.ubulk" 478
"C:/Users/fritz/OneDrive/Dokumente/Schule/Diplomarbeit/da-conquerthecastle-ue5/UE5/Content/Medieval_Town/Meshes/Architecture/Modules/Interior/SM_wall_A_int_Tcorner_01_01.uasset" 479
"C:/Users/fritz/OneDrive/Dokumente/Schule/Diplomarbeit/da-conquerthecastle-ue5/UE5/Content/Medieval_Town/Meshes/Architecture/Modules/Interior/SM_wall_A_int_Tcorner_01_01.uexp" 480
"C:/Users/fritz/OneDrive/Dokumente/Schule/Diplomarbeit/da-conquerthecastle-ue5/UE5/Content/Medieval_Town/Meshes/Architecture/Modules/Roof/SM_roof_A_top_part_4_01.ubulk" 481
"C:/Users/fritz/OneDrive/Dokumente/Schule/Diplomarbeit/da-conquerthecastle-ue5/UE5/Content/Medieval_Town/Meshes/Architecture/Modules/Roof/SM_roof_A_top_part_4_01.uasset" 482
"C:/Users/fritz/OneDrive/Dokumente/Schule/Diplomarbeit/da-conquerthecastle-ue5/UE5/Content/Medieval_Town/Meshes/Architecture/Modules/Roof/SM_roof_A_top_part_4_01.uexp" 483
"C:/Users/fritz/OneDrive/Dokumente/Schule/Diplomarbeit/da-conquerthecastle-ue5/UE5/Content/Medieval_Town/Materials/Instances/Trims/MI_trim_wood_ends_01.uasset" 484
"C:/Users/fritz/OneDrive/Dokumente/Schule/Diplomarbeit/da-conquerthecastle-ue5/UE5/Content/Medieval_Town/Materials/Instances/Trims/MI_trim_wood_ends_01.uexp" 485
"C:/Users/fritz/OneDrive/Dokumente/Schule/Diplomarbeit/da-conquerthecastle-ue5/UE5/Content/Medieval_Town/Meshes/Architecture/Modules/Roof/SM_roof_A_top_part_4_02.ubulk" 486
"C:/Users/fritz/OneDrive/Dokumente/Schule/Diplomarbeit/da-conquerthecastle-ue5/UE5/Content/Medieval_Town/Meshes/Architecture/Modules/Roof/SM_roof_A_top_part_4_02.uasset" 487
"C:/Users/fritz/OneDrive/Dokumente/Schule/Diplomarbeit/da-conquerthecastle-ue5/UE5/Content/Medieval_Town/Meshes/Architecture/Modules/Roof/SM_roof_A_top_part_4_02.uexp" 488
"C:/Users/fritz/OneDrive/Dokumente/Schule/Diplomarbeit/da-conquerthecastle-ue5/UE5/Content/Medieval_Town/Materials/Instances/Trims/MI_trim_wood_02_01.uasset" 489
"C:/Users/fritz/OneDrive/Dokumente/Schule/Diplomarbeit/da-conquerthecastle-ue5/UE5/Content/Medieval_Town/Materials/Instances/Trims/MI_trim_wood_02_01.uexp" 490
"C:/Users/fritz/OneDrive/Dokumente/Schule/Diplomarbeit/da-conquerthecastle-ue5/UE5/Content/Medieval_Town/Materials/Masters/MM_blend_3.uasset" 491
"C:/Users/fritz/OneDrive/Dokumente/Schule/Diplomarbeit/da-conquerthecastle-ue5/UE5/Content/Medieval_Town/Materials/Masters/MM_blend_3.uexp" 492
"C:/Users/fritz/OneDrive/Dokumente/Schule/Diplomarbeit/da-conquerthecastle-ue5/UE5/Content/Medieval_Town/Textures/Tiles/soil_01/T_soil_01_BC.ubulk" 493
"C:/Users/fritz/OneDrive/Dokumente/Schule/Diplomarbeit/da-conquerthecastle-ue5/UE5/Content/Medieval_Town/Textures/Tiles/soil_01/T_soil_01_BC.uasset" 494
"C:/Users/fritz/OneDrive/Dokumente/Schule/Diplomarbeit/da-conquerthecastle-ue5/UE5/Content/Medieval_Town/Textures/Tiles/soil_01/T_soil_01_BC.uexp" 495
"C:/Users/fritz/OneDrive/Dokumente/Schule/Diplomarbeit/da-conquerthecastle-ue5/UE5/Content/Medieval_Town/Textures/Tiles/roof_shingle_01/T_roof_shingle_01_N.ubulk" 496
"C:/Users/fritz/OneDrive/Dokumente/Schule/Diplomarbeit/da-conquerthecastle-ue5/UE5/Content/Medieval_Town/Textures/Tiles/roof_shingle_01/T_roof_shingle_01_N.uasset" 497
"C:/Users/fritz/OneDrive/Dokumente/Schule/Diplomarbeit/da-conquerthecastle-ue5/UE5/Content/Medieval_Town/Textures/Tiles/roof_shingle_01/T_roof_shingle_01_N.uexp" 498
"C:/Users/fritz/OneDrive/Dokumente/Schule/Diplomarbeit/da-conquerthecastle-ue5/UE5/Content/Medieval_Town/Textures/Tiles/roof_shingle_01/T_roof_shingle_01_MRA.ubulk" 499
"C:/Users/fritz/OneDrive/Dokumente/Schule/Diplomarbeit/da-conquerthecastle-ue5/UE5/Content/Medieval_Town/Textures/Tiles/roof_shingle_01/T_roof_shingle_01_MRA.uasset" 500
"C:/Users/fritz/OneDrive/Dokumente/Schule/Diplomarbeit/da-conquerthecastle-ue5/UE5/Content/Medieval_Town/Textures/Tiles/roof_shingle_01/T_roof_shingle_01_MRA.uexp" 501
"C:/Users/fritz/OneDrive/Dokumente/Schule/Diplomarbeit/da-conquerthecastle-ue5/UE5/Content/Medieval_Town/Textures/Tiles/roof_shingle_01/T_roof_shingle_01_BC.ubulk" 502
"C:/Users/fritz/OneDrive/Dokumente/Schule/Diplomarbeit/da-conquerthecastle-ue5/UE5/Content/Medieval_Town/Textures/Tiles/roof_shingle_01/T_roof_shingle_01_BC.uasset" 503
"C:/Users/fritz/OneDrive/Dokumente/Schule/Diplomarbeit/da-conquerthecastle-ue5/UE5/Content/Medieval_Town/Textures/Tiles/roof_shingle_01/T_roof_shingle_01_BC.uexp" 504
"C:/Users/fritz/OneDrive/Dokumente/Schule/Diplomarbeit/da-conquerthecastle-ue5/UE5/Content/Medieval_Town/Textures/Tiles/old_grass_01/T_old_grass_01_MRA.ubulk" 505
"C:/Users/fritz/OneDrive/Dokumente/Schule/Diplomarbeit/da-conquerthecastle-ue5/UE5/Content/Medieval_Town/Textures/Tiles/old_grass_01/T_old_grass_01_MRA.uasset" 506
"C:/Users/fritz/OneDrive/Dokumente/Schule/Diplomarbeit/da-conquerthecastle-ue5/UE5/Content/Medieval_Town/Textures/Tiles/old_grass_01/T_old_grass_01_MRA.uexp" 507
"C:/Users/fritz/OneDrive/Dokumente/Schule/Diplomarbeit/da-conquerthecastle-ue5/UE5/Content/Medieval_Town/Textures/Tiles/old_grass_01/T_old_grass_01_BC.ubulk" 508
"C:/Users/fritz/OneDrive/Dokumente/Schule/Diplomarbeit/da-conquerthecastle-ue5/UE5/Content/Medieval_Town/Textures/Tiles/old_grass_01/T_old_grass_01_BC.uasset" 509
"C:/Users/fritz/OneDrive/Dokumente/Schule/Diplomarbeit/da-conquerthecastle-ue5/UE5/Content/Medieval_Town/Textures/Tiles/old_grass_01/T_old_grass_01_BC.uexp" 510
"C:/Users/fritz/OneDrive/Dokumente/Schule/Diplomarbeit/da-conquerthecastle-ue5/UE5/Content/Medieval_Town/Materials/Instances/tiles/MI_roof_shingle_01.uasset" 511
"C:/Users/fritz/OneDrive/Dokumente/Schule/Diplomarbeit/da-conquerthecastle-ue5/UE5/Content/Medieval_Town/Materials/Instances/tiles/MI_roof_shingle_01.uexp" 512
"C:/Users/fritz/OneDrive/Dokumente/Schule/Diplomarbeit/da-conquerthecastle-ue5/UE5/Content/Medieval_Town/Textures/Tiles/wood_planks_01/T_wood_planks_01_N.ubulk" 513
"C:/Users/fritz/OneDrive/Dokumente/Schule/Diplomarbeit/da-conquerthecastle-ue5/UE5/Content/Medieval_Town/Textures/Tiles/wood_planks_01/T_wood_planks_01_N.uasset" 514
"C:/Users/fritz/OneDrive/Dokumente/Schule/Diplomarbeit/da-conquerthecastle-ue5/UE5/Content/Medieval_Town/Textures/Tiles/wood_planks_01/T_wood_planks_01_N.uexp" 515
"C:/Users/fritz/OneDrive/Dokumente/Schule/Diplomarbeit/da-conquerthecastle-ue5/UE5/Content/Medieval_Town/Textures/Tiles/wood_planks_01/T_wood_planks_01_MRA.ubulk" 516
"C:/Users/fritz/OneDrive/Dokumente/Schule/Diplomarbeit/da-conquerthecastle-ue5/UE5/Content/Medieval_Town/Textures/Tiles/wood_planks_01/T_wood_planks_01_MRA.uasset" 517
"C:/Users/fritz/OneDrive/Dokumente/Schule/Diplomarbeit/da-conquerthecastle-ue5/UE5/Content/Medieval_Town/Textures/Tiles/wood_planks_01/T_wood_planks_01_MRA.uexp" 518
"C:/Users/fritz/OneDrive/Dokumente/Schule/Diplomarbeit/da-conquerthecastle-ue5/UE5/Content/Medieval_Town/Textures/Tiles/wood_planks_01/T_wood_planks_01_BC.ubulk" 519
"C:/Users/fritz/OneDrive/Dokumente/Schule/Diplomarbeit/da-conquerthecastle-ue5/UE5/Content/Medieval_Town/Textures/Tiles/wood_planks_01/T_wood_planks_01_BC.uasset" 520
"C:/Users/fritz/OneDrive/Dokumente/Schule/Diplomarbeit/da-conquerthecastle-ue5/UE5/Content/Medieval_Town/Textures/Tiles/wood_planks_01/T_wood_planks_01_BC.uexp" 521
"C:/Users/fritz/OneDrive/Dokumente/Schule/Diplomarbeit/da-conquerthecastle-ue5/UE5/Content/Medieval_Town/Materials/Instances/tiles/MI_wood_planks_01_grey.uasset" 522
"C:/Users/fritz/OneDrive/Dokumente/Schule/Diplomarbeit/da-conquerthecastle-ue5/UE5/Content/Medieval_Town/Materials/Instances/tiles/MI_wood_planks_01_grey.uexp" 523
"C:/Users/fritz/OneDrive/Dokumente/Schule/Diplomarbeit/da-conquerthecastle-ue5/UE5/Content/Medieval_Town/Meshes/Architecture/Modules/Roof/SM_roof_B_part_01.ubulk" 524
"C:/Users/fritz/OneDrive/Dokumente/Schule/Diplomarbeit/da-conquerthecastle-ue5/UE5/Content/Medieval_Town/Meshes/Architecture/Modules/Roof/SM_roof_B_part_01.uasset" 525
"C:/Users/fritz/OneDrive/Dokumente/Schule/Diplomarbeit/da-conquerthecastle-ue5/UE5/Content/Medieval_Town/Meshes/Architecture/Modules/Roof/SM_roof_B_part_01.uexp" 526
"C:/Users/fritz/OneDrive/Dokumente/Schule/Diplomarbeit/da-conquerthecastle-ue5/UE5/Content/Medieval_Town/Meshes/Architecture/Modules/Roof/SM_roof_B_part_02_01.ubulk" 527
"C:/Users/fritz/OneDrive/Dokumente/Schule/Diplomarbeit/da-conquerthecastle-ue5/UE5/Content/Medieval_Town/Meshes/Architecture/Modules/Roof/SM_roof_B_part_02_01.uasset" 528
"C:/Users/fritz/OneDrive/Dokumente/Schule/Diplomarbeit/da-conquerthecastle-ue5/UE5/Content/Medieval_Town/Meshes/Architecture/Modules/Roof/SM_roof_B_part_02_01.uexp" 529
"C:/Users/fritz/OneDrive/Dokumente/Schule/Diplomarbeit/da-conquerthecastle-ue5/UE5/Content/Medieval_Town/Meshes/Architecture/Modules/Roof/SM_roof_B_part_02_02.ubulk" 530
"C:/Users/fritz/OneDrive/Dokumente/Schule/Diplomarbeit/da-conquerthecastle-ue5/UE5/Content/Medieval_Town/Meshes/Architecture/Modules/Roof/SM_roof_B_part_02_02.uasset" 531
"C:/Users/fritz/OneDrive/Dokumente/Schule/Diplomarbeit/da-conquerthecastle-ue5/UE5/Content/Medieval_Town/Meshes/Architecture/Modules/Roof/SM_roof_B_part_02_02.uexp" 532
"C:/Users/fritz/OneDrive/Dokumente/Schule/Diplomarbeit/da-conquerthecastle-ue5/UE5/Content/Medieval_Town/Meshes/Architecture/Modules/Stairs/SM_stairs_01.ubulk" 533
"C:/Users/fritz/OneDrive/Dokumente/Schule/Diplomarbeit/da-conquerthecastle-ue5/UE5/Content/Medieval_Town/Meshes/Architecture/Modules/Stairs/SM_stairs_01.uasset" 534
"C:/Users/fritz/OneDrive/Dokumente/Schule/Diplomarbeit/da-conquerthecastle-ue5/UE5/Content/Medieval_Town/Meshes/Architecture/Modules/Stairs/SM_stairs_01.uexp" 535
"C:/Users/fritz/OneDrive/Dokumente/Schule/Diplomarbeit/da-conquerthecastle-ue5/UE5/Content/Medieval_Town/Meshes/Architecture/Modules/Stairs/SM_stairs_part_01.ubulk" 536
"C:/Users/fritz/OneDrive/Dokumente/Schule/Diplomarbeit/da-conquerthecastle-ue5/UE5/Content/Medieval_Town/Meshes/Architecture/Modules/Stairs/SM_stairs_part_01.uasset" 537
"C:/Users/fritz/OneDrive/Dokumente/Schule/Diplomarbeit/da-conquerthecastle-ue5/UE5/Content/Medieval_Town/Meshes/Architecture/Modules/Stairs/SM_stairs_part_01.uexp" 538
"C:/Users/fritz/OneDrive/Dokumente/Schule/Diplomarbeit/da-conquerthecastle-ue5/UE5/Content/Medieval_Town/Textures/Trims/trim_stone_01/T_trim_stone_01_N.ubulk" 539
"C:/Users/fritz/OneDrive/Dokumente/Schule/Diplomarbeit/da-conquerthecastle-ue5/UE5/Content/Medieval_Town/Textures/Trims/trim_stone_01/T_trim_stone_01_N.uasset" 540
"C:/Users/fritz/OneDrive/Dokumente/Schule/Diplomarbeit/da-conquerthecastle-ue5/UE5/Content/Medieval_Town/Textures/Trims/trim_stone_01/T_trim_stone_01_N.uexp" 541
"C:/Users/fritz/OneDrive/Dokumente/Schule/Diplomarbeit/da-conquerthecastle-ue5/UE5/Content/Medieval_Town/Textures/Trims/trim_stone_01/T_trim_stone_01_MRA.ubulk" 542
"C:/Users/fritz/OneDrive/Dokumente/Schule/Diplomarbeit/da-conquerthecastle-ue5/UE5/Content/Medieval_Town/Textures/Trims/trim_stone_01/T_trim_stone_01_MRA.uasset" 543
"C:/Users/fritz/OneDrive/Dokumente/Schule/Diplomarbeit/da-conquerthecastle-ue5/UE5/Content/Medieval_Town/Textures/Trims/trim_stone_01/T_trim_stone_01_MRA.uexp" 544
"C:/Users/fritz/OneDrive/Dokumente/Schule/Diplomarbeit/da-conquerthecastle-ue5/UE5/Content/Medieval_Town/Textures/Trims/trim_stone_01/T_trim_stone_01_BC.ubulk" 545
"C:/Users/fritz/OneDrive/Dokumente/Schule/Diplomarbeit/da-conquerthecastle-ue5/UE5/Content/Medieval_Town/Textures/Trims/trim_stone_01/T_trim_stone_01_BC.uasset" 546
"C:/Users/fritz/OneDrive/Dokumente/Schule/Diplomarbeit/da-conquerthecastle-ue5/UE5/Content/Medieval_Town/Textures/Trims/trim_stone_01/T_trim_stone_01_BC.uexp" 547
"C:/Users/fritz/OneDrive/Dokumente/Schule/Diplomarbeit/da-conquerthecastle-ue5/UE5/Content/Medieval_Town/Materials/Instances/Trims/MI_trim_stone_01_red.uasset" 548
"C:/Users/fritz/OneDrive/Dokumente/Schule/Diplomarbeit/da-conquerthecastle-ue5/UE5/Content/Medieval_Town/Materials/Instances/Trims/MI_trim_stone_01_red.uexp" 549
"C:/Users/fritz/OneDrive/Dokumente/Schule/Diplomarbeit/da-conquerthecastle-ue5/UE5/Content/Medieval_Town/Materials/Instances/tiles/MI_wood_planks_02.uasset" 550
"C:/Users/fritz/OneDrive/Dokumente/Schule/Diplomarbeit/da-conquerthecastle-ue5/UE5/Content/Medieval_Town/Materials/Instances/tiles/MI_wood_planks_02.uexp" 551
"C:/Users/fritz/OneDrive/Dokumente/Schule/Diplomarbeit/da-conquerthecastle-ue5/UE5/Content/Medieval_Town/Meshes/Architecture/Modules/Tower/SM_tower_round_01.ubulk" 552
"C:/Users/fritz/OneDrive/Dokumente/Schule/Diplomarbeit/da-conquerthecastle-ue5/UE5/Content/Medieval_Town/Meshes/Architecture/Modules/Tower/SM_tower_round_01.uasset" 553
"C:/Users/fritz/OneDrive/Dokumente/Schule/Diplomarbeit/da-conquerthecastle-ue5/UE5/Content/Medieval_Town/Meshes/Architecture/Modules/Tower/SM_tower_round_01.uexp" 554
"C:/Users/fritz/OneDrive/Dokumente/Schule/Diplomarbeit/da-conquerthecastle-ue5/UE5/Content/Medieval_Town/Meshes/Architecture/Modules/Tower/SM_tower_round_02.ubulk" 555
"C:/Users/fritz/OneDrive/Dokumente/Schule/Diplomarbeit/da-conquerthecastle-ue5/UE5/Content/Medieval_Town/Meshes/Architecture/Modules/Tower/SM_tower_round_02.uasset" 556
"C:/Users/fritz/OneDrive/Dokumente/Schule/Diplomarbeit/da-conquerthecastle-ue5/UE5/Content/Medieval_Town/Meshes/Architecture/Modules/Tower/SM_tower_round_02.uexp" 557
"../../../Engine/Content/Functions/Engine_MaterialFunctions01/Shading/FuzzyShading.uasset" 558
"../../../Engine/Content/Functions/Engine_MaterialFunctions01/Shading/FuzzyShading.uexp" 559
"../../../Engine/Content/ArtTools/RenderToTexture/MaterialFunctions/FlipbookWind.uasset" 560
"../../../Engine/Content/ArtTools/RenderToTexture/MaterialFunctions/FlipbookWind.uexp" 561
"../../../Engine/Content/Functions/Engine_MaterialFunctions02/WorldPositionOffset/Wind.uasset" 562
"../../../Engine/Content/Functions/Engine_MaterialFunctions02/WorldPositionOffset/Wind.uexp" 563
"C:/Users/fritz/OneDrive/Dokumente/Schule/Diplomarbeit/da-conquerthecastle-ue5/UE5/Content/Medieval_Town/Materials/Masters/MM_vegetation_01.uasset" 564
"C:/Users/fritz/OneDrive/Dokumente/Schule/Diplomarbeit/da-conquerthecastle-ue5/UE5/Content/Medieval_Town/Materials/Masters/MM_vegetation_01.uexp" 565
"C:/Users/fritz/OneDrive/Dokumente/Schule/Diplomarbeit/da-conquerthecastle-ue5/UE5/Content/Medieval_Town/Textures/Unique/flags_01/T_flags_01_N.ubulk" 566
"C:/Users/fritz/OneDrive/Dokumente/Schule/Diplomarbeit/da-conquerthecastle-ue5/UE5/Content/Medieval_Town/Textures/Unique/flags_01/T_flags_01_N.uasset" 567
"C:/Users/fritz/OneDrive/Dokumente/Schule/Diplomarbeit/da-conquerthecastle-ue5/UE5/Content/Medieval_Town/Textures/Unique/flags_01/T_flags_01_N.uexp" 568
"C:/Users/fritz/OneDrive/Dokumente/Schule/Diplomarbeit/da-conquerthecastle-ue5/UE5/Content/Medieval_Town/Textures/Unique/flags_01/T_flags_01_MRA.ubulk" 569
"C:/Users/fritz/OneDrive/Dokumente/Schule/Diplomarbeit/da-conquerthecastle-ue5/UE5/Content/Medieval_Town/Textures/Unique/flags_01/T_flags_01_MRA.uasset" 570
"C:/Users/fritz/OneDrive/Dokumente/Schule/Diplomarbeit/da-conquerthecastle-ue5/UE5/Content/Medieval_Town/Textures/Unique/flags_01/T_flags_01_MRA.uexp" 571
"C:/Users/fritz/OneDrive/Dokumente/Schule/Diplomarbeit/da-conquerthecastle-ue5/UE5/Content/Medieval_Town/Textures/Unique/flags_01/T_flags_01_BC.ubulk" 572
"C:/Users/fritz/OneDrive/Dokumente/Schule/Diplomarbeit/da-conquerthecastle-ue5/UE5/Content/Medieval_Town/Textures/Unique/flags_01/T_flags_01_BC.uasset" 573
"C:/Users/fritz/OneDrive/Dokumente/Schule/Diplomarbeit/da-conquerthecastle-ue5/UE5/Content/Medieval_Town/Textures/Unique/flags_01/T_flags_01_BC.uexp" 574
"C:/Users/fritz/OneDrive/Dokumente/Schule/Diplomarbeit/da-conquerthecastle-ue5/UE5/Content/Medieval_Town/Materials/Instances/MI_flags_01_01.uasset" 575
"C:/Users/fritz/OneDrive/Dokumente/Schule/Diplomarbeit/da-conquerthecastle-ue5/UE5/Content/Medieval_Town/Materials/Instances/MI_flags_01_01.uexp" 576
"C:/Users/fritz/OneDrive/Dokumente/Schule/Diplomarbeit/da-conquerthecastle-ue5/UE5/Content/Medieval_Town/Meshes/Architecture/Modules/Tower/SM_tower_round_03.ubulk" 577
"C:/Users/fritz/OneDrive/Dokumente/Schule/Diplomarbeit/da-conquerthecastle-ue5/UE5/Content/Medieval_Town/Meshes/Architecture/Modules/Tower/SM_tower_round_03.uasset" 578
"C:/Users/fritz/OneDrive/Dokumente/Schule/Diplomarbeit/da-conquerthecastle-ue5/UE5/Content/Medieval_Town/Meshes/Architecture/Modules/Tower/SM_tower_round_03.uexp" 579
"C:/Users/fritz/OneDrive/Dokumente/Schule/Diplomarbeit/da-conquerthecastle-ue5/UE5/Content/Medieval_Town/Meshes/Architecture/Modules/Walls_A/SM_wall_A_2-5x4_01_02.ubulk" 580
"C:/Users/fritz/OneDrive/Dokumente/Schule/Diplomarbeit/da-conquerthecastle-ue5/UE5/Content/Medieval_Town/Meshes/Architecture/Modules/Walls_A/SM_wall_A_2-5x4_01_02.uasset" 581
"C:/Users/fritz/OneDrive/Dokumente/Schule/Diplomarbeit/da-conquerthecastle-ue5/UE5/Content/Medieval_Town/Meshes/Architecture/Modules/Walls_A/SM_wall_A_2-5x4_01_02.uexp" 582
"C:/Users/fritz/OneDrive/Dokumente/Schule/Diplomarbeit/da-conquerthecastle-ue5/UE5/Content/Medieval_Town/Meshes/Architecture/Modules/Walls_A/SM_wall_A_2-5x4_02_02.ubulk" 583
"C:/Users/fritz/OneDrive/Dokumente/Schule/Diplomarbeit/da-conquerthecastle-ue5/UE5/Content/Medieval_Town/Meshes/Architecture/Modules/Walls_A/SM_wall_A_2-5x4_02_02.uasset" 584
"C:/Users/fritz/OneDrive/Dokumente/Schule/Diplomarbeit/da-conquerthecastle-ue5/UE5/Content/Medieval_Town/Meshes/Architecture/Modules/Walls_A/SM_wall_A_2-5x4_02_02.uexp" 585
"C:/Users/fritz/OneDrive/Dokumente/Schule/Diplomarbeit/da-conquerthecastle-ue5/UE5/Content/Medieval_Town/Meshes/Architecture/Modules/Walls_A/SM_wall_A_2x4_01_02.ubulk" 586
"C:/Users/fritz/OneDrive/Dokumente/Schule/Diplomarbeit/da-conquerthecastle-ue5/UE5/Content/Medieval_Town/Meshes/Architecture/Modules/Walls_A/SM_wall_A_2x4_01_02.uasset" 587
"C:/Users/fritz/OneDrive/Dokumente/Schule/Diplomarbeit/da-conquerthecastle-ue5/UE5/Content/Medieval_Town/Meshes/Architecture/Modules/Walls_A/SM_wall_A_2x4_01_02.uexp" 588
"C:/Users/fritz/OneDrive/Dokumente/Schule/Diplomarbeit/da-conquerthecastle-ue5/UE5/Content/Medieval_Town/Meshes/Architecture/Modules/Walls_A/SM_wall_A_2x4_01_03.ubulk" 589
"C:/Users/fritz/OneDrive/Dokumente/Schule/Diplomarbeit/da-conquerthecastle-ue5/UE5/Content/Medieval_Town/Meshes/Architecture/Modules/Walls_A/SM_wall_A_2x4_01_03.uasset" 590
"C:/Users/fritz/OneDrive/Dokumente/Schule/Diplomarbeit/da-conquerthecastle-ue5/UE5/Content/Medieval_Town/Meshes/Architecture/Modules/Walls_A/SM_wall_A_2x4_01_03.uexp" 591
"C:/Users/fritz/OneDrive/Dokumente/Schule/Diplomarbeit/da-conquerthecastle-ue5/UE5/Content/Medieval_Town/Meshes/Architecture/Modules/Walls_A/SM_wall_A_3x4_02_02.ubulk" 592
"C:/Users/fritz/OneDrive/Dokumente/Schule/Diplomarbeit/da-conquerthecastle-ue5/UE5/Content/Medieval_Town/Meshes/Architecture/Modules/Walls_A/SM_wall_A_3x4_02_02.uasset" 593
"C:/Users/fritz/OneDrive/Dokumente/Schule/Diplomarbeit/da-conquerthecastle-ue5/UE5/Content/Medieval_Town/Meshes/Architecture/Modules/Walls_A/SM_wall_A_3x4_02_02.uexp" 594
"C:/Users/fritz/OneDrive/Dokumente/Schule/Diplomarbeit/da-conquerthecastle-ue5/UE5/Content/Medieval_Town/Meshes/Architecture/Modules/Walls_A/SM_wall_A_3x4_02_03.ubulk" 595
"C:/Users/fritz/OneDrive/Dokumente/Schule/Diplomarbeit/da-conquerthecastle-ue5/UE5/Content/Medieval_Town/Meshes/Architecture/Modules/Walls_A/SM_wall_A_3x4_02_03.uasset" 596
"C:/Users/fritz/OneDrive/Dokumente/Schule/Diplomarbeit/da-conquerthecastle-ue5/UE5/Content/Medieval_Town/Meshes/Architecture/Modules/Walls_A/SM_wall_A_3x4_02_03.uexp" 597
"C:/Users/fritz/OneDrive/Dokumente/Schule/Diplomarbeit/da-conquerthecastle-ue5/UE5/Content/Medieval_Town/Meshes/Architecture/Modules/Walls_A/SM_wall_A_4x4_01_02.ubulk" 598
"C:/Users/fritz/OneDrive/Dokumente/Schule/Diplomarbeit/da-conquerthecastle-ue5/UE5/Content/Medieval_Town/Meshes/Architecture/Modules/Walls_A/SM_wall_A_4x4_01_02.uasset" 599
"C:/Users/fritz/OneDrive/Dokumente/Schule/Diplomarbeit/da-conquerthecastle-ue5/UE5/Content/Medieval_Town/Meshes/Architecture/Modules/Walls_A/SM_wall_A_4x4_01_02.uexp" 600
"C:/Users/fritz/OneDrive/Dokumente/Schule/Diplomarbeit/da-conquerthecastle-ue5/UE5/Content/Medieval_Town/Meshes/Architecture/Modules/Walls_A/SM_wall_A_4x4_01_03.ubulk" 601
"C:/Users/fritz/OneDrive/Dokumente/Schule/Diplomarbeit/da-conquerthecastle-ue5/UE5/Content/Medieval_Town/Meshes/Architecture/Modules/Walls_A/SM_wall_A_4x4_01_03.uasset" 602
"C:/Users/fritz/OneDrive/Dokumente/Schule/Diplomarbeit/da-conquerthecastle-ue5/UE5/Content/Medieval_Town/Meshes/Architecture/Modules/Walls_A/SM_wall_A_4x4_01_03.uexp" 603
"C:/Users/fritz/OneDrive/Dokumente/Schule/Diplomarbeit/da-conquerthecastle-ue5/UE5/Content/Medieval_Town/Meshes/Architecture/Modules/Walls_A/SM_wall_A_4x4_02_02.ubulk" 604
"C:/Users/fritz/OneDrive/Dokumente/Schule/Diplomarbeit/da-conquerthecastle-ue5/UE5/Content/Medieval_Town/Meshes/Architecture/Modules/Walls_A/SM_wall_A_4x4_02_02.uasset" 605
"C:/Users/fritz/OneDrive/Dokumente/Schule/Diplomarbeit/da-conquerthecastle-ue5/UE5/Content/Medieval_Town/Meshes/Architecture/Modules/Walls_A/SM_wall_A_4x4_02_02.uexp" 606
"C:/Users/fritz/OneDrive/Dokumente/Schule/Diplomarbeit/da-conquerthecastle-ue5/UE5/Content/Medieval_Town/Meshes/Architecture/Modules/Walls_A/SM_wall_A_4x4_02_03.ubulk" 607
"C:/Users/fritz/OneDrive/Dokumente/Schule/Diplomarbeit/da-conquerthecastle-ue5/UE5/Content/Medieval_Town/Meshes/Architecture/Modules/Walls_A/SM_wall_A_4x4_02_03.uasset" 608
"C:/Users/fritz/OneDrive/Dokumente/Schule/Diplomarbeit/da-conquerthecastle-ue5/UE5/Content/Medieval_Town/Meshes/Architecture/Modules/Walls_A/SM_wall_A_4x4_02_03.uexp" 609
"C:/Users/fritz/OneDrive/Dokumente/Schule/Diplomarbeit/da-conquerthecastle-ue5/UE5/Content/Medieval_Town/Meshes/Architecture/Modules/Walls_A/SM_wall_A_corner_4_01_02.ubulk" 610
"C:/Users/fritz/OneDrive/Dokumente/Schule/Diplomarbeit/da-conquerthecastle-ue5/UE5/Content/Medieval_Town/Meshes/Architecture/Modules/Walls_A/SM_wall_A_corner_4_01_02.uasset" 611
"C:/Users/fritz/OneDrive/Dokumente/Schule/Diplomarbeit/da-conquerthecastle-ue5/UE5/Content/Medieval_Town/Meshes/Architecture/Modules/Walls_A/SM_wall_A_corner_4_01_02.uexp" 612
"C:/Users/fritz/OneDrive/Dokumente/Schule/Diplomarbeit/da-conquerthecastle-ue5/UE5/Content/Medieval_Town/Meshes/Architecture/Modules/Walls_A/SM_wall_A_corner_4_01_03.ubulk" 613
"C:/Users/fritz/OneDrive/Dokumente/Schule/Diplomarbeit/da-conquerthecastle-ue5/UE5/Content/Medieval_Town/Meshes/Architecture/Modules/Walls_A/SM_wall_A_corner_4_01_03.uasset" 614
"C:/Users/fritz/OneDrive/Dokumente/Schule/Diplomarbeit/da-conquerthecastle-ue5/UE5/Content/Medieval_Town/Meshes/Architecture/Modules/Walls_A/SM_wall_A_corner_4_01_03.uexp" 615
"C:/Users/fritz/OneDrive/Dokumente/Schule/Diplomarbeit/da-conquerthecastle-ue5/UE5/Content/Medieval_Town/Meshes/Architecture/Modules/Walls_B/SM_wall_B_4x4_01.ubulk" 616
"C:/Users/fritz/OneDrive/Dokumente/Schule/Diplomarbeit/da-conquerthecastle-ue5/UE5/Content/Medieval_Town/Meshes/Architecture/Modules/Walls_B/SM_wall_B_4x4_01.uasset" 617
"C:/Users/fritz/OneDrive/Dokumente/Schule/Diplomarbeit/da-conquerthecastle-ue5/UE5/Content/Medieval_Town/Meshes/Architecture/Modules/Walls_B/SM_wall_B_4x4_01.uexp" 618
"C:/Users/fritz/OneDrive/Dokumente/Schule/Diplomarbeit/da-conquerthecastle-ue5/UE5/Content/Medieval_Town/Textures/Unique/door_frame_01/T_door_frame_01_N.ubulk" 619
"C:/Users/fritz/OneDrive/Dokumente/Schule/Diplomarbeit/da-conquerthecastle-ue5/UE5/Content/Medieval_Town/Textures/Unique/door_frame_01/T_door_frame_01_N.uasset" 620
"C:/Users/fritz/OneDrive/Dokumente/Schule/Diplomarbeit/da-conquerthecastle-ue5/UE5/Content/Medieval_Town/Textures/Unique/door_frame_01/T_door_frame_01_N.uexp" 621
"C:/Users/fritz/OneDrive/Dokumente/Schule/Diplomarbeit/da-conquerthecastle-ue5/UE5/Content/Medieval_Town/Textures/Unique/door_frame_01/T_door_frame_01_MRA.ubulk" 622
"C:/Users/fritz/OneDrive/Dokumente/Schule/Diplomarbeit/da-conquerthecastle-ue5/UE5/Content/Medieval_Town/Textures/Unique/door_frame_01/T_door_frame_01_MRA.uasset" 623
"C:/Users/fritz/OneDrive/Dokumente/Schule/Diplomarbeit/da-conquerthecastle-ue5/UE5/Content/Medieval_Town/Textures/Unique/door_frame_01/T_door_frame_01_MRA.uexp" 624
"C:/Users/fritz/OneDrive/Dokumente/Schule/Diplomarbeit/da-conquerthecastle-ue5/UE5/Content/Medieval_Town/Textures/Unique/door_frame_01/T_door_frame_01_BC.ubulk" 625
"C:/Users/fritz/OneDrive/Dokumente/Schule/Diplomarbeit/da-conquerthecastle-ue5/UE5/Content/Medieval_Town/Textures/Unique/door_frame_01/T_door_frame_01_BC.uasset" 626
"C:/Users/fritz/OneDrive/Dokumente/Schule/Diplomarbeit/da-conquerthecastle-ue5/UE5/Content/Medieval_Town/Textures/Unique/door_frame_01/T_door_frame_01_BC.uexp" 627
"C:/Users/fritz/OneDrive/Dokumente/Schule/Diplomarbeit/da-conquerthecastle-ue5/UE5/Content/Medieval_Town/Materials/Instances/MI_door_frame_01.uasset" 628
"C:/Users/fritz/OneDrive/Dokumente/Schule/Diplomarbeit/da-conquerthecastle-ue5/UE5/Content/Medieval_Town/Materials/Instances/MI_door_frame_01.uexp" 629
"C:/Users/fritz/OneDrive/Dokumente/Schule/Diplomarbeit/da-conquerthecastle-ue5/UE5/Content/Medieval_Town/Meshes/Architecture/Modules/Walls_B/SM_wall_B_doorway_4x4_03.ubulk" 630
"C:/Users/fritz/OneDrive/Dokumente/Schule/Diplomarbeit/da-conquerthecastle-ue5/UE5/Content/Medieval_Town/Meshes/Architecture/Modules/Walls_B/SM_wall_B_doorway_4x4_03.uasset" 631
"C:/Users/fritz/OneDrive/Dokumente/Schule/Diplomarbeit/da-conquerthecastle-ue5/UE5/Content/Medieval_Town/Meshes/Architecture/Modules/Walls_B/SM_wall_B_doorway_4x4_03.uexp" 632
"C:/Users/fritz/OneDrive/Dokumente/Schule/Diplomarbeit/da-conquerthecastle-ue5/UE5/Content/Medieval_Town/Meshes/Architecture/Modules/Walls_elements/SM_wall_A_element_2-5_01.ubulk" 633
"C:/Users/fritz/OneDrive/Dokumente/Schule/Diplomarbeit/da-conquerthecastle-ue5/UE5/Content/Medieval_Town/Meshes/Architecture/Modules/Walls_elements/SM_wall_A_element_2-5_01.uasset" 634
"C:/Users/fritz/OneDrive/Dokumente/Schule/Diplomarbeit/da-conquerthecastle-ue5/UE5/Content/Medieval_Town/Meshes/Architecture/Modules/Walls_elements/SM_wall_A_element_2-5_01.uexp" 635
"C:/Users/fritz/OneDrive/Dokumente/Schule/Diplomarbeit/da-conquerthecastle-ue5/UE5/Content/Medieval_Town/Meshes/Architecture/Modules/Walls_elements/SM_wall_A_element_2_01.ubulk" 636
"C:/Users/fritz/OneDrive/Dokumente/Schule/Diplomarbeit/da-conquerthecastle-ue5/UE5/Content/Medieval_Town/Meshes/Architecture/Modules/Walls_elements/SM_wall_A_element_2_01.uasset" 637
"C:/Users/fritz/OneDrive/Dokumente/Schule/Diplomarbeit/da-conquerthecastle-ue5/UE5/Content/Medieval_Town/Meshes/Architecture/Modules/Walls_elements/SM_wall_A_element_2_01.uexp" 638
"C:/Users/fritz/OneDrive/Dokumente/Schule/Diplomarbeit/da-conquerthecastle-ue5/UE5/Content/Medieval_Town/Meshes/Architecture/Modules/Walls_elements/SM_wall_A_element_3_01.ubulk" 639
"C:/Users/fritz/OneDrive/Dokumente/Schule/Diplomarbeit/da-conquerthecastle-ue5/UE5/Content/Medieval_Town/Meshes/Architecture/Modules/Walls_elements/SM_wall_A_element_3_01.uasset" 640
"C:/Users/fritz/OneDrive/Dokumente/Schule/Diplomarbeit/da-conquerthecastle-ue5/UE5/Content/Medieval_Town/Meshes/Architecture/Modules/Walls_elements/SM_wall_A_element_3_01.uexp" 641
"C:/Users/fritz/OneDrive/Dokumente/Schule/Diplomarbeit/da-conquerthecastle-ue5/UE5/Content/Medieval_Town/Meshes/Architecture/Modules/Walls_elements/SM_wall_A_element_4_01.ubulk" 642
"C:/Users/fritz/OneDrive/Dokumente/Schule/Diplomarbeit/da-conquerthecastle-ue5/UE5/Content/Medieval_Town/Meshes/Architecture/Modules/Walls_elements/SM_wall_A_element_4_01.uasset" 643
"C:/Users/fritz/OneDrive/Dokumente/Schule/Diplomarbeit/da-conquerthecastle-ue5/UE5/Content/Medieval_Town/Meshes/Architecture/Modules/Walls_elements/SM_wall_A_element_4_01.uexp" 644
"C:/Users/fritz/OneDrive/Dokumente/Schule/Diplomarbeit/da-conquerthecastle-ue5/UE5/Content/Medieval_Town/Meshes/Architecture/Modules/Walls_elements/SM_wall_A_element_corner_01.ubulk" 645
"C:/Users/fritz/OneDrive/Dokumente/Schule/Diplomarbeit/da-conquerthecastle-ue5/UE5/Content/Medieval_Town/Meshes/Architecture/Modules/Walls_elements/SM_wall_A_element_corner_01.uasset" 646
"C:/Users/fritz/OneDrive/Dokumente/Schule/Diplomarbeit/da-conquerthecastle-ue5/UE5/Content/Medieval_Town/Meshes/Architecture/Modules/Walls_elements/SM_wall_A_element_corner_01.uexp" 647
"C:/Users/fritz/OneDrive/Dokumente/Schule/Diplomarbeit/da-conquerthecastle-ue5/UE5/Content/Medieval_Town/Meshes/Architecture/Modules/Windows/SM_wall_A_window_4x4_02_01.ubulk" 648
"C:/Users/fritz/OneDrive/Dokumente/Schule/Diplomarbeit/da-conquerthecastle-ue5/UE5/Content/Medieval_Town/Meshes/Architecture/Modules/Windows/SM_wall_A_window_4x4_02_01.uasset" 649
"C:/Users/fritz/OneDrive/Dokumente/Schule/Diplomarbeit/da-conquerthecastle-ue5/UE5/Content/Medieval_Town/Meshes/Architecture/Modules/Windows/SM_wall_A_window_4x4_02_01.uexp" 650
"C:/Users/fritz/OneDrive/Dokumente/Schule/Diplomarbeit/da-conquerthecastle-ue5/UE5/Content/Medieval_Town/Meshes/Architecture/Modules/Windows/SM_wall_A_window_4x4_02_02.ubulk" 651
"C:/Users/fritz/OneDrive/Dokumente/Schule/Diplomarbeit/da-conquerthecastle-ue5/UE5/Content/Medieval_Town/Meshes/Architecture/Modules/Windows/SM_wall_A_window_4x4_02_02.uasset" 652
"C:/Users/fritz/OneDrive/Dokumente/Schule/Diplomarbeit/da-conquerthecastle-ue5/UE5/Content/Medieval_Town/Meshes/Architecture/Modules/Windows/SM_wall_A_window_4x4_02_02.uexp" 653
"C:/Users/fritz/OneDrive/Dokumente/Schule/Diplomarbeit/da-conquerthecastle-ue5/UE5/Content/Medieval_Town/Meshes/Architecture/Modules/Windows/SM_wall_A_window_4x4_03_02.ubulk" 654
"C:/Users/fritz/OneDrive/Dokumente/Schule/Diplomarbeit/da-conquerthecastle-ue5/UE5/Content/Medieval_Town/Meshes/Architecture/Modules/Windows/SM_wall_A_window_4x4_03_02.uasset" 655
"C:/Users/fritz/OneDrive/Dokumente/Schule/Diplomarbeit/da-conquerthecastle-ue5/UE5/Content/Medieval_Town/Meshes/Architecture/Modules/Windows/SM_wall_A_window_4x4_03_02.uexp" 656
"C:/Users/fritz/OneDrive/Dokumente/Schule/Diplomarbeit/da-conquerthecastle-ue5/UE5/Content/Medieval_Town/Meshes/Architecture/Modules/Windows/SM_wall_A_window_4x4_04_03.ubulk" 657
"C:/Users/fritz/OneDrive/Dokumente/Schule/Diplomarbeit/da-conquerthecastle-ue5/UE5/Content/Medieval_Town/Meshes/Architecture/Modules/Windows/SM_wall_A_window_4x4_04_03.uasset" 658
"C:/Users/fritz/OneDrive/Dokumente/Schule/Diplomarbeit/da-conquerthecastle-ue5/UE5/Content/Medieval_Town/Meshes/Architecture/Modules/Windows/SM_wall_A_window_4x4_04_03.uexp" 659
"C:/Users/fritz/OneDrive/Dokumente/Schule/Diplomarbeit/da-conquerthecastle-ue5/UE5/Content/Medieval_Town/Textures/Unique/door_wood_01/T_door_wood_01_N.ubulk" 660
"C:/Users/fritz/OneDrive/Dokumente/Schule/Diplomarbeit/da-conquerthecastle-ue5/UE5/Content/Medieval_Town/Textures/Unique/door_wood_01/T_door_wood_01_N.uasset" 661
"C:/Users/fritz/OneDrive/Dokumente/Schule/Diplomarbeit/da-conquerthecastle-ue5/UE5/Content/Medieval_Town/Textures/Unique/door_wood_01/T_door_wood_01_N.uexp" 662
"C:/Users/fritz/OneDrive/Dokumente/Schule/Diplomarbeit/da-conquerthecastle-ue5/UE5/Content/Medieval_Town/Textures/Unique/door_wood_01/T_door_wood_01_MRA.ubulk" 663
"C:/Users/fritz/OneDrive/Dokumente/Schule/Diplomarbeit/da-conquerthecastle-ue5/UE5/Content/Medieval_Town/Textures/Unique/door_wood_01/T_door_wood_01_MRA.uasset" 664
"C:/Users/fritz/OneDrive/Dokumente/Schule/Diplomarbeit/da-conquerthecastle-ue5/UE5/Content/Medieval_Town/Textures/Unique/door_wood_01/T_door_wood_01_MRA.uexp" 665
"C:/Users/fritz/OneDrive/Dokumente/Schule/Diplomarbeit/da-conquerthecastle-ue5/UE5/Content/Medieval_Town/Textures/Unique/door_wood_01/T_door_wood_01_BC.ubulk" 666
"C:/Users/fritz/OneDrive/Dokumente/Schule/Diplomarbeit/da-conquerthecastle-ue5/UE5/Content/Medieval_Town/Textures/Unique/door_wood_01/T_door_wood_01_BC.uasset" 667
"C:/Users/fritz/OneDrive/Dokumente/Schule/Diplomarbeit/da-conquerthecastle-ue5/UE5/Content/Medieval_Town/Textures/Unique/door_wood_01/T_door_wood_01_BC.uexp" 668
"C:/Users/fritz/OneDrive/Dokumente/Schule/Diplomarbeit/da-conquerthecastle-ue5/UE5/Content/Medieval_Town/Materials/Instances/MI_door_01_wood.uasset" 669
"C:/Users/fritz/OneDrive/Dokumente/Schule/Diplomarbeit/da-conquerthecastle-ue5/UE5/Content/Medieval_Town/Materials/Instances/MI_door_01_wood.uexp" 670
"C:/Users/fritz/OneDrive/Dokumente/Schule/Diplomarbeit/da-conquerthecastle-ue5/UE5/Content/Medieval_Town/Textures/Unique/door_01/T_door_01_N.ubulk" 671
"C:/Users/fritz/OneDrive/Dokumente/Schule/Diplomarbeit/da-conquerthecastle-ue5/UE5/Content/Medieval_Town/Textures/Unique/door_01/T_door_01_N.uasset" 672
"C:/Users/fritz/OneDrive/Dokumente/Schule/Diplomarbeit/da-conquerthecastle-ue5/UE5/Content/Medieval_Town/Textures/Unique/door_01/T_door_01_N.uexp" 673
"C:/Users/fritz/OneDrive/Dokumente/Schule/Diplomarbeit/da-conquerthecastle-ue5/UE5/Content/Medieval_Town/Textures/Unique/door_01/T_door_01_MRA.ubulk" 674
"C:/Users/fritz/OneDrive/Dokumente/Schule/Diplomarbeit/da-conquerthecastle-ue5/UE5/Content/Medieval_Town/Textures/Unique/door_01/T_door_01_MRA.uasset" 675
"C:/Users/fritz/OneDrive/Dokumente/Schule/Diplomarbeit/da-conquerthecastle-ue5/UE5/Content/Medieval_Town/Textures/Unique/door_01/T_door_01_MRA.uexp" 676
"C:/Users/fritz/OneDrive/Dokumente/Schule/Diplomarbeit/da-conquerthecastle-ue5/UE5/Content/Medieval_Town/Textures/Unique/door_01/T_door_01_BC.ubulk" 677
"C:/Users/fritz/OneDrive/Dokumente/Schule/Diplomarbeit/da-conquerthecastle-ue5/UE5/Content/Medieval_Town/Textures/Unique/door_01/T_door_01_BC.uasset" 678
"C:/Users/fritz/OneDrive/Dokumente/Schule/Diplomarbeit/da-conquerthecastle-ue5/UE5/Content/Medieval_Town/Textures/Unique/door_01/T_door_01_BC.uexp" 679
"C:/Users/fritz/OneDrive/Dokumente/Schule/Diplomarbeit/da-conquerthecastle-ue5/UE5/Content/Medieval_Town/Materials/Instances/MI_door_01_white.uasset" 680
"C:/Users/fritz/OneDrive/Dokumente/Schule/Diplomarbeit/da-conquerthecastle-ue5/UE5/Content/Medieval_Town/Materials/Instances/MI_door_01_white.uexp" 681
"C:/Users/fritz/OneDrive/Dokumente/Schule/Diplomarbeit/da-conquerthecastle-ue5/UE5/Content/Medieval_Town/Materials/Instances/MI_door_01_red.uasset" 682
"C:/Users/fritz/OneDrive/Dokumente/Schule/Diplomarbeit/da-conquerthecastle-ue5/UE5/Content/Medieval_Town/Materials/Instances/MI_door_01_red.uexp" 683
"C:/Users/fritz/OneDrive/Dokumente/Schule/Diplomarbeit/da-conquerthecastle-ue5/UE5/Content/Medieval_Town/Materials/Instances/MI_door_01_green.uasset" 684
"C:/Users/fritz/OneDrive/Dokumente/Schule/Diplomarbeit/da-conquerthecastle-ue5/UE5/Content/Medieval_Town/Materials/Instances/MI_door_01_green.uexp" 685
"C:/Users/fritz/OneDrive/Dokumente/Schule/Diplomarbeit/da-conquerthecastle-ue5/UE5/Content/Medieval_Town/Materials/Instances/MI_door_01_blue.uasset" 686
"C:/Users/fritz/OneDrive/Dokumente/Schule/Diplomarbeit/da-conquerthecastle-ue5/UE5/Content/Medieval_Town/Materials/Instances/MI_door_01_blue.uexp" 687
"C:/Users/fritz/OneDrive/Dokumente/Schule/Diplomarbeit/da-conquerthecastle-ue5/UE5/Content/Medieval_Town/Meshes/Architecture/Modules/Doors/SM_door_wall_A_int_doorway_4x4_01.ubulk" 688
"C:/Users/fritz/OneDrive/Dokumente/Schule/Diplomarbeit/da-conquerthecastle-ue5/UE5/Content/Medieval_Town/Meshes/Architecture/Modules/Doors/SM_door_wall_A_int_doorway_4x4_01.uasset" 689
"C:/Users/fritz/OneDrive/Dokumente/Schule/Diplomarbeit/da-conquerthecastle-ue5/UE5/Content/Medieval_Town/Meshes/Architecture/Modules/Doors/SM_door_wall_A_int_doorway_4x4_01.uexp" 690
"C:/Users/fritz/OneDrive/Dokumente/Schule/Diplomarbeit/da-conquerthecastle-ue5/UE5/Content/Medieval_Town/Maps/ThirdPerson/Blueprints/Input/IA_Camera.uasset" 691
"C:/Users/fritz/OneDrive/Dokumente/Schule/Diplomarbeit/da-conquerthecastle-ue5/UE5/Content/Medieval_Town/Maps/ThirdPerson/Blueprints/Input/IA_Camera.uexp" 692
"C:/Users/fritz/OneDrive/Dokumente/Schule/Diplomarbeit/da-conquerthecastle-ue5/UE5/Content/Medieval_Town/Maps/ThirdPerson/Blueprints/Input/IMC_Demo.uasset" 693
"C:/Users/fritz/OneDrive/Dokumente/Schule/Diplomarbeit/da-conquerthecastle-ue5/UE5/Content/Medieval_Town/Maps/ThirdPerson/Blueprints/Input/IMC_Demo.uexp" 694
"C:/Users/fritz/OneDrive/Dokumente/Schule/Diplomarbeit/da-conquerthecastle-ue5/UE5/Content/Medieval_Town/Maps/ThirdPerson/Blueprints/BP_ThirdPersonCharacter.uasset" 695
"C:/Users/fritz/OneDrive/Dokumente/Schule/Diplomarbeit/da-conquerthecastle-ue5/UE5/Content/Medieval_Town/Maps/ThirdPerson/Blueprints/BP_ThirdPersonCharacter.uexp" 696
"C:/Users/fritz/OneDrive/Dokumente/Schule/Diplomarbeit/da-conquerthecastle-ue5/UE5/Content/Medieval_Town/Blueprints/Misc/Enum/doors_materials.uasset" 697
"C:/Users/fritz/OneDrive/Dokumente/Schule/Diplomarbeit/da-conquerthecastle-ue5/UE5/Content/Medieval_Town/Blueprints/Misc/Enum/doors_materials.uexp" 698
"C:/Users/fritz/OneDrive/Dokumente/Schule/Diplomarbeit/da-conquerthecastle-ue5/UE5/Content/Medieval_Town/Blueprints/BP_door_wall_A_int_doorway_4x4_01.uasset" 699
"C:/Users/fritz/OneDrive/Dokumente/Schule/Diplomarbeit/da-conquerthecastle-ue5/UE5/Content/Medieval_Town/Blueprints/BP_door_wall_A_int_doorway_4x4_01.uexp" 700
"C:/Users/fritz/OneDrive/Dokumente/Schule/Diplomarbeit/da-conquerthecastle-ue5/UE5/Content/Medieval_Town/Materials/Instances/tiles/MI_plaster_01_01.uasset" 701
"C:/Users/fritz/OneDrive/Dokumente/Schule/Diplomarbeit/da-conquerthecastle-ue5/UE5/Content/Medieval_Town/Materials/Instances/tiles/MI_plaster_01_01.uexp" 702
"C:/Users/fritz/OneDrive/Dokumente/Schule/Diplomarbeit/da-conquerthecastle-ue5/UE5/Content/Medieval_Town/Meshes/Architecture/Modules/Floor_Ceiling/SM_floor_ceiling_4x4_01.ubulk" 703
"C:/Users/fritz/OneDrive/Dokumente/Schule/Diplomarbeit/da-conquerthecastle-ue5/UE5/Content/Medieval_Town/Meshes/Architecture/Modules/Floor_Ceiling/SM_floor_ceiling_4x4_01.uasset" 704
"C:/Users/fritz/OneDrive/Dokumente/Schule/Diplomarbeit/da-conquerthecastle-ue5/UE5/Content/Medieval_Town/Meshes/Architecture/Modules/Floor_Ceiling/SM_floor_ceiling_4x4_01.uexp" 705
"C:/Users/fritz/OneDrive/Dokumente/Schule/Diplomarbeit/da-conquerthecastle-ue5/UE5/Content/Medieval_Town/Materials/Instances/Trims/MI_trim_wood_02_orange.uasset" 706
"C:/Users/fritz/OneDrive/Dokumente/Schule/Diplomarbeit/da-conquerthecastle-ue5/UE5/Content/Medieval_Town/Materials/Instances/Trims/MI_trim_wood_02_orange.uexp" 707
"C:/Users/fritz/OneDrive/Dokumente/Schule/Diplomarbeit/da-conquerthecastle-ue5/UE5/Content/Medieval_Town/Materials/Instances/Trims/MI_trim_wood_02_white.uasset" 708
"C:/Users/fritz/OneDrive/Dokumente/Schule/Diplomarbeit/da-conquerthecastle-ue5/UE5/Content/Medieval_Town/Materials/Instances/Trims/MI_trim_wood_02_white.uexp" 709
"C:/Users/fritz/OneDrive/Dokumente/Schule/Diplomarbeit/da-conquerthecastle-ue5/UE5/Content/Medieval_Town/Materials/Instances/Trims/MI_trim_wood_02_yellow.uasset" 710
"C:/Users/fritz/OneDrive/Dokumente/Schule/Diplomarbeit/da-conquerthecastle-ue5/UE5/Content/Medieval_Town/Materials/Instances/Trims/MI_trim_wood_02_yellow.uexp" 711
"C:/Users/fritz/OneDrive/Dokumente/Schule/Diplomarbeit/da-conquerthecastle-ue5/UE5/Content/Medieval_Town/Materials/Instances/tiles/MI_plaster_01_yellow.uasset" 712
"C:/Users/fritz/OneDrive/Dokumente/Schule/Diplomarbeit/da-conquerthecastle-ue5/UE5/Content/Medieval_Town/Materials/Instances/tiles/MI_plaster_01_yellow.uexp" 713
"C:/Users/fritz/OneDrive/Dokumente/Schule/Diplomarbeit/da-conquerthecastle-ue5/UE5/Content/Medieval_Town/Materials/Instances/Trims/MI_trim_wood_02_blue.uasset" 714
"C:/Users/fritz/OneDrive/Dokumente/Schule/Diplomarbeit/da-conquerthecastle-ue5/UE5/Content/Medieval_Town/Materials/Instances/Trims/MI_trim_wood_02_blue.uexp" 715
"C:/Users/fritz/OneDrive/Dokumente/Schule/Diplomarbeit/da-conquerthecastle-ue5/UE5/Content/Medieval_Town/Blueprints/Houses/BP_tavern.uasset" 716
"C:/Users/fritz/OneDrive/Dokumente/Schule/Diplomarbeit/da-conquerthecastle-ue5/UE5/Content/Medieval_Town/Blueprints/Houses/BP_tavern.uexp" 717
"C:/Users/fritz/OneDrive/Dokumente/Schule/Diplomarbeit/da-conquerthecastle-ue5/UE5/Content/Medieval_Town/Materials/Instances/tiles/MI_glass_02.uasset" 718
"C:/Users/fritz/OneDrive/Dokumente/Schule/Diplomarbeit/da-conquerthecastle-ue5/UE5/Content/Medieval_Town/Materials/Instances/tiles/MI_glass_02.uexp" 719
"C:/Users/fritz/OneDrive/Dokumente/Schule/Diplomarbeit/da-conquerthecastle-ue5/UE5/Content/Medieval_Town/Meshes/Props/SM_window_01.ubulk" 720
"C:/Users/fritz/OneDrive/Dokumente/Schule/Diplomarbeit/da-conquerthecastle-ue5/UE5/Content/Medieval_Town/Meshes/Props/SM_window_01.uasset" 721
"C:/Users/fritz/OneDrive/Dokumente/Schule/Diplomarbeit/da-conquerthecastle-ue5/UE5/Content/Medieval_Town/Meshes/Props/SM_window_01.uexp" 722
"C:/Users/fritz/OneDrive/Dokumente/Schule/Diplomarbeit/da-conquerthecastle-ue5/UE5/Content/Medieval_Town/Textures/Tiles/fabric_01/T_fabric_01_N.ubulk" 723
"C:/Users/fritz/OneDrive/Dokumente/Schule/Diplomarbeit/da-conquerthecastle-ue5/UE5/Content/Medieval_Town/Textures/Tiles/fabric_01/T_fabric_01_N.uasset" 724
"C:/Users/fritz/OneDrive/Dokumente/Schule/Diplomarbeit/da-conquerthecastle-ue5/UE5/Content/Medieval_Town/Textures/Tiles/fabric_01/T_fabric_01_N.uexp" 725
"C:/Users/fritz/OneDrive/Dokumente/Schule/Diplomarbeit/da-conquerthecastle-ue5/UE5/Content/Medieval_Town/Textures/Tiles/fabric_01/T_fabric_01_MRA.ubulk" 726
"C:/Users/fritz/OneDrive/Dokumente/Schule/Diplomarbeit/da-conquerthecastle-ue5/UE5/Content/Medieval_Town/Textures/Tiles/fabric_01/T_fabric_01_MRA.uasset" 727
"C:/Users/fritz/OneDrive/Dokumente/Schule/Diplomarbeit/da-conquerthecastle-ue5/UE5/Content/Medieval_Town/Textures/Tiles/fabric_01/T_fabric_01_MRA.uexp" 728
"C:/Users/fritz/OneDrive/Dokumente/Schule/Diplomarbeit/da-conquerthecastle-ue5/UE5/Content/Medieval_Town/Textures/Tiles/fabric_01/T_fabric_01_BC.ubulk" 729
"C:/Users/fritz/OneDrive/Dokumente/Schule/Diplomarbeit/da-conquerthecastle-ue5/UE5/Content/Medieval_Town/Textures/Tiles/fabric_01/T_fabric_01_BC.uasset" 730
"C:/Users/fritz/OneDrive/Dokumente/Schule/Diplomarbeit/da-conquerthecastle-ue5/UE5/Content/Medieval_Town/Textures/Tiles/fabric_01/T_fabric_01_BC.uexp" 731
"C:/Users/fritz/OneDrive/Dokumente/Schule/Diplomarbeit/da-conquerthecastle-ue5/UE5/Content/Medieval_Town/Materials/Instances/MI_fabric_01_red.uasset" 732
"C:/Users/fritz/OneDrive/Dokumente/Schule/Diplomarbeit/da-conquerthecastle-ue5/UE5/Content/Medieval_Town/Materials/Instances/MI_fabric_01_red.uexp" 733
"C:/Users/fritz/OneDrive/Dokumente/Schule/Diplomarbeit/da-conquerthecastle-ue5/UE5/Content/Medieval_Town/Meshes/Props/SM_tent_01.ubulk" 734
"C:/Users/fritz/OneDrive/Dokumente/Schule/Diplomarbeit/da-conquerthecastle-ue5/UE5/Content/Medieval_Town/Meshes/Props/SM_tent_01.uasset" 735
"C:/Users/fritz/OneDrive/Dokumente/Schule/Diplomarbeit/da-conquerthecastle-ue5/UE5/Content/Medieval_Town/Meshes/Props/SM_tent_01.uexp" 736
"C:/Users/fritz/OneDrive/Dokumente/Schule/Diplomarbeit/da-conquerthecastle-ue5/UE5/Content/Medieval_Town/Meshes/Props/SM_balcony_02.ubulk" 737
"C:/Users/fritz/OneDrive/Dokumente/Schule/Diplomarbeit/da-conquerthecastle-ue5/UE5/Content/Medieval_Town/Meshes/Props/SM_balcony_02.uasset" 738
"C:/Users/fritz/OneDrive/Dokumente/Schule/Diplomarbeit/da-conquerthecastle-ue5/UE5/Content/Medieval_Town/Meshes/Props/SM_balcony_02.uexp" 739
"C:/Users/fritz/OneDrive/Dokumente/Schule/Diplomarbeit/da-conquerthecastle-ue5/UE5/Content/Medieval_Town/Meshes/Architecture/SM_porch_stairs_01.ubulk" 740
"C:/Users/fritz/OneDrive/Dokumente/Schule/Diplomarbeit/da-conquerthecastle-ue5/UE5/Content/Medieval_Town/Meshes/Architecture/SM_porch_stairs_01.uasset" 741
"C:/Users/fritz/OneDrive/Dokumente/Schule/Diplomarbeit/da-conquerthecastle-ue5/UE5/Content/Medieval_Town/Meshes/Architecture/SM_porch_stairs_01.uexp" 742
"C:/Users/fritz/OneDrive/Dokumente/Schule/Diplomarbeit/da-conquerthecastle-ue5/UE5/Content/Medieval_Town/Meshes/Architecture/SM_porch_roof_02.ubulk" 743
"C:/Users/fritz/OneDrive/Dokumente/Schule/Diplomarbeit/da-conquerthecastle-ue5/UE5/Content/Medieval_Town/Meshes/Architecture/SM_porch_roof_02.uasset" 744
"C:/Users/fritz/OneDrive/Dokumente/Schule/Diplomarbeit/da-conquerthecastle-ue5/UE5/Content/Medieval_Town/Meshes/Architecture/SM_porch_roof_02.uexp" 745
"C:/Users/fritz/OneDrive/Dokumente/Schule/Diplomarbeit/da-conquerthecastle-ue5/UE5/Content/Medieval_Town/Textures/Tiles/stone_01/T_stone_01_N.ubulk" 746
"C:/Users/fritz/OneDrive/Dokumente/Schule/Diplomarbeit/da-conquerthecastle-ue5/UE5/Content/Medieval_Town/Textures/Tiles/stone_01/T_stone_01_N.uasset" 747
"C:/Users/fritz/OneDrive/Dokumente/Schule/Diplomarbeit/da-conquerthecastle-ue5/UE5/Content/Medieval_Town/Textures/Tiles/stone_01/T_stone_01_N.uexp" 748
"C:/Users/fritz/OneDrive/Dokumente/Schule/Diplomarbeit/da-conquerthecastle-ue5/UE5/Content/Medieval_Town/Textures/Tiles/stone_01/T_stone_01_MRA.ubulk" 749
"C:/Users/fritz/OneDrive/Dokumente/Schule/Diplomarbeit/da-conquerthecastle-ue5/UE5/Content/Medieval_Town/Textures/Tiles/stone_01/T_stone_01_MRA.uasset" 750
"C:/Users/fritz/OneDrive/Dokumente/Schule/Diplomarbeit/da-conquerthecastle-ue5/UE5/Content/Medieval_Town/Textures/Tiles/stone_01/T_stone_01_MRA.uexp" 751
"C:/Users/fritz/OneDrive/Dokumente/Schule/Diplomarbeit/da-conquerthecastle-ue5/UE5/Content/Medieval_Town/Textures/Tiles/stone_01/T_stone_01_BC.ubulk" 752
"C:/Users/fritz/OneDrive/Dokumente/Schule/Diplomarbeit/da-conquerthecastle-ue5/UE5/Content/Medieval_Town/Textures/Tiles/stone_01/T_stone_01_BC.uasset" 753
"C:/Users/fritz/OneDrive/Dokumente/Schule/Diplomarbeit/da-conquerthecastle-ue5/UE5/Content/Medieval_Town/Textures/Tiles/stone_01/T_stone_01_BC.uexp" 754
"C:/Users/fritz/OneDrive/Dokumente/Schule/Diplomarbeit/da-conquerthecastle-ue5/UE5/Content/Medieval_Town/Materials/Instances/tiles/MI_stone_01_01.uasset" 755
"C:/Users/fritz/OneDrive/Dokumente/Schule/Diplomarbeit/da-conquerthecastle-ue5/UE5/Content/Medieval_Town/Materials/Instances/tiles/MI_stone_01_01.uexp" 756
"C:/Users/fritz/OneDrive/Dokumente/Schule/Diplomarbeit/da-conquerthecastle-ue5/UE5/Content/Medieval_Town/Meshes/Architecture/SM_porch_parapet_01.ubulk" 757
"C:/Users/fritz/OneDrive/Dokumente/Schule/Diplomarbeit/da-conquerthecastle-ue5/UE5/Content/Medieval_Town/Meshes/Architecture/SM_porch_parapet_01.uasset" 758
"C:/Users/fritz/OneDrive/Dokumente/Schule/Diplomarbeit/da-conquerthecastle-ue5/UE5/Content/Medieval_Town/Meshes/Architecture/SM_porch_parapet_01.uexp" 759
"C:/Users/fritz/OneDrive/Dokumente/Schule/Diplomarbeit/da-conquerthecastle-ue5/UE5/Content/Medieval_Town/Meshes/Architecture/SM_chimney_04.ubulk" 760
"C:/Users/fritz/OneDrive/Dokumente/Schule/Diplomarbeit/da-conquerthecastle-ue5/UE5/Content/Medieval_Town/Meshes/Architecture/SM_chimney_04.uasset" 761
"C:/Users/fritz/OneDrive/Dokumente/Schule/Diplomarbeit/da-conquerthecastle-ue5/UE5/Content/Medieval_Town/Meshes/Architecture/SM_chimney_04.uexp" 762
"C:/Users/fritz/OneDrive/Dokumente/Schule/Diplomarbeit/da-conquerthecastle-ue5/UE5/Content/Medieval_Town/Meshes/Architecture/SM_chimney_03.ubulk" 763
"C:/Users/fritz/OneDrive/Dokumente/Schule/Diplomarbeit/da-conquerthecastle-ue5/UE5/Content/Medieval_Town/Meshes/Architecture/SM_chimney_03.uasset" 764
"C:/Users/fritz/OneDrive/Dokumente/Schule/Diplomarbeit/da-conquerthecastle-ue5/UE5/Content/Medieval_Town/Meshes/Architecture/SM_chimney_03.uexp" 765
"C:/Users/fritz/OneDrive/Dokumente/Schule/Diplomarbeit/da-conquerthecastle-ue5/UE5/Content/Medieval_Town/Textures/Utility/T_mask_dirt_02.ubulk" 766
"C:/Users/fritz/OneDrive/Dokumente/Schule/Diplomarbeit/da-conquerthecastle-ue5/UE5/Content/Medieval_Town/Textures/Utility/T_mask_dirt_02.uasset" 767
"C:/Users/fritz/OneDrive/Dokumente/Schule/Diplomarbeit/da-conquerthecastle-ue5/UE5/Content/Medieval_Town/Textures/Utility/T_mask_dirt_02.uexp" 768
"C:/Users/fritz/OneDrive/Dokumente/Schule/Diplomarbeit/da-conquerthecastle-ue5/UE5/Content/Medieval_Town/Materials/Instances/tiles/MI_stone_01.uasset" 769
"C:/Users/fritz/OneDrive/Dokumente/Schule/Diplomarbeit/da-conquerthecastle-ue5/UE5/Content/Medieval_Town/Materials/Instances/tiles/MI_stone_01.uexp" 770
"C:/Users/fritz/OneDrive/Dokumente/Schule/Diplomarbeit/da-conquerthecastle-ue5/UE5/Content/Medieval_Town/Meshes/Architecture/Modules/Basement/SM_basement_A_2x2_01.ubulk" 771
"C:/Users/fritz/OneDrive/Dokumente/Schule/Diplomarbeit/da-conquerthecastle-ue5/UE5/Content/Medieval_Town/Meshes/Architecture/Modules/Basement/SM_basement_A_2x2_01.uasset" 772
"C:/Users/fritz/OneDrive/Dokumente/Schule/Diplomarbeit/da-conquerthecastle-ue5/UE5/Content/Medieval_Town/Meshes/Architecture/Modules/Basement/SM_basement_A_2x2_01.uexp" 773
"C:/Users/fritz/OneDrive/Dokumente/Schule/Diplomarbeit/da-conquerthecastle-ue5/UE5/Content/Medieval_Town/Meshes/Architecture/Modules/Basement/SM_basement_A_2x4_01.ubulk" 774
"C:/Users/fritz/OneDrive/Dokumente/Schule/Diplomarbeit/da-conquerthecastle-ue5/UE5/Content/Medieval_Town/Meshes/Architecture/Modules/Basement/SM_basement_A_2x4_01.uasset" 775
"C:/Users/fritz/OneDrive/Dokumente/Schule/Diplomarbeit/da-conquerthecastle-ue5/UE5/Content/Medieval_Town/Meshes/Architecture/Modules/Basement/SM_basement_A_2x4_01.uexp" 776
"C:/Users/fritz/OneDrive/Dokumente/Schule/Diplomarbeit/da-conquerthecastle-ue5/UE5/Content/Medieval_Town/Meshes/Architecture/Modules/Basement/SM_basement_A_corner_01_01.ubulk" 777
"C:/Users/fritz/OneDrive/Dokumente/Schule/Diplomarbeit/da-conquerthecastle-ue5/UE5/Content/Medieval_Town/Meshes/Architecture/Modules/Basement/SM_basement_A_corner_01_01.uasset" 778
"C:/Users/fritz/OneDrive/Dokumente/Schule/Diplomarbeit/da-conquerthecastle-ue5/UE5/Content/Medieval_Town/Meshes/Architecture/Modules/Basement/SM_basement_A_corner_01_01.uexp" 779
"C:/Users/fritz/OneDrive/Dokumente/Schule/Diplomarbeit/da-conquerthecastle-ue5/UE5/Content/Medieval_Town/Meshes/Architecture/Modules/Doorways/SM_wall_A_doorway_4x4_01_03.ubulk" 780
"C:/Users/fritz/OneDrive/Dokumente/Schule/Diplomarbeit/da-conquerthecastle-ue5/UE5/Content/Medieval_Town/Meshes/Architecture/Modules/Doorways/SM_wall_A_doorway_4x4_01_03.uasset" 781
"C:/Users/fritz/OneDrive/Dokumente/Schule/Diplomarbeit/da-conquerthecastle-ue5/UE5/Content/Medieval_Town/Meshes/Architecture/Modules/Doorways/SM_wall_A_doorway_4x4_01_03.uexp" 782
"C:/Users/fritz/OneDrive/Dokumente/Schule/Diplomarbeit/da-conquerthecastle-ue5/UE5/Content/Medieval_Town/Meshes/Architecture/Modules/Doorways/SM_wall_A_doorway_4x4_02_02.ubulk" 783
"C:/Users/fritz/OneDrive/Dokumente/Schule/Diplomarbeit/da-conquerthecastle-ue5/UE5/Content/Medieval_Town/Meshes/Architecture/Modules/Doorways/SM_wall_A_doorway_4x4_02_02.uasset" 784
"C:/Users/fritz/OneDrive/Dokumente/Schule/Diplomarbeit/da-conquerthecastle-ue5/UE5/Content/Medieval_Town/Meshes/Architecture/Modules/Doorways/SM_wall_A_doorway_4x4_02_02.uexp" 785
"C:/Users/fritz/OneDrive/Dokumente/Schule/Diplomarbeit/da-conquerthecastle-ue5/UE5/Content/Medieval_Town/Meshes/Architecture/Modules/Roof/SM_roof_A_part_01_01.ubulk" 786
"C:/Users/fritz/OneDrive/Dokumente/Schule/Diplomarbeit/da-conquerthecastle-ue5/UE5/Content/Medieval_Town/Meshes/Architecture/Modules/Roof/SM_roof_A_part_01_01.uasset" 787
"C:/Users/fritz/OneDrive/Dokumente/Schule/Diplomarbeit/da-conquerthecastle-ue5/UE5/Content/Medieval_Town/Meshes/Architecture/Modules/Roof/SM_roof_A_part_01_01.uexp" 788
"C:/Users/fritz/OneDrive/Dokumente/Schule/Diplomarbeit/da-conquerthecastle-ue5/UE5/Content/Medieval_Town/Meshes/Architecture/Modules/Roof/SM_roof_A_part_4_02_01.ubulk" 789
"C:/Users/fritz/OneDrive/Dokumente/Schule/Diplomarbeit/da-conquerthecastle-ue5/UE5/Content/Medieval_Town/Meshes/Architecture/Modules/Roof/SM_roof_A_part_4_02_01.uasset" 790
"C:/Users/fritz/OneDrive/Dokumente/Schule/Diplomarbeit/da-conquerthecastle-ue5/UE5/Content/Medieval_Town/Meshes/Architecture/Modules/Roof/SM_roof_A_part_4_02_01.uexp" 791
"C:/Users/fritz/OneDrive/Dokumente/Schule/Diplomarbeit/da-conquerthecastle-ue5/UE5/Content/Medieval_Town/Meshes/Architecture/Modules/Roof/SM_roof_A_top_part_2_01.ubulk" 792
"C:/Users/fritz/OneDrive/Dokumente/Schule/Diplomarbeit/da-conquerthecastle-ue5/UE5/Content/Medieval_Town/Meshes/Architecture/Modules/Roof/SM_roof_A_top_part_2_01.uasset" 793
"C:/Users/fritz/OneDrive/Dokumente/Schule/Diplomarbeit/da-conquerthecastle-ue5/UE5/Content/Medieval_Town/Meshes/Architecture/Modules/Roof/SM_roof_A_top_part_2_01.uexp" 794
"C:/Users/fritz/OneDrive/Dokumente/Schule/Diplomarbeit/da-conquerthecastle-ue5/UE5/Content/Medieval_Town/Meshes/Architecture/Modules/Stairs/SM_stairs_02.ubulk" 795
"C:/Users/fritz/OneDrive/Dokumente/Schule/Diplomarbeit/da-conquerthecastle-ue5/UE5/Content/Medieval_Town/Meshes/Architecture/Modules/Stairs/SM_stairs_02.uasset" 796
"C:/Users/fritz/OneDrive/Dokumente/Schule/Diplomarbeit/da-conquerthecastle-ue5/UE5/Content/Medieval_Town/Meshes/Architecture/Modules/Stairs/SM_stairs_02.uexp" 797
"C:/Users/fritz/OneDrive/Dokumente/Schule/Diplomarbeit/da-conquerthecastle-ue5/UE5/Content/Medieval_Town/Meshes/Architecture/Modules/Stairs/SM_stairs_part_02.ubulk" 798
"C:/Users/fritz/OneDrive/Dokumente/Schule/Diplomarbeit/da-conquerthecastle-ue5/UE5/Content/Medieval_Town/Meshes/Architecture/Modules/Stairs/SM_stairs_part_02.uasset" 799
"C:/Users/fritz/OneDrive/Dokumente/Schule/Diplomarbeit/da-conquerthecastle-ue5/UE5/Content/Medieval_Town/Meshes/Architecture/Modules/Stairs/SM_stairs_part_02.uexp" 800
"C:/Users/fritz/OneDrive/Dokumente/Schule/Diplomarbeit/da-conquerthecastle-ue5/UE5/Content/Medieval_Town/Meshes/Architecture/Modules/Walls_A/SM_wall_A_balcony_4x4_01_01.ubulk" 801
"C:/Users/fritz/OneDrive/Dokumente/Schule/Diplomarbeit/da-conquerthecastle-ue5/UE5/Content/Medieval_Town/Meshes/Architecture/Modules/Walls_A/SM_wall_A_balcony_4x4_01_01.uasset" 802
"C:/Users/fritz/OneDrive/Dokumente/Schule/Diplomarbeit/da-conquerthecastle-ue5/UE5/Content/Medieval_Town/Meshes/Architecture/Modules/Walls_A/SM_wall_A_balcony_4x4_01_01.uexp" 803
"C:/Users/fritz/OneDrive/Dokumente/Schule/Diplomarbeit/da-conquerthecastle-ue5/UE5/Content/Medieval_Town/Meshes/Architecture/Modules/Windows/SM_wall_A_window_4x4_01_02.ubulk" 804
"C:/Users/fritz/OneDrive/Dokumente/Schule/Diplomarbeit/da-conquerthecastle-ue5/UE5/Content/Medieval_Town/Meshes/Architecture/Modules/Windows/SM_wall_A_window_4x4_01_02.uasset" 805
"C:/Users/fritz/OneDrive/Dokumente/Schule/Diplomarbeit/da-conquerthecastle-ue5/UE5/Content/Medieval_Town/Meshes/Architecture/Modules/Windows/SM_wall_A_window_4x4_01_02.uexp" 806
"C:/Users/fritz/OneDrive/Dokumente/Schule/Diplomarbeit/da-conquerthecastle-ue5/UE5/Content/Medieval_Town/Meshes/Architecture/Modules/Windows/SM_wall_A_window_4x4_07_02.ubulk" 807
"C:/Users/fritz/OneDrive/Dokumente/Schule/Diplomarbeit/da-conquerthecastle-ue5/UE5/Content/Medieval_Town/Meshes/Architecture/Modules/Windows/SM_wall_A_window_4x4_07_02.uasset" 808
"C:/Users/fritz/OneDrive/Dokumente/Schule/Diplomarbeit/da-conquerthecastle-ue5/UE5/Content/Medieval_Town/Meshes/Architecture/Modules/Windows/SM_wall_A_window_4x4_07_02.uexp" 809
"C:/Users/fritz/OneDrive/Dokumente/Schule/Diplomarbeit/da-conquerthecastle-ue5/UE5/Content/Medieval_Town/Materials/Instances/tiles/MI_plaster_01_orange.uasset" 810
"C:/Users/fritz/OneDrive/Dokumente/Schule/Diplomarbeit/da-conquerthecastle-ue5/UE5/Content/Medieval_Town/Materials/Instances/tiles/MI_plaster_01_orange.uexp" 811
"C:/Users/fritz/OneDrive/Dokumente/Schule/Diplomarbeit/da-conquerthecastle-ue5/UE5/Content/Medieval_Town/Materials/Instances/tiles/MI_plaster_01_green.uasset" 812
"C:/Users/fritz/OneDrive/Dokumente/Schule/Diplomarbeit/da-conquerthecastle-ue5/UE5/Content/Medieval_Town/Materials/Instances/tiles/MI_plaster_01_green.uexp" 813
"C:/Users/fritz/OneDrive/Dokumente/Schule/Diplomarbeit/da-conquerthecastle-ue5/UE5/Content/Medieval_Town/Blueprints/Houses/BP_restaurant.uasset" 814
"C:/Users/fritz/OneDrive/Dokumente/Schule/Diplomarbeit/da-conquerthecastle-ue5/UE5/Content/Medieval_Town/Blueprints/Houses/BP_restaurant.uexp" 815
"C:/Users/fritz/OneDrive/Dokumente/Schule/Diplomarbeit/da-conquerthecastle-ue5/UE5/Content/Medieval_Town/Meshes/Props/SM_window_03.ubulk" 816
"C:/Users/fritz/OneDrive/Dokumente/Schule/Diplomarbeit/da-conquerthecastle-ue5/UE5/Content/Medieval_Town/Meshes/Props/SM_window_03.uasset" 817
"C:/Users/fritz/OneDrive/Dokumente/Schule/Diplomarbeit/da-conquerthecastle-ue5/UE5/Content/Medieval_Town/Meshes/Props/SM_window_03.uexp" 818
"C:/Users/fritz/OneDrive/Dokumente/Schule/Diplomarbeit/da-conquerthecastle-ue5/UE5/Content/Medieval_Town/Meshes/Props/SM_fence_part_01.ubulk" 819
"C:/Users/fritz/OneDrive/Dokumente/Schule/Diplomarbeit/da-conquerthecastle-ue5/UE5/Content/Medieval_Town/Meshes/Props/SM_fence_part_01.uasset" 820
"C:/Users/fritz/OneDrive/Dokumente/Schule/Diplomarbeit/da-conquerthecastle-ue5/UE5/Content/Medieval_Town/Meshes/Props/SM_fence_part_01.uexp" 821
"C:/Users/fritz/OneDrive/Dokumente/Schule/Diplomarbeit/da-conquerthecastle-ue5/UE5/Content/Medieval_Town/Meshes/Props/SM_fence_2m_02.ubulk" 822
"C:/Users/fritz/OneDrive/Dokumente/Schule/Diplomarbeit/da-conquerthecastle-ue5/UE5/Content/Medieval_Town/Meshes/Props/SM_fence_2m_02.uasset" 823
"C:/Users/fritz/OneDrive/Dokumente/Schule/Diplomarbeit/da-conquerthecastle-ue5/UE5/Content/Medieval_Town/Meshes/Props/SM_fence_2m_02.uexp" 824
"C:/Users/fritz/OneDrive/Dokumente/Schule/Diplomarbeit/da-conquerthecastle-ue5/UE5/Content/Medieval_Town/Meshes/Architecture/SM_shutter_03.ubulk" 825
"C:/Users/fritz/OneDrive/Dokumente/Schule/Diplomarbeit/da-conquerthecastle-ue5/UE5/Content/Medieval_Town/Meshes/Architecture/SM_shutter_03.uasset" 826
"C:/Users/fritz/OneDrive/Dokumente/Schule/Diplomarbeit/da-conquerthecastle-ue5/UE5/Content/Medieval_Town/Meshes/Architecture/SM_shutter_03.uexp" 827
"C:/Users/fritz/OneDrive/Dokumente/Schule/Diplomarbeit/da-conquerthecastle-ue5/UE5/Content/Medieval_Town/Meshes/Architecture/SM_roof_attic_01.ubulk" 828
"C:/Users/fritz/OneDrive/Dokumente/Schule/Diplomarbeit/da-conquerthecastle-ue5/UE5/Content/Medieval_Town/Meshes/Architecture/SM_roof_attic_01.uasset" 829
"C:/Users/fritz/OneDrive/Dokumente/Schule/Diplomarbeit/da-conquerthecastle-ue5/UE5/Content/Medieval_Town/Meshes/Architecture/SM_roof_attic_01.uexp" 830
"C:/Users/fritz/OneDrive/Dokumente/Schule/Diplomarbeit/da-conquerthecastle-ue5/UE5/Content/Medieval_Town/Meshes/Architecture/SM_porch_roof_01.ubulk" 831
"C:/Users/fritz/OneDrive/Dokumente/Schule/Diplomarbeit/da-conquerthecastle-ue5/UE5/Content/Medieval_Town/Meshes/Architecture/SM_porch_roof_01.uasset" 832
"C:/Users/fritz/OneDrive/Dokumente/Schule/Diplomarbeit/da-conquerthecastle-ue5/UE5/Content/Medieval_Town/Meshes/Architecture/SM_porch_roof_01.uexp" 833
"C:/Users/fritz/OneDrive/Dokumente/Schule/Diplomarbeit/da-conquerthecastle-ue5/UE5/Content/Medieval_Town/Meshes/Architecture/SM_porch_parapet_01_01.ubulk" 834
"C:/Users/fritz/OneDrive/Dokumente/Schule/Diplomarbeit/da-conquerthecastle-ue5/UE5/Content/Medieval_Town/Meshes/Architecture/SM_porch_parapet_01_01.uasset" 835
"C:/Users/fritz/OneDrive/Dokumente/Schule/Diplomarbeit/da-conquerthecastle-ue5/UE5/Content/Medieval_Town/Meshes/Architecture/SM_porch_parapet_01_01.uexp" 836
"C:/Users/fritz/OneDrive/Dokumente/Schule/Diplomarbeit/da-conquerthecastle-ue5/UE5/Content/Medieval_Town/Meshes/Architecture/Modules/Doorways/SM_wall_A_doorway_2x2_01_02.ubulk" 837
"C:/Users/fritz/OneDrive/Dokumente/Schule/Diplomarbeit/da-conquerthecastle-ue5/UE5/Content/Medieval_Town/Meshes/Architecture/Modules/Doorways/SM_wall_A_doorway_2x2_01_02.uasset" 838
"C:/Users/fritz/OneDrive/Dokumente/Schule/Diplomarbeit/da-conquerthecastle-ue5/UE5/Content/Medieval_Town/Meshes/Architecture/Modules/Doorways/SM_wall_A_doorway_2x2_01_02.uexp" 839
"C:/Users/fritz/OneDrive/Dokumente/Schule/Diplomarbeit/da-conquerthecastle-ue5/UE5/Content/Medieval_Town/Meshes/Architecture/Modules/Doorways/SM_wall_A_doorway_4x4_01_02.ubulk" 840
"C:/Users/fritz/OneDrive/Dokumente/Schule/Diplomarbeit/da-conquerthecastle-ue5/UE5/Content/Medieval_Town/Meshes/Architecture/Modules/Doorways/SM_wall_A_doorway_4x4_01_02.uasset" 841
"C:/Users/fritz/OneDrive/Dokumente/Schule/Diplomarbeit/da-conquerthecastle-ue5/UE5/Content/Medieval_Town/Meshes/Architecture/Modules/Doorways/SM_wall_A_doorway_4x4_01_02.uexp" 842
"C:/Users/fritz/OneDrive/Dokumente/Schule/Diplomarbeit/da-conquerthecastle-ue5/UE5/Content/Medieval_Town/Meshes/Architecture/Modules/Roof/SM_roof_A_part_5_01_01.ubulk" 843
"C:/Users/fritz/OneDrive/Dokumente/Schule/Diplomarbeit/da-conquerthecastle-ue5/UE5/Content/Medieval_Town/Meshes/Architecture/Modules/Roof/SM_roof_A_part_5_01_01.uasset" 844
"C:/Users/fritz/OneDrive/Dokumente/Schule/Diplomarbeit/da-conquerthecastle-ue5/UE5/Content/Medieval_Town/Meshes/Architecture/Modules/Roof/SM_roof_A_part_5_01_01.uexp" 845
"C:/Users/fritz/OneDrive/Dokumente/Schule/Diplomarbeit/da-conquerthecastle-ue5/UE5/Content/Medieval_Town/Meshes/Architecture/Modules/Roof/SM_roof_A_part_5_02_01.ubulk" 846
"C:/Users/fritz/OneDrive/Dokumente/Schule/Diplomarbeit/da-conquerthecastle-ue5/UE5/Content/Medieval_Town/Meshes/Architecture/Modules/Roof/SM_roof_A_part_5_02_01.uasset" 847
"C:/Users/fritz/OneDrive/Dokumente/Schule/Diplomarbeit/da-conquerthecastle-ue5/UE5/Content/Medieval_Town/Meshes/Architecture/Modules/Roof/SM_roof_A_part_5_02_01.uexp" 848
"C:/Users/fritz/OneDrive/Dokumente/Schule/Diplomarbeit/da-conquerthecastle-ue5/UE5/Content/Medieval_Town/Meshes/Architecture/Modules/Windows/SM_wall_A_window_4x4_05_02.ubulk" 849
"C:/Users/fritz/OneDrive/Dokumente/Schule/Diplomarbeit/da-conquerthecastle-ue5/UE5/Content/Medieval_Town/Meshes/Architecture/Modules/Windows/SM_wall_A_window_4x4_05_02.uasset" 850
"C:/Users/fritz/OneDrive/Dokumente/Schule/Diplomarbeit/da-conquerthecastle-ue5/UE5/Content/Medieval_Town/Meshes/Architecture/Modules/Windows/SM_wall_A_window_4x4_05_02.uexp" 851
"C:/Users/fritz/OneDrive/Dokumente/Schule/Diplomarbeit/da-conquerthecastle-ue5/UE5/Content/Medieval_Town/Materials/Instances/tiles/MI_wood_planks_01_red.uasset" 852
"C:/Users/fritz/OneDrive/Dokumente/Schule/Diplomarbeit/da-conquerthecastle-ue5/UE5/Content/Medieval_Town/Materials/Instances/tiles/MI_wood_planks_01_red.uexp" 853
"C:/Users/fritz/OneDrive/Dokumente/Schule/Diplomarbeit/da-conquerthecastle-ue5/UE5/Content/Medieval_Town/Materials/Instances/Trims/MI_trim_wood_01_blue.uasset" 854
"C:/Users/fritz/OneDrive/Dokumente/Schule/Diplomarbeit/da-conquerthecastle-ue5/UE5/Content/Medieval_Town/Materials/Instances/Trims/MI_trim_wood_01_blue.uexp" 855
"C:/Users/fritz/OneDrive/Dokumente/Schule/Diplomarbeit/da-conquerthecastle-ue5/UE5/Content/Medieval_Town/Blueprints/Houses/BP_residential_house_14.uasset" 856
"C:/Users/fritz/OneDrive/Dokumente/Schule/Diplomarbeit/da-conquerthecastle-ue5/UE5/Content/Medieval_Town/Blueprints/Houses/BP_residential_house_14.uexp" 857
"C:/Users/fritz/OneDrive/Dokumente/Schule/Diplomarbeit/da-conquerthecastle-ue5/UE5/Content/Medieval_Town/Blueprints/Houses/BP_residential_house_12.uasset" 858
"C:/Users/fritz/OneDrive/Dokumente/Schule/Diplomarbeit/da-conquerthecastle-ue5/UE5/Content/Medieval_Town/Blueprints/Houses/BP_residential_house_12.uexp" 859
"C:/Users/fritz/OneDrive/Dokumente/Schule/Diplomarbeit/da-conquerthecastle-ue5/UE5/Content/Medieval_Town/Meshes/Props/SM_window_02.ubulk" 860
"C:/Users/fritz/OneDrive/Dokumente/Schule/Diplomarbeit/da-conquerthecastle-ue5/UE5/Content/Medieval_Town/Meshes/Props/SM_window_02.uasset" 861
"C:/Users/fritz/OneDrive/Dokumente/Schule/Diplomarbeit/da-conquerthecastle-ue5/UE5/Content/Medieval_Town/Meshes/Props/SM_window_02.uexp" 862
"C:/Users/fritz/OneDrive/Dokumente/Schule/Diplomarbeit/da-conquerthecastle-ue5/UE5/Content/Medieval_Town/Meshes/Architecture/SM_porch_roof_03.ubulk" 863
"C:/Users/fritz/OneDrive/Dokumente/Schule/Diplomarbeit/da-conquerthecastle-ue5/UE5/Content/Medieval_Town/Meshes/Architecture/SM_porch_roof_03.uasset" 864
"C:/Users/fritz/OneDrive/Dokumente/Schule/Diplomarbeit/da-conquerthecastle-ue5/UE5/Content/Medieval_Town/Meshes/Architecture/SM_porch_roof_03.uexp" 865
"C:/Users/fritz/OneDrive/Dokumente/Schule/Diplomarbeit/da-conquerthecastle-ue5/UE5/Content/Medieval_Town/Materials/Instances/MI_fabric_01_blue.uasset" 866
"C:/Users/fritz/OneDrive/Dokumente/Schule/Diplomarbeit/da-conquerthecastle-ue5/UE5/Content/Medieval_Town/Materials/Instances/MI_fabric_01_blue.uexp" 867
"C:/Users/fritz/OneDrive/Dokumente/Schule/Diplomarbeit/da-conquerthecastle-ue5/UE5/Content/Medieval_Town/Meshes/Architecture/Modules/Walls_A/SM_wall_A_2x4_01_01.ubulk" 868
"C:/Users/fritz/OneDrive/Dokumente/Schule/Diplomarbeit/da-conquerthecastle-ue5/UE5/Content/Medieval_Town/Meshes/Architecture/Modules/Walls_A/SM_wall_A_2x4_01_01.uasset" 869
"C:/Users/fritz/OneDrive/Dokumente/Schule/Diplomarbeit/da-conquerthecastle-ue5/UE5/Content/Medieval_Town/Meshes/Architecture/Modules/Walls_A/SM_wall_A_2x4_01_01.uexp" 870
"C:/Users/fritz/OneDrive/Dokumente/Schule/Diplomarbeit/da-conquerthecastle-ue5/UE5/Content/Medieval_Town/Meshes/Architecture/Modules/Walls_A/SM_wall_A_2x4_02_01.ubulk" 871
"C:/Users/fritz/OneDrive/Dokumente/Schule/Diplomarbeit/da-conquerthecastle-ue5/UE5/Content/Medieval_Town/Meshes/Architecture/Modules/Walls_A/SM_wall_A_2x4_02_01.uasset" 872
"C:/Users/fritz/OneDrive/Dokumente/Schule/Diplomarbeit/da-conquerthecastle-ue5/UE5/Content/Medieval_Town/Meshes/Architecture/Modules/Walls_A/SM_wall_A_2x4_02_01.uexp" 873
"C:/Users/fritz/OneDrive/Dokumente/Schule/Diplomarbeit/da-conquerthecastle-ue5/UE5/Content/Medieval_Town/Meshes/Architecture/Modules/Walls_A/SM_wall_A_2x4_02_02.ubulk" 874
"C:/Users/fritz/OneDrive/Dokumente/Schule/Diplomarbeit/da-conquerthecastle-ue5/UE5/Content/Medieval_Town/Meshes/Architecture/Modules/Walls_A/SM_wall_A_2x4_02_02.uasset" 875
"C:/Users/fritz/OneDrive/Dokumente/Schule/Diplomarbeit/da-conquerthecastle-ue5/UE5/Content/Medieval_Town/Meshes/Architecture/Modules/Walls_A/SM_wall_A_2x4_02_02.uexp" 876
"C:/Users/fritz/OneDrive/Dokumente/Schule/Diplomarbeit/da-conquerthecastle-ue5/UE5/Content/Medieval_Town/Meshes/Architecture/Modules/Walls_A/SM_wall_A_4x4_02_01.ubulk" 877
"C:/Users/fritz/OneDrive/Dokumente/Schule/Diplomarbeit/da-conquerthecastle-ue5/UE5/Content/Medieval_Town/Meshes/Architecture/Modules/Walls_A/SM_wall_A_4x4_02_01.uasset" 878
"C:/Users/fritz/OneDrive/Dokumente/Schule/Diplomarbeit/da-conquerthecastle-ue5/UE5/Content/Medieval_Town/Meshes/Architecture/Modules/Walls_A/SM_wall_A_4x4_02_01.uexp" 879
"C:/Users/fritz/OneDrive/Dokumente/Schule/Diplomarbeit/da-conquerthecastle-ue5/UE5/Content/Medieval_Town/Meshes/Architecture/Modules/Walls_A/SM_wall_A_corner_4_01_01.ubulk" 880
"C:/Users/fritz/OneDrive/Dokumente/Schule/Diplomarbeit/da-conquerthecastle-ue5/UE5/Content/Medieval_Town/Meshes/Architecture/Modules/Walls_A/SM_wall_A_corner_4_01_01.uasset" 881
"C:/Users/fritz/OneDrive/Dokumente/Schule/Diplomarbeit/da-conquerthecastle-ue5/UE5/Content/Medieval_Town/Meshes/Architecture/Modules/Walls_A/SM_wall_A_corner_4_01_01.uexp" 882
"C:/Users/fritz/OneDrive/Dokumente/Schule/Diplomarbeit/da-conquerthecastle-ue5/UE5/Content/Medieval_Town/Meshes/Architecture/Modules/Windows/SM_wall_A_window_4x4_04_01.ubulk" 883
"C:/Users/fritz/OneDrive/Dokumente/Schule/Diplomarbeit/da-conquerthecastle-ue5/UE5/Content/Medieval_Town/Meshes/Architecture/Modules/Windows/SM_wall_A_window_4x4_04_01.uasset" 884
"C:/Users/fritz/OneDrive/Dokumente/Schule/Diplomarbeit/da-conquerthecastle-ue5/UE5/Content/Medieval_Town/Meshes/Architecture/Modules/Windows/SM_wall_A_window_4x4_04_01.uexp" 885
"C:/Users/fritz/OneDrive/Dokumente/Schule/Diplomarbeit/da-conquerthecastle-ue5/UE5/Content/Medieval_Town/Materials/Instances/tiles/MI_plaster_01_red.uasset" 886
"C:/Users/fritz/OneDrive/Dokumente/Schule/Diplomarbeit/da-conquerthecastle-ue5/UE5/Content/Medieval_Town/Materials/Instances/tiles/MI_plaster_01_red.uexp" 887
"C:/Users/fritz/OneDrive/Dokumente/Schule/Diplomarbeit/da-conquerthecastle-ue5/UE5/Content/Medieval_Town/Materials/Instances/Trims/MI_trim_stone_01_yellow.uasset" 888
"C:/Users/fritz/OneDrive/Dokumente/Schule/Diplomarbeit/da-conquerthecastle-ue5/UE5/Content/Medieval_Town/Materials/Instances/Trims/MI_trim_stone_01_yellow.uexp" 889
"C:/Users/fritz/OneDrive/Dokumente/Schule/Diplomarbeit/da-conquerthecastle-ue5/UE5/Content/Medieval_Town/Materials/Instances/Trims/MI_trim_wood_01_green.uasset" 890
"C:/Users/fritz/OneDrive/Dokumente/Schule/Diplomarbeit/da-conquerthecastle-ue5/UE5/Content/Medieval_Town/Materials/Instances/Trims/MI_trim_wood_01_green.uexp" 891
"C:/Users/fritz/OneDrive/Dokumente/Schule/Diplomarbeit/da-conquerthecastle-ue5/UE5/Content/Medieval_Town/Blueprints/Houses/BP_residential_house_11.uasset" 892
"C:/Users/fritz/OneDrive/Dokumente/Schule/Diplomarbeit/da-conquerthecastle-ue5/UE5/Content/Medieval_Town/Blueprints/Houses/BP_residential_house_11.uexp" 893
"C:/Users/fritz/OneDrive/Dokumente/Schule/Diplomarbeit/da-conquerthecastle-ue5/UE5/Content/Medieval_Town/Materials/Masters/MM_flame_01.uasset" 894
"C:/Users/fritz/OneDrive/Dokumente/Schule/Diplomarbeit/da-conquerthecastle-ue5/UE5/Content/Medieval_Town/Materials/Masters/MM_flame_01.uexp" 895
"C:/Users/fritz/OneDrive/Dokumente/Schule/Diplomarbeit/da-conquerthecastle-ue5/UE5/Content/Medieval_Town/Textures/Unique/flame_01/T_flame_01_BC.ubulk" 896
"C:/Users/fritz/OneDrive/Dokumente/Schule/Diplomarbeit/da-conquerthecastle-ue5/UE5/Content/Medieval_Town/Textures/Unique/flame_01/T_flame_01_BC.uasset" 897
"C:/Users/fritz/OneDrive/Dokumente/Schule/Diplomarbeit/da-conquerthecastle-ue5/UE5/Content/Medieval_Town/Textures/Unique/flame_01/T_flame_01_BC.uexp" 898
"C:/Users/fritz/OneDrive/Dokumente/Schule/Diplomarbeit/da-conquerthecastle-ue5/UE5/Content/Medieval_Town/Materials/Instances/MI_flame_01.uasset" 899
"C:/Users/fritz/OneDrive/Dokumente/Schule/Diplomarbeit/da-conquerthecastle-ue5/UE5/Content/Medieval_Town/Materials/Instances/MI_flame_01.uexp" 900
"C:/Users/fritz/OneDrive/Dokumente/Schule/Diplomarbeit/da-conquerthecastle-ue5/UE5/Content/Medieval_Town/Textures/Unique/street_lamps_01/T_street_lamps_01_N.ubulk" 901
"C:/Users/fritz/OneDrive/Dokumente/Schule/Diplomarbeit/da-conquerthecastle-ue5/UE5/Content/Medieval_Town/Textures/Unique/street_lamps_01/T_street_lamps_01_N.uasset" 902
"C:/Users/fritz/OneDrive/Dokumente/Schule/Diplomarbeit/da-conquerthecastle-ue5/UE5/Content/Medieval_Town/Textures/Unique/street_lamps_01/T_street_lamps_01_N.uexp" 903
"C:/Users/fritz/OneDrive/Dokumente/Schule/Diplomarbeit/da-conquerthecastle-ue5/UE5/Content/Medieval_Town/Textures/Unique/street_lamps_01/T_street_lamps_01_MRA.ubulk" 904
"C:/Users/fritz/OneDrive/Dokumente/Schule/Diplomarbeit/da-conquerthecastle-ue5/UE5/Content/Medieval_Town/Textures/Unique/street_lamps_01/T_street_lamps_01_MRA.uasset" 905
"C:/Users/fritz/OneDrive/Dokumente/Schule/Diplomarbeit/da-conquerthecastle-ue5/UE5/Content/Medieval_Town/Textures/Unique/street_lamps_01/T_street_lamps_01_MRA.uexp" 906
"C:/Users/fritz/OneDrive/Dokumente/Schule/Diplomarbeit/da-conquerthecastle-ue5/UE5/Content/Medieval_Town/Textures/Unique/street_lamps_01/T_street_lamps_01_BC.ubulk" 907
"C:/Users/fritz/OneDrive/Dokumente/Schule/Diplomarbeit/da-conquerthecastle-ue5/UE5/Content/Medieval_Town/Textures/Unique/street_lamps_01/T_street_lamps_01_BC.uasset" 908
"C:/Users/fritz/OneDrive/Dokumente/Schule/Diplomarbeit/da-conquerthecastle-ue5/UE5/Content/Medieval_Town/Textures/Unique/street_lamps_01/T_street_lamps_01_BC.uexp" 909
"C:/Users/fritz/OneDrive/Dokumente/Schule/Diplomarbeit/da-conquerthecastle-ue5/UE5/Content/Medieval_Town/Materials/Instances/MI_street_lamps_01.uasset" 910
"C:/Users/fritz/OneDrive/Dokumente/Schule/Diplomarbeit/da-conquerthecastle-ue5/UE5/Content/Medieval_Town/Materials/Instances/MI_street_lamps_01.uexp" 911
"C:/Users/fritz/OneDrive/Dokumente/Schule/Diplomarbeit/da-conquerthecastle-ue5/UE5/Content/Medieval_Town/Materials/Instances/tiles/MI_glass_04.uasset" 912
"C:/Users/fritz/OneDrive/Dokumente/Schule/Diplomarbeit/da-conquerthecastle-ue5/UE5/Content/Medieval_Town/Materials/Instances/tiles/MI_glass_04.uexp" 913
"C:/Users/fritz/OneDrive/Dokumente/Schule/Diplomarbeit/da-conquerthecastle-ue5/UE5/Content/Medieval_Town/Meshes/Props/SM_street_lamp_02.ubulk" 914
"C:/Users/fritz/OneDrive/Dokumente/Schule/Diplomarbeit/da-conquerthecastle-ue5/UE5/Content/Medieval_Town/Meshes/Props/SM_street_lamp_02.uasset" 915
"C:/Users/fritz/OneDrive/Dokumente/Schule/Diplomarbeit/da-conquerthecastle-ue5/UE5/Content/Medieval_Town/Meshes/Props/SM_street_lamp_02.uexp" 916
"C:/Users/fritz/OneDrive/Dokumente/Schule/Diplomarbeit/da-conquerthecastle-ue5/UE5/Content/Medieval_Town/Materials/Instances/Trims/MI_trim_stone_01_grey.uasset" 917
"C:/Users/fritz/OneDrive/Dokumente/Schule/Diplomarbeit/da-conquerthecastle-ue5/UE5/Content/Medieval_Town/Materials/Instances/Trims/MI_trim_stone_01_grey.uexp" 918
"C:/Users/fritz/OneDrive/Dokumente/Schule/Diplomarbeit/da-conquerthecastle-ue5/UE5/Content/Medieval_Town/Meshes/Architecture/Modules/Doorways/SM_wall_A_doorway_2x2_01_01.ubulk" 919
"C:/Users/fritz/OneDrive/Dokumente/Schule/Diplomarbeit/da-conquerthecastle-ue5/UE5/Content/Medieval_Town/Meshes/Architecture/Modules/Doorways/SM_wall_A_doorway_2x2_01_01.uasset" 920
"C:/Users/fritz/OneDrive/Dokumente/Schule/Diplomarbeit/da-conquerthecastle-ue5/UE5/Content/Medieval_Town/Meshes/Architecture/Modules/Doorways/SM_wall_A_doorway_2x2_01_01.uexp" 921
"C:/Users/fritz/OneDrive/Dokumente/Schule/Diplomarbeit/da-conquerthecastle-ue5/UE5/Content/Medieval_Town/Meshes/Architecture/Modules/Windows/SM_wall_A_window_4x4_01_01.ubulk" 922
"C:/Users/fritz/OneDrive/Dokumente/Schule/Diplomarbeit/da-conquerthecastle-ue5/UE5/Content/Medieval_Town/Meshes/Architecture/Modules/Windows/SM_wall_A_window_4x4_01_01.uasset" 923
"C:/Users/fritz/OneDrive/Dokumente/Schule/Diplomarbeit/da-conquerthecastle-ue5/UE5/Content/Medieval_Town/Meshes/Architecture/Modules/Windows/SM_wall_A_window_4x4_01_01.uexp" 924
"C:/Users/fritz/OneDrive/Dokumente/Schule/Diplomarbeit/da-conquerthecastle-ue5/UE5/Content/Medieval_Town/Materials/Instances/tiles/MI_plaster_01_grey.uasset" 925
"C:/Users/fritz/OneDrive/Dokumente/Schule/Diplomarbeit/da-conquerthecastle-ue5/UE5/Content/Medieval_Town/Materials/Instances/tiles/MI_plaster_01_grey.uexp" 926
"C:/Users/fritz/OneDrive/Dokumente/Schule/Diplomarbeit/da-conquerthecastle-ue5/UE5/Content/Medieval_Town/Materials/Instances/Trims/MI_trim_wood_01_yellow.uasset" 927
"C:/Users/fritz/OneDrive/Dokumente/Schule/Diplomarbeit/da-conquerthecastle-ue5/UE5/Content/Medieval_Town/Materials/Instances/Trims/MI_trim_wood_01_yellow.uexp" 928
"C:/Users/fritz/OneDrive/Dokumente/Schule/Diplomarbeit/da-conquerthecastle-ue5/UE5/Content/Medieval_Town/Blueprints/Houses/BP_residential_house_10.uasset" 929
"C:/Users/fritz/OneDrive/Dokumente/Schule/Diplomarbeit/da-conquerthecastle-ue5/UE5/Content/Medieval_Town/Blueprints/Houses/BP_residential_house_10.uexp" 930
"C:/Users/fritz/OneDrive/Dokumente/Schule/Diplomarbeit/da-conquerthecastle-ue5/UE5/Content/Medieval_Town/Meshes/Props/SM_fence_2m_01.ubulk" 931
"C:/Users/fritz/OneDrive/Dokumente/Schule/Diplomarbeit/da-conquerthecastle-ue5/UE5/Content/Medieval_Town/Meshes/Props/SM_fence_2m_01.uasset" 932
"C:/Users/fritz/OneDrive/Dokumente/Schule/Diplomarbeit/da-conquerthecastle-ue5/UE5/Content/Medieval_Town/Meshes/Props/SM_fence_2m_01.uexp" 933
"C:/Users/fritz/OneDrive/Dokumente/Schule/Diplomarbeit/da-conquerthecastle-ue5/UE5/Content/Medieval_Town/Meshes/Props/SM_balcony_01.ubulk" 934
"C:/Users/fritz/OneDrive/Dokumente/Schule/Diplomarbeit/da-conquerthecastle-ue5/UE5/Content/Medieval_Town/Meshes/Props/SM_balcony_01.uasset" 935
"C:/Users/fritz/OneDrive/Dokumente/Schule/Diplomarbeit/da-conquerthecastle-ue5/UE5/Content/Medieval_Town/Meshes/Props/SM_balcony_01.uexp" 936
"C:/Users/fritz/OneDrive/Dokumente/Schule/Diplomarbeit/da-conquerthecastle-ue5/UE5/Content/Medieval_Town/Textures/Unique/shutter_02/T_shutter_02_N.ubulk" 937
"C:/Users/fritz/OneDrive/Dokumente/Schule/Diplomarbeit/da-conquerthecastle-ue5/UE5/Content/Medieval_Town/Textures/Unique/shutter_02/T_shutter_02_N.uasset" 938
"C:/Users/fritz/OneDrive/Dokumente/Schule/Diplomarbeit/da-conquerthecastle-ue5/UE5/Content/Medieval_Town/Textures/Unique/shutter_02/T_shutter_02_N.uexp" 939
"C:/Users/fritz/OneDrive/Dokumente/Schule/Diplomarbeit/da-conquerthecastle-ue5/UE5/Content/Medieval_Town/Textures/Unique/shutter_02/T_shutter_02_MRA.ubulk" 940
"C:/Users/fritz/OneDrive/Dokumente/Schule/Diplomarbeit/da-conquerthecastle-ue5/UE5/Content/Medieval_Town/Textures/Unique/shutter_02/T_shutter_02_MRA.uasset" 941
"C:/Users/fritz/OneDrive/Dokumente/Schule/Diplomarbeit/da-conquerthecastle-ue5/UE5/Content/Medieval_Town/Textures/Unique/shutter_02/T_shutter_02_MRA.uexp" 942
"C:/Users/fritz/OneDrive/Dokumente/Schule/Diplomarbeit/da-conquerthecastle-ue5/UE5/Content/Medieval_Town/Textures/Unique/shutter_02/T_shutter_02_BC.ubulk" 943
"C:/Users/fritz/OneDrive/Dokumente/Schule/Diplomarbeit/da-conquerthecastle-ue5/UE5/Content/Medieval_Town/Textures/Unique/shutter_02/T_shutter_02_BC.uasset" 944
"C:/Users/fritz/OneDrive/Dokumente/Schule/Diplomarbeit/da-conquerthecastle-ue5/UE5/Content/Medieval_Town/Textures/Unique/shutter_02/T_shutter_02_BC.uexp" 945
"C:/Users/fritz/OneDrive/Dokumente/Schule/Diplomarbeit/da-conquerthecastle-ue5/UE5/Content/Medieval_Town/Materials/Instances/MI_shutter_02.uasset" 946
"C:/Users/fritz/OneDrive/Dokumente/Schule/Diplomarbeit/da-conquerthecastle-ue5/UE5/Content/Medieval_Town/Materials/Instances/MI_shutter_02.uexp" 947
"C:/Users/fritz/OneDrive/Dokumente/Schule/Diplomarbeit/da-conquerthecastle-ue5/UE5/Content/Medieval_Town/Meshes/Architecture/SM_shutter_02.ubulk" 948
"C:/Users/fritz/OneDrive/Dokumente/Schule/Diplomarbeit/da-conquerthecastle-ue5/UE5/Content/Medieval_Town/Meshes/Architecture/SM_shutter_02.uasset" 949
"C:/Users/fritz/OneDrive/Dokumente/Schule/Diplomarbeit/da-conquerthecastle-ue5/UE5/Content/Medieval_Town/Meshes/Architecture/SM_shutter_02.uexp" 950
"C:/Users/fritz/OneDrive/Dokumente/Schule/Diplomarbeit/da-conquerthecastle-ue5/UE5/Content/Medieval_Town/Meshes/Architecture/SM_shutter_01.ubulk" 951
"C:/Users/fritz/OneDrive/Dokumente/Schule/Diplomarbeit/da-conquerthecastle-ue5/UE5/Content/Medieval_Town/Meshes/Architecture/SM_shutter_01.uasset" 952
"C:/Users/fritz/OneDrive/Dokumente/Schule/Diplomarbeit/da-conquerthecastle-ue5/UE5/Content/Medieval_Town/Meshes/Architecture/SM_shutter_01.uexp" 953
"C:/Users/fritz/OneDrive/Dokumente/Schule/Diplomarbeit/da-conquerthecastle-ue5/UE5/Content/Medieval_Town/Meshes/Architecture/SM_porch_part_01.ubulk" 954
"C:/Users/fritz/OneDrive/Dokumente/Schule/Diplomarbeit/da-conquerthecastle-ue5/UE5/Content/Medieval_Town/Meshes/Architecture/SM_porch_part_01.uasset" 955
"C:/Users/fritz/OneDrive/Dokumente/Schule/Diplomarbeit/da-conquerthecastle-ue5/UE5/Content/Medieval_Town/Meshes/Architecture/SM_porch_part_01.uexp" 956
"C:/Users/fritz/OneDrive/Dokumente/Schule/Diplomarbeit/da-conquerthecastle-ue5/UE5/Content/Medieval_Town/Meshes/Architecture/SM_porch_parapet_02.ubulk" 957
"C:/Users/fritz/OneDrive/Dokumente/Schule/Diplomarbeit/da-conquerthecastle-ue5/UE5/Content/Medieval_Town/Meshes/Architecture/SM_porch_parapet_02.uasset" 958
"C:/Users/fritz/OneDrive/Dokumente/Schule/Diplomarbeit/da-conquerthecastle-ue5/UE5/Content/Medieval_Town/Meshes/Architecture/SM_porch_parapet_02.uexp" 959
"C:/Users/fritz/OneDrive/Dokumente/Schule/Diplomarbeit/da-conquerthecastle-ue5/UE5/Content/Medieval_Town/Meshes/Architecture/Modules/Doorways/SM_wall_A_doorway_2x2_01_03.ubulk" 960
"C:/Users/fritz/OneDrive/Dokumente/Schule/Diplomarbeit/da-conquerthecastle-ue5/UE5/Content/Medieval_Town/Meshes/Architecture/Modules/Doorways/SM_wall_A_doorway_2x2_01_03.uasset" 961
"C:/Users/fritz/OneDrive/Dokumente/Schule/Diplomarbeit/da-conquerthecastle-ue5/UE5/Content/Medieval_Town/Meshes/Architecture/Modules/Doorways/SM_wall_A_doorway_2x2_01_03.uexp" 962
"C:/Users/fritz/OneDrive/Dokumente/Schule/Diplomarbeit/da-conquerthecastle-ue5/UE5/Content/Medieval_Town/Meshes/Architecture/Modules/Doorways/SM_wall_A_doorway_4x4_02_03.ubulk" 963
"C:/Users/fritz/OneDrive/Dokumente/Schule/Diplomarbeit/da-conquerthecastle-ue5/UE5/Content/Medieval_Town/Meshes/Architecture/Modules/Doorways/SM_wall_A_doorway_4x4_02_03.uasset" 964
"C:/Users/fritz/OneDrive/Dokumente/Schule/Diplomarbeit/da-conquerthecastle-ue5/UE5/Content/Medieval_Town/Meshes/Architecture/Modules/Doorways/SM_wall_A_doorway_4x4_02_03.uexp" 965
"C:/Users/fritz/OneDrive/Dokumente/Schule/Diplomarbeit/da-conquerthecastle-ue5/UE5/Content/Medieval_Town/Meshes/Architecture/Modules/Interior/SM_wall_A_int_corner_01_01.ubulk" 966
"C:/Users/fritz/OneDrive/Dokumente/Schule/Diplomarbeit/da-conquerthecastle-ue5/UE5/Content/Medieval_Town/Meshes/Architecture/Modules/Interior/SM_wall_A_int_corner_01_01.uasset" 967
"C:/Users/fritz/OneDrive/Dokumente/Schule/Diplomarbeit/da-conquerthecastle-ue5/UE5/Content/Medieval_Town/Meshes/Architecture/Modules/Interior/SM_wall_A_int_corner_01_01.uexp" 968
"C:/Users/fritz/OneDrive/Dokumente/Schule/Diplomarbeit/da-conquerthecastle-ue5/UE5/Content/Medieval_Town/Meshes/Architecture/Modules/Interior/SM_wall_A_int_doorway_2x2_01_01.ubulk" 969
"C:/Users/fritz/OneDrive/Dokumente/Schule/Diplomarbeit/da-conquerthecastle-ue5/UE5/Content/Medieval_Town/Meshes/Architecture/Modules/Interior/SM_wall_A_int_doorway_2x2_01_01.uasset" 970
"C:/Users/fritz/OneDrive/Dokumente/Schule/Diplomarbeit/da-conquerthecastle-ue5/UE5/Content/Medieval_Town/Meshes/Architecture/Modules/Interior/SM_wall_A_int_doorway_2x2_01_01.uexp" 971
"C:/Users/fritz/OneDrive/Dokumente/Schule/Diplomarbeit/da-conquerthecastle-ue5/UE5/Content/Medieval_Town/Meshes/Architecture/Modules/Roof/SM_roof_A_part_01_02.ubulk" 972
"C:/Users/fritz/OneDrive/Dokumente/Schule/Diplomarbeit/da-conquerthecastle-ue5/UE5/Content/Medieval_Town/Meshes/Architecture/Modules/Roof/SM_roof_A_part_01_02.uasset" 973
"C:/Users/fritz/OneDrive/Dokumente/Schule/Diplomarbeit/da-conquerthecastle-ue5/UE5/Content/Medieval_Town/Meshes/Architecture/Modules/Roof/SM_roof_A_part_01_02.uexp" 974
"C:/Users/fritz/OneDrive/Dokumente/Schule/Diplomarbeit/da-conquerthecastle-ue5/UE5/Content/Medieval_Town/Meshes/Architecture/Modules/Windows/SM_wall_A_window_4x4_01_03.ubulk" 975
"C:/Users/fritz/OneDrive/Dokumente/Schule/Diplomarbeit/da-conquerthecastle-ue5/UE5/Content/Medieval_Town/Meshes/Architecture/Modules/Windows/SM_wall_A_window_4x4_01_03.uasset" 976
"C:/Users/fritz/OneDrive/Dokumente/Schule/Diplomarbeit/da-conquerthecastle-ue5/UE5/Content/Medieval_Town/Meshes/Architecture/Modules/Windows/SM_wall_A_window_4x4_01_03.uexp" 977
"C:/Users/fritz/OneDrive/Dokumente/Schule/Diplomarbeit/da-conquerthecastle-ue5/UE5/Content/Medieval_Town/Meshes/Architecture/Modules/Windows/SM_wall_A_window_4x4_04_02.ubulk" 978
"C:/Users/fritz/OneDrive/Dokumente/Schule/Diplomarbeit/da-conquerthecastle-ue5/UE5/Content/Medieval_Town/Meshes/Architecture/Modules/Windows/SM_wall_A_window_4x4_04_02.uasset" 979
"C:/Users/fritz/OneDrive/Dokumente/Schule/Diplomarbeit/da-conquerthecastle-ue5/UE5/Content/Medieval_Town/Meshes/Architecture/Modules/Windows/SM_wall_A_window_4x4_04_02.uexp" 980
"C:/Users/fritz/OneDrive/Dokumente/Schule/Diplomarbeit/da-conquerthecastle-ue5/UE5/Content/Medieval_Town/Materials/Instances/tiles/MI_glass_03.uasset" 981
"C:/Users/fritz/OneDrive/Dokumente/Schule/Diplomarbeit/da-conquerthecastle-ue5/UE5/Content/Medieval_Town/Materials/Instances/tiles/MI_glass_03.uexp" 982
"C:/Users/fritz/OneDrive/Dokumente/Schule/Diplomarbeit/da-conquerthecastle-ue5/UE5/Content/Medieval_Town/Meshes/Architecture/Modules/Windows/SM_wall_A_window_4x4_06_03.ubulk" 983
"C:/Users/fritz/OneDrive/Dokumente/Schule/Diplomarbeit/da-conquerthecastle-ue5/UE5/Content/Medieval_Town/Meshes/Architecture/Modules/Windows/SM_wall_A_window_4x4_06_03.uasset" 984
"C:/Users/fritz/OneDrive/Dokumente/Schule/Diplomarbeit/da-conquerthecastle-ue5/UE5/Content/Medieval_Town/Meshes/Architecture/Modules/Windows/SM_wall_A_window_4x4_06_03.uexp" 985
"C:/Users/fritz/OneDrive/Dokumente/Schule/Diplomarbeit/da-conquerthecastle-ue5/UE5/Content/Medieval_Town/Blueprints/Houses/BP_residential_house_09.uasset" 986
"C:/Users/fritz/OneDrive/Dokumente/Schule/Diplomarbeit/da-conquerthecastle-ue5/UE5/Content/Medieval_Town/Blueprints/Houses/BP_residential_house_09.uexp" 987
"C:/Users/fritz/OneDrive/Dokumente/Schule/Diplomarbeit/da-conquerthecastle-ue5/UE5/Content/Medieval_Town/Meshes/Architecture/Modules/Doorways/SM_wall_A_doorway_4x4_02_01.ubulk" 988
"C:/Users/fritz/OneDrive/Dokumente/Schule/Diplomarbeit/da-conquerthecastle-ue5/UE5/Content/Medieval_Town/Meshes/Architecture/Modules/Doorways/SM_wall_A_doorway_4x4_02_01.uasset" 989
"C:/Users/fritz/OneDrive/Dokumente/Schule/Diplomarbeit/da-conquerthecastle-ue5/UE5/Content/Medieval_Town/Meshes/Architecture/Modules/Doorways/SM_wall_A_doorway_4x4_02_01.uexp" 990
"C:/Users/fritz/OneDrive/Dokumente/Schule/Diplomarbeit/da-conquerthecastle-ue5/UE5/Content/Medieval_Town/Materials/Instances/tiles/MI_plaster_01_blue.uasset" 991
"C:/Users/fritz/OneDrive/Dokumente/Schule/Diplomarbeit/da-conquerthecastle-ue5/UE5/Content/Medieval_Town/Materials/Instances/tiles/MI_plaster_01_blue.uexp" 992
"C:/Users/fritz/OneDrive/Dokumente/Schule/Diplomarbeit/da-conquerthecastle-ue5/UE5/Content/Medieval_Town/Blueprints/Houses/BP_residential_house_08.uasset" 993
"C:/Users/fritz/OneDrive/Dokumente/Schule/Diplomarbeit/da-conquerthecastle-ue5/UE5/Content/Medieval_Town/Blueprints/Houses/BP_residential_house_08.uexp" 994
"C:/Users/fritz/OneDrive/Dokumente/Schule/Diplomarbeit/da-conquerthecastle-ue5/UE5/Content/Medieval_Town/Meshes/Architecture/Modules/Windows/SM_wall_A_window_4x4_05_01.ubulk" 995
"C:/Users/fritz/OneDrive/Dokumente/Schule/Diplomarbeit/da-conquerthecastle-ue5/UE5/Content/Medieval_Town/Meshes/Architecture/Modules/Windows/SM_wall_A_window_4x4_05_01.uasset" 996
"C:/Users/fritz/OneDrive/Dokumente/Schule/Diplomarbeit/da-conquerthecastle-ue5/UE5/Content/Medieval_Town/Meshes/Architecture/Modules/Windows/SM_wall_A_window_4x4_05_01.uexp" 997
"C:/Users/fritz/OneDrive/Dokumente/Schule/Diplomarbeit/da-conquerthecastle-ue5/UE5/Content/Medieval_Town/Materials/Instances/Trims/MI_trim_wood_01_brown_dark.uasset" 998
"C:/Users/fritz/OneDrive/Dokumente/Schule/Diplomarbeit/da-conquerthecastle-ue5/UE5/Content/Medieval_Town/Materials/Instances/Trims/MI_trim_wood_01_brown_dark.uexp" 999
"C:/Users/fritz/OneDrive/Dokumente/Schule/Diplomarbeit/da-conquerthecastle-ue5/UE5/Content/Medieval_Town/Blueprints/Houses/BP_residential_house_07.uasset" 1000
"C:/Users/fritz/OneDrive/Dokumente/Schule/Diplomarbeit/da-conquerthecastle-ue5/UE5/Content/Medieval_Town/Blueprints/Houses/BP_residential_house_07.uexp" 1001
"C:/Users/fritz/OneDrive/Dokumente/Schule/Diplomarbeit/da-conquerthecastle-ue5/UE5/Content/Medieval_Town/Blueprints/Houses/BP_residential_house_06.uasset" 1002
"C:/Users/fritz/OneDrive/Dokumente/Schule/Diplomarbeit/da-conquerthecastle-ue5/UE5/Content/Medieval_Town/Blueprints/Houses/BP_residential_house_06.uexp" 1003
"C:/Users/fritz/OneDrive/Dokumente/Schule/Diplomarbeit/da-conquerthecastle-ue5/UE5/Content/Medieval_Town/Blueprints/Houses/BP_residential_house_05.uasset" 1004
"C:/Users/fritz/OneDrive/Dokumente/Schule/Diplomarbeit/da-conquerthecastle-ue5/UE5/Content/Medieval_Town/Blueprints/Houses/BP_residential_house_05.uexp" 1005
"C:/Users/fritz/OneDrive/Dokumente/Schule/Diplomarbeit/da-conquerthecastle-ue5/UE5/Content/Medieval_Town/Blueprints/Houses/BP_residential_house_04.uasset" 1006
"C:/Users/fritz/OneDrive/Dokumente/Schule/Diplomarbeit/da-conquerthecastle-ue5/UE5/Content/Medieval_Town/Blueprints/Houses/BP_residential_house_04.uexp" 1007
"C:/Users/fritz/OneDrive/Dokumente/Schule/Diplomarbeit/da-conquerthecastle-ue5/UE5/Content/Medieval_Town/Meshes/Architecture/Modules/Windows/SM_wall_A_window_4x4_02_03.ubulk" 1008
"C:/Users/fritz/OneDrive/Dokumente/Schule/Diplomarbeit/da-conquerthecastle-ue5/UE5/Content/Medieval_Town/Meshes/Architecture/Modules/Windows/SM_wall_A_window_4x4_02_03.uasset" 1009
"C:/Users/fritz/OneDrive/Dokumente/Schule/Diplomarbeit/da-conquerthecastle-ue5/UE5/Content/Medieval_Town/Meshes/Architecture/Modules/Windows/SM_wall_A_window_4x4_02_03.uexp" 1010
"C:/Users/fritz/OneDrive/Dokumente/Schule/Diplomarbeit/da-conquerthecastle-ue5/UE5/Content/Medieval_Town/Blueprints/Houses/BP_residential_house_03.uasset" 1011
"C:/Users/fritz/OneDrive/Dokumente/Schule/Diplomarbeit/da-conquerthecastle-ue5/UE5/Content/Medieval_Town/Blueprints/Houses/BP_residential_house_03.uexp" 1012
"C:/Users/fritz/OneDrive/Dokumente/Schule/Diplomarbeit/da-conquerthecastle-ue5/UE5/Content/Medieval_Town/Textures/Unique/door_02/T_door_02_N.ubulk" 1013
"C:/Users/fritz/OneDrive/Dokumente/Schule/Diplomarbeit/da-conquerthecastle-ue5/UE5/Content/Medieval_Town/Textures/Unique/door_02/T_door_02_N.uasset" 1014
"C:/Users/fritz/OneDrive/Dokumente/Schule/Diplomarbeit/da-conquerthecastle-ue5/UE5/Content/Medieval_Town/Textures/Unique/door_02/T_door_02_N.uexp" 1015
"C:/Users/fritz/OneDrive/Dokumente/Schule/Diplomarbeit/da-conquerthecastle-ue5/UE5/Content/Medieval_Town/Textures/Unique/door_02/T_door_02_MRA.ubulk" 1016
"C:/Users/fritz/OneDrive/Dokumente/Schule/Diplomarbeit/da-conquerthecastle-ue5/UE5/Content/Medieval_Town/Textures/Unique/door_02/T_door_02_MRA.uasset" 1017
"C:/Users/fritz/OneDrive/Dokumente/Schule/Diplomarbeit/da-conquerthecastle-ue5/UE5/Content/Medieval_Town/Textures/Unique/door_02/T_door_02_MRA.uexp" 1018
"C:/Users/fritz/OneDrive/Dokumente/Schule/Diplomarbeit/da-conquerthecastle-ue5/UE5/Content/Medieval_Town/Textures/Unique/door_02/T_door_02_BC.ubulk" 1019
"C:/Users/fritz/OneDrive/Dokumente/Schule/Diplomarbeit/da-conquerthecastle-ue5/UE5/Content/Medieval_Town/Textures/Unique/door_02/T_door_02_BC.uasset" 1020
"C:/Users/fritz/OneDrive/Dokumente/Schule/Diplomarbeit/da-conquerthecastle-ue5/UE5/Content/Medieval_Town/Textures/Unique/door_02/T_door_02_BC.uexp" 1021
"C:/Users/fritz/OneDrive/Dokumente/Schule/Diplomarbeit/da-conquerthecastle-ue5/UE5/Content/Medieval_Town/Materials/Instances/MI_door_02.uasset" 1022
"C:/Users/fritz/OneDrive/Dokumente/Schule/Diplomarbeit/da-conquerthecastle-ue5/UE5/Content/Medieval_Town/Materials/Instances/MI_door_02.uexp" 1023
"C:/Users/fritz/OneDrive/Dokumente/Schule/Diplomarbeit/da-conquerthecastle-ue5/UE5/Content/Medieval_Town/Meshes/Architecture/Modules/Doors/SM_door_wall_A_int_doorway_2x2_01.ubulk" 1024
"C:/Users/fritz/OneDrive/Dokumente/Schule/Diplomarbeit/da-conquerthecastle-ue5/UE5/Content/Medieval_Town/Meshes/Architecture/Modules/Doors/SM_door_wall_A_int_doorway_2x2_01.uasset" 1025
"C:/Users/fritz/OneDrive/Dokumente/Schule/Diplomarbeit/da-conquerthecastle-ue5/UE5/Content/Medieval_Town/Meshes/Architecture/Modules/Doors/SM_door_wall_A_int_doorway_2x2_01.uexp" 1026
"C:/Users/fritz/OneDrive/Dokumente/Schule/Diplomarbeit/da-conquerthecastle-ue5/UE5/Content/Medieval_Town/Blueprints/BP_door_wall_A_int_doorway_2x2_01.uasset" 1027
"C:/Users/fritz/OneDrive/Dokumente/Schule/Diplomarbeit/da-conquerthecastle-ue5/UE5/Content/Medieval_Town/Blueprints/BP_door_wall_A_int_doorway_2x2_01.uexp" 1028
"C:/Users/fritz/OneDrive/Dokumente/Schule/Diplomarbeit/da-conquerthecastle-ue5/UE5/Content/Medieval_Town/Blueprints/Houses/BP_residential_house_02.uasset" 1029
"C:/Users/fritz/OneDrive/Dokumente/Schule/Diplomarbeit/da-conquerthecastle-ue5/UE5/Content/Medieval_Town/Blueprints/Houses/BP_residential_house_02.uexp" 1030
"C:/Users/fritz/OneDrive/Dokumente/Schule/Diplomarbeit/da-conquerthecastle-ue5/UE5/Content/Medieval_Town/Meshes/Architecture/Modules/Walls_A/SM_wall_A_2x4_02_03.ubulk" 1031
"C:/Users/fritz/OneDrive/Dokumente/Schule/Diplomarbeit/da-conquerthecastle-ue5/UE5/Content/Medieval_Town/Meshes/Architecture/Modules/Walls_A/SM_wall_A_2x4_02_03.uasset" 1032
"C:/Users/fritz/OneDrive/Dokumente/Schule/Diplomarbeit/da-conquerthecastle-ue5/UE5/Content/Medieval_Town/Meshes/Architecture/Modules/Walls_A/SM_wall_A_2x4_02_03.uexp" 1033
"C:/Users/fritz/OneDrive/Dokumente/Schule/Diplomarbeit/da-conquerthecastle-ue5/UE5/Content/Medieval_Town/Meshes/Architecture/Modules/Windows/SM_wall_A_window_4x4_05_03.ubulk" 1034
"C:/Users/fritz/OneDrive/Dokumente/Schule/Diplomarbeit/da-conquerthecastle-ue5/UE5/Content/Medieval_Town/Meshes/Architecture/Modules/Windows/SM_wall_A_window_4x4_05_03.uasset" 1035
"C:/Users/fritz/OneDrive/Dokumente/Schule/Diplomarbeit/da-conquerthecastle-ue5/UE5/Content/Medieval_Town/Meshes/Architecture/Modules/Windows/SM_wall_A_window_4x4_05_03.uexp" 1036
"C:/Users/fritz/OneDrive/Dokumente/Schule/Diplomarbeit/da-conquerthecastle-ue5/UE5/Content/Medieval_Town/Meshes/Architecture/Modules/Windows/SM_wall_A_window_4x4_06_02.ubulk" 1037
"C:/Users/fritz/OneDrive/Dokumente/Schule/Diplomarbeit/da-conquerthecastle-ue5/UE5/Content/Medieval_Town/Meshes/Architecture/Modules/Windows/SM_wall_A_window_4x4_06_02.uasset" 1038
"C:/Users/fritz/OneDrive/Dokumente/Schule/Diplomarbeit/da-conquerthecastle-ue5/UE5/Content/Medieval_Town/Meshes/Architecture/Modules/Windows/SM_wall_A_window_4x4_06_02.uexp" 1039
"C:/Users/fritz/OneDrive/Dokumente/Schule/Diplomarbeit/da-conquerthecastle-ue5/UE5/Content/Medieval_Town/Blueprints/Houses/BP_residential_house_01.uasset" 1040
"C:/Users/fritz/OneDrive/Dokumente/Schule/Diplomarbeit/da-conquerthecastle-ue5/UE5/Content/Medieval_Town/Blueprints/Houses/BP_residential_house_01.uexp" 1041
"C:/Users/fritz/OneDrive/Dokumente/Schule/Diplomarbeit/da-conquerthecastle-ue5/UE5/Content/Medieval_Town/Meshes/Architecture/SM_porch_parapet_03.ubulk" 1042
"C:/Users/fritz/OneDrive/Dokumente/Schule/Diplomarbeit/da-conquerthecastle-ue5/UE5/Content/Medieval_Town/Meshes/Architecture/SM_porch_parapet_03.uasset" 1043
"C:/Users/fritz/OneDrive/Dokumente/Schule/Diplomarbeit/da-conquerthecastle-ue5/UE5/Content/Medieval_Town/Meshes/Architecture/SM_porch_parapet_03.uexp" 1044
"C:/Users/fritz/OneDrive/Dokumente/Schule/Diplomarbeit/da-conquerthecastle-ue5/UE5/Content/Medieval_Town/Meshes/Architecture/Modules/Basement/SM_basement_A_corner_01_02.ubulk" 1045
"C:/Users/fritz/OneDrive/Dokumente/Schule/Diplomarbeit/da-conquerthecastle-ue5/UE5/Content/Medieval_Town/Meshes/Architecture/Modules/Basement/SM_basement_A_corner_01_02.uasset" 1046
"C:/Users/fritz/OneDrive/Dokumente/Schule/Diplomarbeit/da-conquerthecastle-ue5/UE5/Content/Medieval_Town/Meshes/Architecture/Modules/Basement/SM_basement_A_corner_01_02.uexp" 1047
"C:/Users/fritz/OneDrive/Dokumente/Schule/Diplomarbeit/da-conquerthecastle-ue5/UE5/Content/Medieval_Town/Meshes/Architecture/Modules/Interior/SM_wall_A_int_1x4_01_01.ubulk" 1048
"C:/Users/fritz/OneDrive/Dokumente/Schule/Diplomarbeit/da-conquerthecastle-ue5/UE5/Content/Medieval_Town/Meshes/Architecture/Modules/Interior/SM_wall_A_int_1x4_01_01.uasset" 1049
"C:/Users/fritz/OneDrive/Dokumente/Schule/Diplomarbeit/da-conquerthecastle-ue5/UE5/Content/Medieval_Town/Meshes/Architecture/Modules/Interior/SM_wall_A_int_1x4_01_01.uexp" 1050
"C:/Users/fritz/OneDrive/Dokumente/Schule/Diplomarbeit/da-conquerthecastle-ue5/UE5/Content/Medieval_Town/Meshes/Architecture/Modules/Roof/SM_roof_A_part_01_04.ubulk" 1051
"C:/Users/fritz/OneDrive/Dokumente/Schule/Diplomarbeit/da-conquerthecastle-ue5/UE5/Content/Medieval_Town/Meshes/Architecture/Modules/Roof/SM_roof_A_part_01_04.uasset" 1052
"C:/Users/fritz/OneDrive/Dokumente/Schule/Diplomarbeit/da-conquerthecastle-ue5/UE5/Content/Medieval_Town/Meshes/Architecture/Modules/Roof/SM_roof_A_part_01_04.uexp" 1053
"C:/Users/fritz/OneDrive/Dokumente/Schule/Diplomarbeit/da-conquerthecastle-ue5/UE5/Content/Medieval_Town/Meshes/Architecture/Modules/Roof/SM_roof_A_part_2_02_02.ubulk" 1054
"C:/Users/fritz/OneDrive/Dokumente/Schule/Diplomarbeit/da-conquerthecastle-ue5/UE5/Content/Medieval_Town/Meshes/Architecture/Modules/Roof/SM_roof_A_part_2_02_02.uasset" 1055
"C:/Users/fritz/OneDrive/Dokumente/Schule/Diplomarbeit/da-conquerthecastle-ue5/UE5/Content/Medieval_Town/Meshes/Architecture/Modules/Roof/SM_roof_A_part_2_02_02.uexp" 1056
"C:/Users/fritz/OneDrive/Dokumente/Schule/Diplomarbeit/da-conquerthecastle-ue5/UE5/Content/Medieval_Town/Meshes/Architecture/Modules/Roof/SM_roof_A_part_2_02_04.ubulk" 1057
"C:/Users/fritz/OneDrive/Dokumente/Schule/Diplomarbeit/da-conquerthecastle-ue5/UE5/Content/Medieval_Town/Meshes/Architecture/Modules/Roof/SM_roof_A_part_2_02_04.uasset" 1058
"C:/Users/fritz/OneDrive/Dokumente/Schule/Diplomarbeit/da-conquerthecastle-ue5/UE5/Content/Medieval_Town/Meshes/Architecture/Modules/Roof/SM_roof_A_part_2_02_04.uexp" 1059
"C:/Users/fritz/OneDrive/Dokumente/Schule/Diplomarbeit/da-conquerthecastle-ue5/UE5/Content/Medieval_Town/Meshes/Architecture/Modules/Walls_A/SM_wall_A_2-5x4_02_01.ubulk" 1060
"C:/Users/fritz/OneDrive/Dokumente/Schule/Diplomarbeit/da-conquerthecastle-ue5/UE5/Content/Medieval_Town/Meshes/Architecture/Modules/Walls_A/SM_wall_A_2-5x4_02_01.uasset" 1061
"C:/Users/fritz/OneDrive/Dokumente/Schule/Diplomarbeit/da-conquerthecastle-ue5/UE5/Content/Medieval_Town/Meshes/Architecture/Modules/Walls_A/SM_wall_A_2-5x4_02_01.uexp" 1062
"C:/Users/fritz/OneDrive/Dokumente/Schule/Diplomarbeit/da-conquerthecastle-ue5/UE5/Content/Medieval_Town/Meshes/Architecture/Modules/Walls_A/SM_wall_A_4x4_01_01.ubulk" 1063
"C:/Users/fritz/OneDrive/Dokumente/Schule/Diplomarbeit/da-conquerthecastle-ue5/UE5/Content/Medieval_Town/Meshes/Architecture/Modules/Walls_A/SM_wall_A_4x4_01_01.uasset" 1064
"C:/Users/fritz/OneDrive/Dokumente/Schule/Diplomarbeit/da-conquerthecastle-ue5/UE5/Content/Medieval_Town/Meshes/Architecture/Modules/Walls_A/SM_wall_A_4x4_01_01.uexp" 1065
"C:/Users/fritz/OneDrive/Dokumente/Schule/Diplomarbeit/da-conquerthecastle-ue5/UE5/Content/Medieval_Town/Meshes/Architecture/Modules/Walls_A/SM_wall_A_corner_4_02_02.ubulk" 1066
"C:/Users/fritz/OneDrive/Dokumente/Schule/Diplomarbeit/da-conquerthecastle-ue5/UE5/Content/Medieval_Town/Meshes/Architecture/Modules/Walls_A/SM_wall_A_corner_4_02_02.uasset" 1067
"C:/Users/fritz/OneDrive/Dokumente/Schule/Diplomarbeit/da-conquerthecastle-ue5/UE5/Content/Medieval_Town/Meshes/Architecture/Modules/Walls_A/SM_wall_A_corner_4_02_02.uexp" 1068
"C:/Users/fritz/OneDrive/Dokumente/Schule/Diplomarbeit/da-conquerthecastle-ue5/UE5/Content/Medieval_Town/Meshes/Architecture/Modules/Walls_elements/SM_wall_A_element_corner_02.ubulk" 1069
"C:/Users/fritz/OneDrive/Dokumente/Schule/Diplomarbeit/da-conquerthecastle-ue5/UE5/Content/Medieval_Town/Meshes/Architecture/Modules/Walls_elements/SM_wall_A_element_corner_02.uasset" 1070
"C:/Users/fritz/OneDrive/Dokumente/Schule/Diplomarbeit/da-conquerthecastle-ue5/UE5/Content/Medieval_Town/Meshes/Architecture/Modules/Walls_elements/SM_wall_A_element_corner_02.uexp" 1071
"C:/Users/fritz/OneDrive/Dokumente/Schule/Diplomarbeit/da-conquerthecastle-ue5/UE5/Content/Medieval_Town/Meshes/Architecture/Modules/Roof/SM_roof_A_part_4_02_04.ubulk" 1072
"C:/Users/fritz/OneDrive/Dokumente/Schule/Diplomarbeit/da-conquerthecastle-ue5/UE5/Content/Medieval_Town/Meshes/Architecture/Modules/Roof/SM_roof_A_part_4_02_04.uasset" 1073
"C:/Users/fritz/OneDrive/Dokumente/Schule/Diplomarbeit/da-conquerthecastle-ue5/UE5/Content/Medieval_Town/Meshes/Architecture/Modules/Roof/SM_roof_A_part_4_02_04.uexp" 1074
"C:/Users/fritz/OneDrive/Dokumente/Schule/Diplomarbeit/da-conquerthecastle-ue5/UE5/Content/Medieval_Town/Blueprints/Houses/BP_market_01.uasset" 1075
"C:/Users/fritz/OneDrive/Dokumente/Schule/Diplomarbeit/da-conquerthecastle-ue5/UE5/Content/Medieval_Town/Blueprints/Houses/BP_market_01.uexp" 1076
"C:/Users/fritz/OneDrive/Dokumente/Schule/Diplomarbeit/da-conquerthecastle-ue5/UE5/Content/Medieval_Town/Meshes/Architecture/SM_column_01.ubulk" 1077
"C:/Users/fritz/OneDrive/Dokumente/Schule/Diplomarbeit/da-conquerthecastle-ue5/UE5/Content/Medieval_Town/Meshes/Architecture/SM_column_01.uasset" 1078
"C:/Users/fritz/OneDrive/Dokumente/Schule/Diplomarbeit/da-conquerthecastle-ue5/UE5/Content/Medieval_Town/Meshes/Architecture/SM_column_01.uexp" 1079
"C:/Users/fritz/OneDrive/Dokumente/Schule/Diplomarbeit/da-conquerthecastle-ue5/UE5/Content/Medieval_Town/Meshes/Architecture/SM_chimney_05.ubulk" 1080
"C:/Users/fritz/OneDrive/Dokumente/Schule/Diplomarbeit/da-conquerthecastle-ue5/UE5/Content/Medieval_Town/Meshes/Architecture/SM_chimney_05.uasset" 1081
"C:/Users/fritz/OneDrive/Dokumente/Schule/Diplomarbeit/da-conquerthecastle-ue5/UE5/Content/Medieval_Town/Meshes/Architecture/SM_chimney_05.uexp" 1082
"C:/Users/fritz/OneDrive/Dokumente/Schule/Diplomarbeit/da-conquerthecastle-ue5/UE5/Content/Medieval_Town/Textures/Tiles/coal_01/T_coal_01_N.ubulk" 1083
"C:/Users/fritz/OneDrive/Dokumente/Schule/Diplomarbeit/da-conquerthecastle-ue5/UE5/Content/Medieval_Town/Textures/Tiles/coal_01/T_coal_01_N.uasset" 1084
"C:/Users/fritz/OneDrive/Dokumente/Schule/Diplomarbeit/da-conquerthecastle-ue5/UE5/Content/Medieval_Town/Textures/Tiles/coal_01/T_coal_01_N.uexp" 1085
"C:/Users/fritz/OneDrive/Dokumente/Schule/Diplomarbeit/da-conquerthecastle-ue5/UE5/Content/Medieval_Town/Textures/Tiles/coal_01/T_coal_01_MRA.ubulk" 1086
"C:/Users/fritz/OneDrive/Dokumente/Schule/Diplomarbeit/da-conquerthecastle-ue5/UE5/Content/Medieval_Town/Textures/Tiles/coal_01/T_coal_01_MRA.uasset" 1087
"C:/Users/fritz/OneDrive/Dokumente/Schule/Diplomarbeit/da-conquerthecastle-ue5/UE5/Content/Medieval_Town/Textures/Tiles/coal_01/T_coal_01_MRA.uexp" 1088
"C:/Users/fritz/OneDrive/Dokumente/Schule/Diplomarbeit/da-conquerthecastle-ue5/UE5/Content/Medieval_Town/Textures/Tiles/coal_01/T_coal_01_E.ubulk" 1089
"C:/Users/fritz/OneDrive/Dokumente/Schule/Diplomarbeit/da-conquerthecastle-ue5/UE5/Content/Medieval_Town/Textures/Tiles/coal_01/T_coal_01_E.uasset" 1090
"C:/Users/fritz/OneDrive/Dokumente/Schule/Diplomarbeit/da-conquerthecastle-ue5/UE5/Content/Medieval_Town/Textures/Tiles/coal_01/T_coal_01_E.uexp" 1091
"C:/Users/fritz/OneDrive/Dokumente/Schule/Diplomarbeit/da-conquerthecastle-ue5/UE5/Content/Medieval_Town/Textures/Tiles/coal_01/T_coal_01_BC.ubulk" 1092
"C:/Users/fritz/OneDrive/Dokumente/Schule/Diplomarbeit/da-conquerthecastle-ue5/UE5/Content/Medieval_Town/Textures/Tiles/coal_01/T_coal_01_BC.uasset" 1093
"C:/Users/fritz/OneDrive/Dokumente/Schule/Diplomarbeit/da-conquerthecastle-ue5/UE5/Content/Medieval_Town/Textures/Tiles/coal_01/T_coal_01_BC.uexp" 1094
"C:/Users/fritz/OneDrive/Dokumente/Schule/Diplomarbeit/da-conquerthecastle-ue5/UE5/Content/Medieval_Town/Materials/Instances/MI_coal_01.uasset" 1095
"C:/Users/fritz/OneDrive/Dokumente/Schule/Diplomarbeit/da-conquerthecastle-ue5/UE5/Content/Medieval_Town/Materials/Instances/MI_coal_01.uexp" 1096
"C:/Users/fritz/OneDrive/Dokumente/Schule/Diplomarbeit/da-conquerthecastle-ue5/UE5/Content/Medieval_Town/Meshes/Architecture/SM_blacksmith_fireplace_01.ubulk" 1097
"C:/Users/fritz/OneDrive/Dokumente/Schule/Diplomarbeit/da-conquerthecastle-ue5/UE5/Content/Medieval_Town/Meshes/Architecture/SM_blacksmith_fireplace_01.uasset" 1098
"C:/Users/fritz/OneDrive/Dokumente/Schule/Diplomarbeit/da-conquerthecastle-ue5/UE5/Content/Medieval_Town/Meshes/Architecture/SM_blacksmith_fireplace_01.uexp" 1099
"C:/Users/fritz/OneDrive/Dokumente/Schule/Diplomarbeit/da-conquerthecastle-ue5/UE5/Content/Medieval_Town/Meshes/Architecture/Modules/Roof/SM_roof_A_part_2_02_01.ubulk" 1100
"C:/Users/fritz/OneDrive/Dokumente/Schule/Diplomarbeit/da-conquerthecastle-ue5/UE5/Content/Medieval_Town/Meshes/Architecture/Modules/Roof/SM_roof_A_part_2_02_01.uasset" 1101
"C:/Users/fritz/OneDrive/Dokumente/Schule/Diplomarbeit/da-conquerthecastle-ue5/UE5/Content/Medieval_Town/Meshes/Architecture/Modules/Roof/SM_roof_A_part_2_02_01.uexp" 1102
"C:/Users/fritz/OneDrive/Dokumente/Schule/Diplomarbeit/da-conquerthecastle-ue5/UE5/Content/Medieval_Town/Meshes/Architecture/Modules/Stairs/SM_stairs_part_03.ubulk" 1103
"C:/Users/fritz/OneDrive/Dokumente/Schule/Diplomarbeit/da-conquerthecastle-ue5/UE5/Content/Medieval_Town/Meshes/Architecture/Modules/Stairs/SM_stairs_part_03.uasset" 1104
"C:/Users/fritz/OneDrive/Dokumente/Schule/Diplomarbeit/da-conquerthecastle-ue5/UE5/Content/Medieval_Town/Meshes/Architecture/Modules/Stairs/SM_stairs_part_03.uexp" 1105
"C:/Users/fritz/OneDrive/Dokumente/Schule/Diplomarbeit/da-conquerthecastle-ue5/UE5/Content/Medieval_Town/Blueprints/Houses/BP_blacksmith_01.uasset" 1106
"C:/Users/fritz/OneDrive/Dokumente/Schule/Diplomarbeit/da-conquerthecastle-ue5/UE5/Content/Medieval_Town/Blueprints/Houses/BP_blacksmith_01.uexp" 1107
"../../../Engine/Plugins/Interchange/Assets/Content/Functions/MF_PhongToMetalRoughness.uasset" 1108
"../../../Engine/Plugins/Interchange/Assets/Content/Functions/MF_PhongToMetalRoughness.uexp" 1109
"C:/Users/fritz/OneDrive/Dokumente/Schule/Diplomarbeit/da-conquerthecastle-ue5/UE5/Content/LevelPrototyping/MainRoom/Torch/Torch/Material/wood_2.uasset" 1110
"C:/Users/fritz/OneDrive/Dokumente/Schule/Diplomarbeit/da-conquerthecastle-ue5/UE5/Content/LevelPrototyping/MainRoom/Torch/Torch/Material/wood_2.uexp" 1111
"C:/Users/fritz/OneDrive/Dokumente/Schule/Diplomarbeit/da-conquerthecastle-ue5/UE5/Content/LevelPrototyping/MainRoom/Torch/Torch/Material/lambert1.uasset" 1112
"C:/Users/fritz/OneDrive/Dokumente/Schule/Diplomarbeit/da-conquerthecastle-ue5/UE5/Content/LevelPrototyping/MainRoom/Torch/Torch/Material/lambert1.uexp" 1113
"C:/Users/fritz/OneDrive/Dokumente/Schule/Diplomarbeit/da-conquerthecastle-ue5/UE5/Content/LevelPrototyping/MainRoom/Torch/Torch/Material/dark_metal.uasset" 1114
"C:/Users/fritz/OneDrive/Dokumente/Schule/Diplomarbeit/da-conquerthecastle-ue5/UE5/Content/LevelPrototyping/MainRoom/Torch/Torch/Material/dark_metal.uexp" 1115
"C:/Users/fritz/OneDrive/Dokumente/Schule/Diplomarbeit/da-conquerthecastle-ue5/UE5/Content/LevelPrototyping/MainRoom/Torch/Torch/pCylinder51.ubulk" 1116
"C:/Users/fritz/OneDrive/Dokumente/Schule/Diplomarbeit/da-conquerthecastle-ue5/UE5/Content/LevelPrototyping/MainRoom/Torch/Torch/pCylinder51.uasset" 1117
"C:/Users/fritz/OneDrive/Dokumente/Schule/Diplomarbeit/da-conquerthecastle-ue5/UE5/Content/LevelPrototyping/MainRoom/Torch/Torch/pCylinder51.uexp" 1118
"C:/Users/fritz/OneDrive/Dokumente/Schule/Diplomarbeit/da-conquerthecastle-ue5/UE5/Content/LevelPrototyping/MainRoom/Torch/Torch/Material/fire2wwwwww.uasset" 1119
"C:/Users/fritz/OneDrive/Dokumente/Schule/Diplomarbeit/da-conquerthecastle-ue5/UE5/Content/LevelPrototyping/MainRoom/Torch/Torch/Material/fire2wwwwww.uexp" 1120
"C:/Users/fritz/OneDrive/Dokumente/Schule/Diplomarbeit/da-conquerthecastle-ue5/UE5/Content/LevelPrototyping/MainRoom/Torch/Torch/Material/fire.uasset" 1121
"C:/Users/fritz/OneDrive/Dokumente/Schule/Diplomarbeit/da-conquerthecastle-ue5/UE5/Content/LevelPrototyping/MainRoom/Torch/Torch/Material/fire.uexp" 1122
"C:/Users/fritz/OneDrive/Dokumente/Schule/Diplomarbeit/da-conquerthecastle-ue5/UE5/Content/LevelPrototyping/MainRoom/Torch/Torch/pCube361.ubulk" 1123
"C:/Users/fritz/OneDrive/Dokumente/Schule/Diplomarbeit/da-conquerthecastle-ue5/UE5/Content/LevelPrototyping/MainRoom/Torch/Torch/pCube361.uasset" 1124
"C:/Users/fritz/OneDrive/Dokumente/Schule/Diplomarbeit/da-conquerthecastle-ue5/UE5/Content/LevelPrototyping/MainRoom/Torch/Torch/pCube361.uexp" 1125
"C:/Users/fritz/OneDrive/Dokumente/Schule/Diplomarbeit/da-conquerthecastle-ue5/UE5/Content/Realistic_Starter_VFX_Pack_Vol2/Textures/T_Smoke_B.ubulk" 1126
"C:/Users/fritz/OneDrive/Dokumente/Schule/Diplomarbeit/da-conquerthecastle-ue5/UE5/Content/Realistic_Starter_VFX_Pack_Vol2/Textures/T_Smoke_B.uasset" 1127
"C:/Users/fritz/OneDrive/Dokumente/Schule/Diplomarbeit/da-conquerthecastle-ue5/UE5/Content/Realistic_Starter_VFX_Pack_Vol2/Textures/T_Smoke_B.uexp" 1128
"C:/Users/fritz/OneDrive/Dokumente/Schule/Diplomarbeit/da-conquerthecastle-ue5/UE5/Content/Realistic_Starter_VFX_Pack_Vol2/Textures/T_Smoke_A.ubulk" 1129
"C:/Users/fritz/OneDrive/Dokumente/Schule/Diplomarbeit/da-conquerthecastle-ue5/UE5/Content/Realistic_Starter_VFX_Pack_Vol2/Textures/T_Smoke_A.uasset" 1130
"C:/Users/fritz/OneDrive/Dokumente/Schule/Diplomarbeit/da-conquerthecastle-ue5/UE5/Content/Realistic_Starter_VFX_Pack_Vol2/Textures/T_Smoke_A.uexp" 1131
"C:/Users/fritz/OneDrive/Dokumente/Schule/Diplomarbeit/da-conquerthecastle-ue5/UE5/Content/Realistic_Starter_VFX_Pack_Vol2/Materials/M_Smoke_C.uasset" 1132
"C:/Users/fritz/OneDrive/Dokumente/Schule/Diplomarbeit/da-conquerthecastle-ue5/UE5/Content/Realistic_Starter_VFX_Pack_Vol2/Materials/M_Smoke_C.uexp" 1133
"C:/Users/fritz/OneDrive/Dokumente/Schule/Diplomarbeit/da-conquerthecastle-ue5/UE5/Content/Realistic_Starter_VFX_Pack_Vol2/Textures/T_Fire_D.ubulk" 1134
"C:/Users/fritz/OneDrive/Dokumente/Schule/Diplomarbeit/da-conquerthecastle-ue5/UE5/Content/Realistic_Starter_VFX_Pack_Vol2/Textures/T_Fire_D.uasset" 1135
"C:/Users/fritz/OneDrive/Dokumente/Schule/Diplomarbeit/da-conquerthecastle-ue5/UE5/Content/Realistic_Starter_VFX_Pack_Vol2/Textures/T_Fire_D.uexp" 1136
"C:/Users/fritz/OneDrive/Dokumente/Schule/Diplomarbeit/da-conquerthecastle-ue5/UE5/Content/Realistic_Starter_VFX_Pack_Vol2/Materials/M_Fire_B.uasset" 1137
"C:/Users/fritz/OneDrive/Dokumente/Schule/Diplomarbeit/da-conquerthecastle-ue5/UE5/Content/Realistic_Starter_VFX_Pack_Vol2/Materials/M_Fire_B.uexp" 1138
"C:/Users/fritz/OneDrive/Dokumente/Schule/Diplomarbeit/da-conquerthecastle-ue5/UE5/Content/LevelPrototyping/MainRoom/Torch/Torch/Fire/P_Fire_Small.uasset" 1139
"C:/Users/fritz/OneDrive/Dokumente/Schule/Diplomarbeit/da-conquerthecastle-ue5/UE5/Content/LevelPrototyping/MainRoom/Torch/Torch/Fire/P_Fire_Small.uexp" 1140
"C:/Users/fritz/OneDrive/Dokumente/Schule/Diplomarbeit/da-conquerthecastle-ue5/UE5/Content/LevelPrototyping/MainRoom/Torch/Torch_Bp.uasset" 1141
"C:/Users/fritz/OneDrive/Dokumente/Schule/Diplomarbeit/da-conquerthecastle-ue5/UE5/Content/LevelPrototyping/MainRoom/Torch/Torch_Bp.uexp" 1142
"C:/Users/fritz/OneDrive/Dokumente/Schule/Diplomarbeit/da-conquerthecastle-ue5/UE5/Content/Medieval_Town/Maps/ThirdPerson/Blueprints/BP_ThirdPersonGameMode.uasset" 1143
"C:/Users/fritz/OneDrive/Dokumente/Schule/Diplomarbeit/da-conquerthecastle-ue5/UE5/Content/Medieval_Town/Maps/ThirdPerson/Blueprints/BP_ThirdPersonGameMode.uexp" 1144
"../../../Engine/Content/Functions/Engine_MaterialFunctions01/Shading/ConvertFromDiffSpec.uasset" 1145
"../../../Engine/Content/Functions/Engine_MaterialFunctions01/Shading/ConvertFromDiffSpec.uexp" 1146
"../../../Engine/Content/Functions/Engine_MaterialFunctions01/Shading/PowerToRoughness.uasset" 1147
"../../../Engine/Content/Functions/Engine_MaterialFunctions01/Shading/PowerToRoughness.uexp" 1148
"C:/Users/fritz/OneDrive/Dokumente/Schule/Diplomarbeit/da-conquerthecastle-ue5/UE5/Content/Medieval_Town/Materials/Masters/MM_Sharp.uasset" 1149
"C:/Users/fritz/OneDrive/Dokumente/Schule/Diplomarbeit/da-conquerthecastle-ue5/UE5/Content/Medieval_Town/Materials/Masters/MM_Sharp.uexp" 1150
"../../../Engine/Content/EditorMaterials/Dataflow/DataflowTwoSidedVertexMaterial.uasset" 1151
"../../../Engine/Content/EditorMaterials/Dataflow/DataflowTwoSidedVertexMaterial.uexp" 1152
"../../../Engine/Content/EditorMaterials/Dataflow/DataflowVertexMaterial.uasset" 1153
"../../../Engine/Content/EditorMaterials/Dataflow/DataflowVertexMaterial.uexp" 1154
"../../../Engine/Plugins/Runtime/HairStrands/Content/Materials/HairCardsDefaultMaterial.uasset" 1155
"../../../Engine/Plugins/Runtime/HairStrands/Content/Materials/HairCardsDefaultMaterial.uexp" 1156
"../../../Engine/Content/Functions/Engine_MaterialFunctions02/Utility/MakeFloat2.uasset" 1157
"../../../Engine/Content/Functions/Engine_MaterialFunctions02/Utility/MakeFloat2.uexp" 1158
"../../../Engine/Content/EngineMaterials/HairDebugColor.uasset" 1159
"../../../Engine/Content/EngineMaterials/HairDebugColor.uexp" 1160
"../../../Engine/Content/EngineMaterials/HairColorMap.uasset" 1161
"../../../Engine/Content/EngineMaterials/HairColorMap.uexp" 1162
"../../../Engine/Plugins/Runtime/HairStrands/Content/Materials/HairGroupColors.uasset" 1163
"../../../Engine/Plugins/Runtime/HairStrands/Content/Materials/HairGroupColors.uexp" 1164
"../../../Engine/Plugins/Runtime/HairStrands/Content/Materials/HairDebugMaterial.uasset" 1165
"../../../Engine/Plugins/Runtime/HairStrands/Content/Materials/HairDebugMaterial.uexp" 1166
"../../../Engine/Plugins/Runtime/HairStrands/Content/Materials/HairDefaultMaterial.uasset" 1167
"../../../Engine/Plugins/Runtime/HairStrands/Content/Materials/HairDefaultMaterial.uexp" 1168
"../../../Engine/Plugins/Runtime/HairStrands/Content/Materials/HairMeshesDefaultMaterial.uasset" 1169
"../../../Engine/Plugins/Runtime/HairStrands/Content/Materials/HairMeshesDefaultMaterial.uexp" 1170
"../../../Engine/Plugins/VirtualProduction/CameraCalibrationCore/Content/Materials/M_DefaultEvenSquare.uasset" 1171
"../../../Engine/Plugins/VirtualProduction/CameraCalibrationCore/Content/Materials/M_DefaultEvenSquare.uexp" 1172
"../../../Engine/Plugins/VirtualProduction/CameraCalibrationCore/Content/Materials/M_DefaultOddSquare.uasset" 1173
"../../../Engine/Plugins/VirtualProduction/CameraCalibrationCore/Content/Materials/M_DefaultOddSquare.uexp" 1174
"../../../Engine/Plugins/Interchange/Assets/Content/Functions/MX_AbsorptionVDF.uasset" 1175
"../../../Engine/Plugins/Interchange/Assets/Content/Functions/MX_AbsorptionVDF.uexp" 1176
"../../../Engine/Plugins/Interchange/Assets/Content/Functions/MX_AnisotropicVDF.uasset" 1177
"../../../Engine/Plugins/Interchange/Assets/Content/Functions/MX_AnisotropicVDF.uexp" 1178
"../../../Engine/Plugins/Interchange/Assets/Content/Functions/MX_BurleyDiffuseBSDF.uasset" 1179
"../../../Engine/Plugins/Interchange/Assets/Content/Functions/MX_BurleyDiffuseBSDF.uexp" 1180
"../../../Engine/Plugins/Interchange/Assets/Content/Functions/MX_ConductorBSDF.uasset" 1181
"../../../Engine/Plugins/Interchange/Assets/Content/Functions/MX_ConductorBSDF.uexp" 1182
"../../../Engine/Plugins/Interchange/Assets/Content/Functions/MX_ConicalEDF.uasset" 1183
"../../../Engine/Plugins/Interchange/Assets/Content/Functions/MX_ConicalEDF.uexp" 1184
"../../../Engine/Plugins/Interchange/Assets/Content/Functions/MX_DielectricBSDF.uasset" 1185
"../../../Engine/Plugins/Interchange/Assets/Content/Functions/MX_DielectricBSDF.uexp" 1186
"../../../Engine/Plugins/Interchange/Assets/Content/Functions/MX_Displacement.uasset" 1187
"../../../Engine/Plugins/Interchange/Assets/Content/Functions/MX_Displacement.uexp" 1188
"../../../Engine/Plugins/Interchange/Assets/Content/Functions/MX_GeneralizedSchlickBSDF.uasset" 1189
"../../../Engine/Plugins/Interchange/Assets/Content/Functions/MX_GeneralizedSchlickBSDF.uexp" 1190
"../../../Engine/Plugins/Interchange/Assets/Content/Functions/MX_MeasuredEDF.uasset" 1191
"../../../Engine/Plugins/Interchange/Assets/Content/Functions/MX_MeasuredEDF.uexp" 1192
"../../../Engine/Plugins/Interchange/Assets/Content/Functions/MF_IridescenceNoLUT.uasset" 1193
"../../../Engine/Plugins/Interchange/Assets/Content/Functions/MF_IridescenceNoLUT.uexp" 1194
"../../../Engine/Plugins/Interchange/Assets/Content/Functions/MX_StandardSurface.uasset" 1195
"../../../Engine/Plugins/Interchange/Assets/Content/Functions/MX_StandardSurface.uexp" 1196
"../../../Engine/Plugins/Interchange/Assets/Content/Functions/MX_OpenPBR_Opaque.uasset" 1197
"../../../Engine/Plugins/Interchange/Assets/Content/Functions/MX_OpenPBR_Opaque.uexp" 1198
"../../../Engine/Plugins/Interchange/Assets/Content/Functions/MX_TransmissionSurface.uasset" 1199
"../../../Engine/Plugins/Interchange/Assets/Content/Functions/MX_TransmissionSurface.uexp" 1200
"../../../Engine/Plugins/Interchange/Assets/Content/Functions/MX_OpenPBR_Translucent.uasset" 1201
"../../../Engine/Plugins/Interchange/Assets/Content/Functions/MX_OpenPBR_Translucent.uexp" 1202
"../../../Engine/Plugins/Interchange/Assets/Content/Functions/MX_OrenNayarBSDF.uasset" 1203
"../../../Engine/Plugins/Interchange/Assets/Content/Functions/MX_OrenNayarBSDF.uexp" 1204
"../../../Engine/Plugins/Interchange/Assets/Content/Functions/MX_SheenBSDF.uasset" 1205
"../../../Engine/Plugins/Interchange/Assets/Content/Functions/MX_SheenBSDF.uexp" 1206
"../../../Engine/Plugins/Interchange/Assets/Content/Functions/MX_SubsurfaceBSDF.uasset" 1207
"../../../Engine/Plugins/Interchange/Assets/Content/Functions/MX_SubsurfaceBSDF.uexp" 1208
"../../../Engine/Plugins/Interchange/Assets/Content/Functions/MX_Surface.uasset" 1209
"../../../Engine/Plugins/Interchange/Assets/Content/Functions/MX_Surface.uexp" 1210
"../../../Engine/Plugins/Interchange/Assets/Content/Functions/MX_SurfaceUnlit.uasset" 1211
"../../../Engine/Plugins/Interchange/Assets/Content/Functions/MX_SurfaceUnlit.uexp" 1212
"../../../Engine/Plugins/Interchange/Assets/Content/Functions/MX_ThinFilmBSDF.uasset" 1213
"../../../Engine/Plugins/Interchange/Assets/Content/Functions/MX_ThinFilmBSDF.uexp" 1214
"../../../Engine/Plugins/Interchange/Assets/Content/Functions/MX_TranslucentBSDF.uasset" 1215
"../../../Engine/Plugins/Interchange/Assets/Content/Functions/MX_TranslucentBSDF.uexp" 1216
"../../../Engine/Plugins/Interchange/Assets/Content/Functions/MX_UniformEDF.uasset" 1217
"../../../Engine/Plugins/Interchange/Assets/Content/Functions/MX_UniformEDF.uexp" 1218
"../../../Engine/Plugins/Interchange/Assets/Content/Functions/MX_UsdPreviewSurface.uasset" 1219
"../../../Engine/Plugins/Interchange/Assets/Content/Functions/MX_UsdPreviewSurface.uexp" 1220
"../../../Engine/Plugins/Animation/ControlRig/Content/Controls/ControlRigGizmoMaterial.uasset" 1221
"../../../Engine/Plugins/Animation/ControlRig/Content/Controls/ControlRigGizmoMaterial.uexp" 1222
"../../../Engine/Plugins/Animation/ControlRig/Content/Controls/ControlRigXRayMaterial.uasset" 1223
"../../../Engine/Plugins/Animation/ControlRig/Content/Controls/ControlRigXRayMaterial.uexp" 1224
"../../../Engine/Content/Functions/Engine_MaterialFunctions02/SafeNormalize.uasset" 1225
"../../../Engine/Content/Functions/Engine_MaterialFunctions02/SafeNormalize.uexp" 1226
"../../../Engine/Plugins/Editor/SpeedTreeImporter/Content/SpeedTree9/UnpackInteger3.uasset" 1227
"../../../Engine/Plugins/Editor/SpeedTreeImporter/Content/SpeedTree9/UnpackInteger3.uexp" 1228
"../../../Engine/Plugins/Editor/SpeedTreeImporter/Content/SpeedTree9/UnpackDirection.uasset" 1229
"../../../Engine/Plugins/Editor/SpeedTreeImporter/Content/SpeedTree9/UnpackDirection.uexp" 1230
"../../../Engine/Plugins/Editor/SpeedTreeImporter/Content/SpeedTree9/game_wind_noise.ubulk" 1231
"../../../Engine/Plugins/Editor/SpeedTreeImporter/Content/SpeedTree9/game_wind_noise.uasset" 1232
"../../../Engine/Plugins/Editor/SpeedTreeImporter/Content/SpeedTree9/game_wind_noise.uexp" 1233
"../../../Engine/Plugins/Editor/SpeedTreeImporter/Content/SpeedTree9/SpeedTreeWindMotion.uasset" 1234
"../../../Engine/Plugins/Editor/SpeedTreeImporter/Content/SpeedTree9/SpeedTreeWindMotion.uexp" 1235
"../../../Engine/Plugins/Editor/SpeedTreeImporter/Content/SpeedTree9/SpeedTreeBranchMotion.uasset" 1236
"../../../Engine/Plugins/Editor/SpeedTreeImporter/Content/SpeedTree9/SpeedTreeBranchMotion.uexp" 1237
"../../../Engine/Content/Functions/Engine_MaterialFunctions02/ObjectLocalBounds.uasset" 1238
"../../../Engine/Content/Functions/Engine_MaterialFunctions02/ObjectLocalBounds.uexp" 1239
"../../../Engine/Content/Functions/Engine_MaterialFunctions02/UVs/BoundingBoxBased_0-1_UVW.uasset" 1240
"../../../Engine/Content/Functions/Engine_MaterialFunctions02/UVs/BoundingBoxBased_0-1_UVW.uexp" 1241
"../../../Engine/Plugins/Editor/SpeedTreeImporter/Content/SpeedTree9/SpeedTreeWind.uasset" 1242
"../../../Engine/Plugins/Editor/SpeedTreeImporter/Content/SpeedTree9/SpeedTreeWind.uexp" 1243
"../../../Engine/Plugins/Editor/SpeedTreeImporter/Content/SpeedTree9/EmptyNormal.uasset" 1244
"../../../Engine/Plugins/Editor/SpeedTreeImporter/Content/SpeedTree9/EmptyNormal.uexp" 1245
"../../../Engine/Plugins/Editor/SpeedTreeImporter/Content/SpeedTree9/Empty.uasset" 1246
"../../../Engine/Plugins/Editor/SpeedTreeImporter/Content/SpeedTree9/Empty.uexp" 1247
"../../../Engine/Plugins/Editor/SpeedTreeImporter/Content/SpeedTree9/SpeedTreeBillboard.uasset" 1248
"../../../Engine/Plugins/Editor/SpeedTreeImporter/Content/SpeedTree9/SpeedTreeBillboard.uexp" 1249
"../../../Engine/Plugins/Editor/SpeedTreeImporter/Content/SpeedTree9/SpeedTreeBillboardMaster.uasset" 1250
"../../../Engine/Plugins/Editor/SpeedTreeImporter/Content/SpeedTree9/SpeedTreeBillboardMaster.uexp" 1251
"../../../Engine/Plugins/Editor/SpeedTreeImporter/Content/SpeedTree9/SpeedTreeCameraFacing.uasset" 1252
"../../../Engine/Plugins/Editor/SpeedTreeImporter/Content/SpeedTree9/SpeedTreeCameraFacing.uexp" 1253
"../../../Engine/Plugins/Editor/SpeedTreeImporter/Content/SpeedTree9/SpeedTreeMaster.uasset" 1254
"../../../Engine/Plugins/Editor/SpeedTreeImporter/Content/SpeedTree9/SpeedTreeMaster.uexp" 1255
"../../../Engine/Content/EngineDebugMaterials/DebugEditorMaterial.uasset" 1256
"../../../Engine/Content/EngineDebugMaterials/DebugEditorMaterial.uexp" 1257
"../../../Engine/Content/EngineDebugMaterials/DebugMeshMaterial.uasset" 1258
"../../../Engine/Content/EngineDebugMaterials/DebugMeshMaterial.uexp" 1259
"../../../Engine/Content/EngineDebugMaterials/M_SimpleUnlitTranslucent.uasset" 1260
"../../../Engine/Content/EngineDebugMaterials/M_SimpleUnlitTranslucent.uexp" 1261
"../../../Engine/Content/Functions/Engine_MaterialFunctions02/Utility/CameraDirectionVector.uasset" 1262
"../../../Engine/Content/Functions/Engine_MaterialFunctions02/Utility/CameraDirectionVector.uexp" 1263
"../../../Engine/Content/EngineDebugMaterials/VolumeToRender.uasset" 1264
"../../../Engine/Content/EngineDebugMaterials/VolumeToRender.uexp" 1265
"../../../Engine/Content/EngineDebugMaterials/M_VolumeRenderSphereTracePP.uasset" 1266
"../../../Engine/Content/EngineDebugMaterials/M_VolumeRenderSphereTracePP.uexp" 1267
"../../../Engine/Content/EngineMaterials/DefaultDeferredDecalMaterial.uasset" 1268
"../../../Engine/Content/EngineMaterials/DefaultDeferredDecalMaterial.uexp" 1269
"../../../Engine/Content/EngineMaterials/DefaultLightFunctionMaterial.uasset" 1270
"../../../Engine/Content/EngineMaterials/DefaultLightFunctionMaterial.uexp" 1271
"../../../Engine/Content/EngineMaterials/DefaultPostProcessMaterial.uasset" 1272
"../../../Engine/Content/EngineMaterials/DefaultPostProcessMaterial.uexp" 1273
"../../../Engine/Content/EngineFonts/RobotoDistanceField.uasset" 1274
"../../../Engine/Content/EngineFonts/RobotoDistanceField.uexp" 1275
"../../../Engine/Content/EngineMaterials/DefaultTextMaterialOpaque.uasset" 1276
"../../../Engine/Content/EngineMaterials/DefaultTextMaterialOpaque.uexp" 1277
"../../../Engine/Content/EngineMaterials/DefaultWhiteGrid_Low.uasset" 1278
"../../../Engine/Content/EngineMaterials/DefaultWhiteGrid_Low.uexp" 1279
"../../../Engine/Content/EngineMaterials/EmissiveMeshMaterial.uasset" 1280
"../../../Engine/Content/EngineMaterials/EmissiveMeshMaterial.uexp" 1281
"../../../Engine/Content/EngineMaterials/BaseFlattenNormalMap.uasset" 1282
"../../../Engine/Content/EngineMaterials/BaseFlattenNormalMap.uexp" 1283
"../../../Engine/Content/EngineMaterials/BaseFlattenDiffuseMap.uasset" 1284
"../../../Engine/Content/EngineMaterials/BaseFlattenDiffuseMap.uexp" 1285
"../../../Engine/Content/EngineMaterials/BaseFlattenEmissiveMap.uasset" 1286
"../../../Engine/Content/EngineMaterials/BaseFlattenEmissiveMap.uexp" 1287
"../../../Engine/Content/EngineMaterials/BaseFlattenGrayscaleMap.uasset" 1288
"../../../Engine/Content/EngineMaterials/BaseFlattenGrayscaleMap.uexp" 1289
"../../../Engine/Content/EngineMaterials/BaseFlattenLinearColor.uasset" 1290
"../../../Engine/Content/EngineMaterials/BaseFlattenLinearColor.uexp" 1291
"../../../Engine/Content/Functions/Engine_MaterialFunctions02/PivotPainter2/Black_1x1_EXR_Texture.uasset" 1292
"../../../Engine/Content/Functions/Engine_MaterialFunctions02/PivotPainter2/Black_1x1_EXR_Texture.uexp" 1293
"../../../Engine/Content/EngineMaterials/FlattenMaterial.uasset" 1294
"../../../Engine/Content/EngineMaterials/FlattenMaterial.uexp" 1295
"../../../Engine/Content/EngineMaterials/BaseFlattenDiffuseMap_VT.ubulk" 1296
"../../../Engine/Content/EngineMaterials/BaseFlattenDiffuseMap_VT.uasset" 1297
"../../../Engine/Content/EngineMaterials/BaseFlattenDiffuseMap_VT.uexp" 1298
"../../../Engine/Content/EngineMaterials/BaseFlattenEmissiveMap_VT.ubulk" 1299
"../../../Engine/Content/EngineMaterials/BaseFlattenEmissiveMap_VT.uasset" 1300
"../../../Engine/Content/EngineMaterials/BaseFlattenEmissiveMap_VT.uexp" 1301
"../../../Engine/Content/EngineMaterials/BaseFlattenGrayscaleMap_VT.ubulk" 1302
"../../../Engine/Content/EngineMaterials/BaseFlattenGrayscaleMap_VT.uasset" 1303
"../../../Engine/Content/EngineMaterials/BaseFlattenGrayscaleMap_VT.uexp" 1304
"../../../Engine/Content/EngineMaterials/BaseFlattenLinearColor_VT.ubulk" 1305
"../../../Engine/Content/EngineMaterials/BaseFlattenLinearColor_VT.uasset" 1306
"../../../Engine/Content/EngineMaterials/BaseFlattenLinearColor_VT.uexp" 1307
"../../../Engine/Content/EngineMaterials/BaseFlattenNormalMap_VT.ubulk" 1308
"../../../Engine/Content/EngineMaterials/BaseFlattenNormalMap_VT.uasset" 1309
"../../../Engine/Content/EngineMaterials/BaseFlattenNormalMap_VT.uexp" 1310
"../../../Engine/Content/EngineMaterials/Black_1x1_EXR_Texture_VT.ubulk" 1311
"../../../Engine/Content/EngineMaterials/Black_1x1_EXR_Texture_VT.uasset" 1312
"../../../Engine/Content/EngineMaterials/Black_1x1_EXR_Texture_VT.uexp" 1313
"../../../Engine/Content/EngineMaterials/FlattenMaterial_VT.uasset" 1314
"../../../Engine/Content/EngineMaterials/FlattenMaterial_VT.uexp" 1315
"../../../Engine/Content/EngineMaterials/FlattenMaterial_WS_Normal_VT.uasset" 1316
"../../../Engine/Content/EngineMaterials/FlattenMaterial_WS_Normal_VT.uexp" 1317
"../../../Engine/Content/EngineMaterials/GizmoMaterial.uasset" 1318
"../../../Engine/Content/EngineMaterials/GizmoMaterial.uexp" 1319
"../../../Engine/Content/EngineMaterials/InvalidLightmapSettings.ubulk" 1320
"../../../Engine/Content/EngineMaterials/InvalidLightmapSettings.uasset" 1321
"../../../Engine/Content/EngineMaterials/InvalidLightmapSettings.uexp" 1322
"../../../Engine/Content/EngineMaterials/M_InvalidLightmapSettings.uasset" 1323
"../../../Engine/Content/EngineMaterials/M_InvalidLightmapSettings.uexp" 1324
"../../../Engine/Content/EngineMaterials/NaniteHiddenSectionMaterial.uasset" 1325
"../../../Engine/Content/EngineMaterials/NaniteHiddenSectionMaterial.uexp" 1326
"../../../Engine/Content/Functions/Engine_MaterialFunctions02/WorldPositionOffset/CameraOffset.uasset" 1327
"../../../Engine/Content/Functions/Engine_MaterialFunctions02/WorldPositionOffset/CameraOffset.uexp" 1328
"../../../Engine/Content/EngineMaterials/PhAT_JointLimitMaterial.uasset" 1329
"../../../Engine/Content/EngineMaterials/PhAT_JointLimitMaterial.uexp" 1330
"../../../Engine/Content/EngineMaterials/DefaultCalibrationColor.uasset" 1331
"../../../Engine/Content/EngineMaterials/DefaultCalibrationColor.uexp" 1332
"../../../Engine/Content/EngineMaterials/PPM_DefaultCalibrationColor.uasset" 1333
"../../../Engine/Content/EngineMaterials/PPM_DefaultCalibrationColor.uexp" 1334
"../../../Engine/Content/EngineMaterials/DefaultCalibrationGrayscale.uasset" 1335
"../../../Engine/Content/EngineMaterials/DefaultCalibrationGrayscale.uexp" 1336
"../../../Engine/Content/EngineMaterials/PPM_DefaultCalibrationGrayscale.uasset" 1337
"../../../Engine/Content/EngineMaterials/PPM_DefaultCalibrationGrayscale.uexp" 1338
"../../../Engine/Content/EngineMaterials/RemoveSurfaceMaterial.uasset" 1339
"../../../Engine/Content/EngineMaterials/RemoveSurfaceMaterial.uexp" 1340
"../../../Engine/Content/EditorLandscapeResources/DefaultAlphaTexture.uasset" 1341
"../../../Engine/Content/EditorLandscapeResources/DefaultAlphaTexture.uexp" 1342
"../../../Engine/Content/EditorLandscapeResources/LandscapeDirtyMaterial.uasset" 1343
"../../../Engine/Content/EditorLandscapeResources/LandscapeDirtyMaterial.uexp" 1344
"../../../Engine/Content/Functions/Engine_MaterialFunctions02/WorldPositionOffset/LocalPosition.uasset" 1345
"../../../Engine/Content/Functions/Engine_MaterialFunctions02/WorldPositionOffset/LocalPosition.uexp" 1346
"../../../Engine/Content/Functions/Engine_MaterialFunctions01/Texturing/ScaleUVsByCenter.uasset" 1347
"../../../Engine/Content/Functions/Engine_MaterialFunctions01/Texturing/ScaleUVsByCenter.uexp" 1348
"../../../Engine/Content/Functions/Engine_MaterialFunctions01/Texturing/TextureCropping.uasset" 1349
"../../../Engine/Content/Functions/Engine_MaterialFunctions01/Texturing/TextureCropping.uexp" 1350
"../../../Engine/Content/Functions/Engine_MaterialFunctions02/ExampleContent/DebugNumberStrip.uasset" 1351
"../../../Engine/Content/Functions/Engine_MaterialFunctions02/ExampleContent/DebugNumberStrip.uexp" 1352
"../../../Engine/Content/Functions/Engine_MaterialFunctions01/Debug/DebugIntValues.uasset" 1353
"../../../Engine/Content/Functions/Engine_MaterialFunctions01/Debug/DebugIntValues.uexp" 1354
"../../../Engine/Content/EditorLandscapeResources/LandscapeLayerUsageMaterial.uasset" 1355
"../../../Engine/Content/EditorLandscapeResources/LandscapeLayerUsageMaterial.uexp" 1356
"../../../Engine/Content/EditorLandscapeResources/WhiteSquareTexture.uasset" 1357
"../../../Engine/Content/EditorLandscapeResources/WhiteSquareTexture.uexp" 1358
"../../../Engine/Content/EditorLandscapeResources/LayerVisMaterial.uasset" 1359
"../../../Engine/Content/EditorLandscapeResources/LayerVisMaterial.uexp" 1360
"../../../Engine/Content/EditorMaterials/PhAT_NoCollisionMaterial.uasset" 1361
"../../../Engine/Content/EditorMaterials/PhAT_NoCollisionMaterial.uexp" 1362
"../../../Engine/Content/EditorMaterials/PhAT_UnselectedMaterial.uasset" 1363
"../../../Engine/Content/EditorMaterials/PhAT_UnselectedMaterial.uexp" 1364
"../../../Engine/Content/EditorMaterials/PreviewShadowIndicator.ubulk" 1365
"../../../Engine/Content/EditorMaterials/PreviewShadowIndicator.uasset" 1366
"../../../Engine/Content/EditorMaterials/PreviewShadowIndicator.uexp" 1367
"../../../Engine/Content/EditorMaterials/PreviewShadowIndicatorMaterial.uasset" 1368
"../../../Engine/Content/EditorMaterials/PreviewShadowIndicatorMaterial.uexp" 1369
"../../../Engine/Content/BasicShapes/BasicShapeMaterial.uasset" 1370
"../../../Engine/Content/BasicShapes/BasicShapeMaterial.uexp" 1371
"../../../Engine/Plugins/Animation/ControlRig/Content/M_Manip.uasset" 1372
"../../../Engine/Plugins/Animation/ControlRig/Content/M_Manip.uexp" 1373
"../../../Engine/Content/EngineMeshes/Sphere.ubulk" 1374
"../../../Engine/Content/EngineMeshes/Sphere.uasset" 1375
"../../../Engine/Content/EngineMeshes/Sphere.uexp" 1376
"../../../Engine/Content/EngineResources/DefaultTextureCube.uasset" 1377
"../../../Engine/Content/EngineResources/DefaultTextureCube.uexp" 1378
"../../../Engine/Content/EngineResources/DefaultVolumeTexture2D.uasset" 1379
"../../../Engine/Content/EngineResources/DefaultVolumeTexture2D.uexp" 1380
"../../../Engine/Content/EngineResources/DefaultVolumeTexture.uasset" 1381
"../../../Engine/Content/EngineResources/DefaultVolumeTexture.uexp" 1382
"../../../Engine/Plugins/2D/Paper2D/Content/DefaultSpriteMaterial.uasset" 1383
"../../../Engine/Plugins/2D/Paper2D/Content/DefaultSpriteMaterial.uexp" 1384
"../../../Engine/Plugins/2D/Paper2D/Content/OpaqueUnlitSpriteMaterial.uasset" 1385
"../../../Engine/Plugins/2D/Paper2D/Content/OpaqueUnlitSpriteMaterial.uexp" 1386
"../../../Engine/Plugins/2D/Paper2D/Content/MaskedUnlitSpriteMaterial.uasset" 1387
"../../../Engine/Plugins/2D/Paper2D/Content/MaskedUnlitSpriteMaterial.uexp" 1388
"../../../Engine/Plugins/NNE/NNEDenoiser/Content/NNE_oidn2-3-0_rt_hdr_calb_cnrm_large__dyn__fp16_opset11_ForwardAlpha.uasset" 1389
"../../../Engine/Plugins/NNE/NNEDenoiser/Content/NNE_oidn2-3-0_rt_hdr_calb_cnrm_large__dyn__fp16_opset11_ForwardAlpha.uexp" 1390
"../../../Engine/Plugins/NNE/NNEDenoiser/Content/NNE_oidn2-3-0_rt_hdr_calb_cnrm_large__dyn__fp16_opset11_DenoiseAlpha.uasset" 1391
"../../../Engine/Plugins/NNE/NNEDenoiser/Content/NNE_oidn2-3-0_rt_hdr_calb_cnrm_large__dyn__fp16_opset11_DenoiseAlpha.uexp" 1392
"../../../Engine/Plugins/NNE/NNEDenoiser/Content/NNE_oidn2-3-0_rt_hdr_alb_nrm__dyn__fp16_opset11_ForwardAlpha.uasset" 1393
"../../../Engine/Plugins/NNE/NNEDenoiser/Content/NNE_oidn2-3-0_rt_hdr_alb_nrm__dyn__fp16_opset11_ForwardAlpha.uexp" 1394
"../../../Engine/Plugins/NNE/NNEDenoiser/Content/NNE_oidn2-3-0_rt_hdr_alb_nrm__dyn__fp16_opset11_DenoiseAlpha.uasset" 1395
"../../../Engine/Plugins/NNE/NNEDenoiser/Content/NNE_oidn2-3-0_rt_hdr_alb_nrm__dyn__fp16_opset11_DenoiseAlpha.uexp" 1396
"../../../Engine/Plugins/NNE/NNEDenoiser/Content/NNE_oidn2-3-0_rt_hdr_alb_nrm_small__dyn__fp16_opset11_ForwardAlpha.uasset" 1397
"../../../Engine/Plugins/NNE/NNEDenoiser/Content/NNE_oidn2-3-0_rt_hdr_alb_nrm_small__dyn__fp16_opset11_ForwardAlpha.uexp" 1398
"../../../Engine/Plugins/NNE/NNEDenoiser/Content/NNE_oidn2-3-0_rt_hdr_alb_nrm_small__dyn__fp16_opset11_DenoiseAlpha.uasset" 1399
"../../../Engine/Plugins/NNE/NNEDenoiser/Content/NNE_oidn2-3-0_rt_hdr_alb_nrm_small__dyn__fp16_opset11_DenoiseAlpha.uexp" 1400
"../../../Engine/Plugins/Media/MediaPlate/Content/SM_MediaPlateScreen.ubulk" 1401
"../../../Engine/Plugins/Media/MediaPlate/Content/SM_MediaPlateScreen.uasset" 1402
"../../../Engine/Plugins/Media/MediaPlate/Content/SM_MediaPlateScreen.uexp" 1403
"../../../Engine/Content/EngineMaterials/DefaultMaterial.uasset" 1404
"../../../Engine/Content/EngineMaterials/DefaultMaterial.uexp" 1405
"../../../Engine/Content/BasicShapes/Cylinder.ubulk" 1406
"../../../Engine/Content/BasicShapes/Cylinder.uasset" 1407
"../../../Engine/Content/BasicShapes/Cylinder.uexp" 1408
"../../../Engine/Content/BasicShapes/Cube.ubulk" 1409
"../../../Engine/Content/BasicShapes/Cube.uasset" 1410
"../../../Engine/Content/BasicShapes/Cube.uexp" 1411
"../../../Engine/Content/BasicShapes/Cone.ubulk" 1412
"../../../Engine/Content/BasicShapes/Cone.uasset" 1413
"../../../Engine/Content/BasicShapes/Cone.uexp" 1414
"../../../Engine/Content/EditorLandscapeResources/SplineEditorMeshMat.uasset" 1415
"../../../Engine/Content/EditorLandscapeResources/SplineEditorMeshMat.uexp" 1416
"../../../Engine/Content/EditorLandscapeResources/SplineEditorMesh.ubulk" 1417
"../../../Engine/Content/EditorLandscapeResources/SplineEditorMesh.uasset" 1418
"../../../Engine/Content/EditorLandscapeResources/SplineEditorMesh.uexp" 1419
"../../../Engine/Content/Functions/Engine_MaterialFunctions03/Math/WithinRangeFloat2.uasset" 1420
"../../../Engine/Content/Functions/Engine_MaterialFunctions03/Math/WithinRangeFloat2.uexp" 1421
"../../../Engine/Content/EditorLandscapeResources/SelectBrushMaterial.uasset" 1422
"../../../Engine/Content/EditorLandscapeResources/SelectBrushMaterial.uexp" 1423
"../../../Engine/Content/EditorLandscapeResources/SelectBrushMaterial_SelectedRegion.uasset" 1424
"../../../Engine/Content/EditorLandscapeResources/SelectBrushMaterial_SelectedRegion.uexp" 1425
"../../../Engine/Content/EditorLandscapeResources/SelectBrushMaterial_Selected.uasset" 1426
"../../../Engine/Content/EditorLandscapeResources/SelectBrushMaterial_Selected.uexp" 1427
"../../../Engine/Content/EditorLandscapeResources/MaskBrushMaterial.uasset" 1428
"../../../Engine/Content/EditorLandscapeResources/MaskBrushMaterial.uexp" 1429
"../../../Engine/Content/EditorLandscapeResources/MaskBrushMaterial_MaskedRegion.uasset" 1430
"../../../Engine/Content/EditorLandscapeResources/MaskBrushMaterial_MaskedRegion.uexp" 1431
"../../../Engine/Content/EditorLandscapeResources/ColorMaskBrushMaterial.uasset" 1432
"../../../Engine/Content/EditorLandscapeResources/ColorMaskBrushMaterial.uexp" 1433
"../../../Engine/Content/EditorLandscapeResources/ColorMaskBrushMaterial_MaskedRegion.uasset" 1434
"../../../Engine/Content/EditorLandscapeResources/ColorMaskBrushMaterial_MaskedRegion.uexp" 1435
"../../../Engine/Content/EngineResources/WhiteSquareTexture.uasset" 1436
"../../../Engine/Content/EngineResources/WhiteSquareTexture.uexp" 1437
"../../../Engine/Content/EngineMaterials/Widget3DPassThrough.uasset" 1438
"../../../Engine/Content/EngineMaterials/Widget3DPassThrough.uexp" 1439
"../../../Engine/Content/EngineMaterials/Widget3DPassThrough_Translucent.uasset" 1440
"../../../Engine/Content/EngineMaterials/Widget3DPassThrough_Translucent.uexp" 1441
"../../../Engine/Content/EngineMaterials/Widget3DPassThrough_Translucent_OneSided.uasset" 1442
"../../../Engine/Content/EngineMaterials/Widget3DPassThrough_Translucent_OneSided.uexp" 1443
"../../../Engine/Content/EngineMaterials/Widget3DPassThrough_Opaque.uasset" 1444
"../../../Engine/Content/EngineMaterials/Widget3DPassThrough_Opaque.uexp" 1445
"../../../Engine/Content/EngineMaterials/Widget3DPassThrough_Opaque_OneSided.uasset" 1446
"../../../Engine/Content/EngineMaterials/Widget3DPassThrough_Opaque_OneSided.uexp" 1447
"../../../Engine/Content/EngineMaterials/Widget3DPassThrough_Masked_OneSided.uasset" 1448
"../../../Engine/Content/EngineMaterials/Widget3DPassThrough_Masked_OneSided.uexp" 1449
"../../../Engine/Content/EngineMaterials/Widget3DPassThrough_Masked.uasset" 1450
"../../../Engine/Content/EngineMaterials/Widget3DPassThrough_Masked.uexp" 1451
"../../../Engine/Content/EngineMaterials/WeightMapPlaceholderTexture.uasset" 1452
"../../../Engine/Content/EngineMaterials/WeightMapPlaceholderTexture.uexp" 1453
"../../../Engine/Content/EngineMaterials/WeightMapArrayPlaceholderTexture.uasset" 1454
"../../../Engine/Content/EngineMaterials/WeightMapArrayPlaceholderTexture.uexp" 1455
"../../../Engine/Plugins/Animation/ControlRig/Content/Controls/ControlRig_Wedge_solid.ubulk" 1456
"../../../Engine/Plugins/Animation/ControlRig/Content/Controls/ControlRig_Wedge_solid.uasset" 1457
"../../../Engine/Plugins/Animation/ControlRig/Content/Controls/ControlRig_Wedge_solid.uexp" 1458
"../../../Engine/Plugins/Animation/ControlRig/Content/Controls/ControlRig_Wedge_3mm.ubulk" 1459
"../../../Engine/Plugins/Animation/ControlRig/Content/Controls/ControlRig_Wedge_3mm.uasset" 1460
"../../../Engine/Plugins/Animation/ControlRig/Content/Controls/ControlRig_Wedge_3mm.uexp" 1461
"../../../Engine/Plugins/Animation/ControlRig/Content/Controls/ControlRig_Wedge_1mm.ubulk" 1462
"../../../Engine/Plugins/Animation/ControlRig/Content/Controls/ControlRig_Wedge_1mm.uasset" 1463
"../../../Engine/Plugins/Animation/ControlRig/Content/Controls/ControlRig_Wedge_1mm.uexp" 1464
"../../../Engine/Plugins/Animation/ControlRig/Content/Controls/ControlRig_Triangle_solid.ubulk" 1465
"../../../Engine/Plugins/Animation/ControlRig/Content/Controls/ControlRig_Triangle_solid.uasset" 1466
"../../../Engine/Plugins/Animation/ControlRig/Content/Controls/ControlRig_Triangle_solid.uexp" 1467
"../../../Engine/Plugins/Animation/ControlRig/Content/Controls/ControlRig_Triangle_3mm.ubulk" 1468
"../../../Engine/Plugins/Animation/ControlRig/Content/Controls/ControlRig_Triangle_3mm.uasset" 1469
"../../../Engine/Plugins/Animation/ControlRig/Content/Controls/ControlRig_Triangle_3mm.uexp" 1470
"../../../Engine/Plugins/Animation/ControlRig/Content/Controls/ControlRig_Triangle_1mm.ubulk" 1471
"../../../Engine/Plugins/Animation/ControlRig/Content/Controls/ControlRig_Triangle_1mm.uasset" 1472
"../../../Engine/Plugins/Animation/ControlRig/Content/Controls/ControlRig_Triangle_1mm.uexp" 1473
"../../../Engine/Plugins/Animation/ControlRig/Content/Controls/ControlRig_Star4_solid.ubulk" 1474
"../../../Engine/Plugins/Animation/ControlRig/Content/Controls/ControlRig_Star4_solid.uasset" 1475
"../../../Engine/Plugins/Animation/ControlRig/Content/Controls/ControlRig_Star4_solid.uexp" 1476
"../../../Engine/Plugins/Animation/ControlRig/Content/Controls/ControlRig_Star4_3mm.ubulk" 1477
"../../../Engine/Plugins/Animation/ControlRig/Content/Controls/ControlRig_Star4_3mm.uasset" 1478
"../../../Engine/Plugins/Animation/ControlRig/Content/Controls/ControlRig_Star4_3mm.uexp" 1479
"../../../Engine/Plugins/Animation/ControlRig/Content/Controls/ControlRig_Star4_1mm.ubulk" 1480
"../../../Engine/Plugins/Animation/ControlRig/Content/Controls/ControlRig_Star4_1mm.uasset" 1481
"../../../Engine/Plugins/Animation/ControlRig/Content/Controls/ControlRig_Star4_1mm.uexp" 1482
"../../../Engine/Plugins/Animation/ControlRig/Content/Controls/ControlRig_Square_solid.ubulk" 1483
"../../../Engine/Plugins/Animation/ControlRig/Content/Controls/ControlRig_Square_solid.uasset" 1484
"../../../Engine/Plugins/Animation/ControlRig/Content/Controls/ControlRig_Square_solid.uexp" 1485
"../../../Engine/Plugins/Animation/ControlRig/Content/Controls/ControlRig_Square_3mm.ubulk" 1486
"../../../Engine/Plugins/Animation/ControlRig/Content/Controls/ControlRig_Square_3mm.uasset" 1487
"../../../Engine/Plugins/Animation/ControlRig/Content/Controls/ControlRig_Square_3mm.uexp" 1488
"../../../Engine/Plugins/Animation/ControlRig/Content/Controls/ControlRig_Square_1mm.ubulk" 1489
"../../../Engine/Plugins/Animation/ControlRig/Content/Controls/ControlRig_Square_1mm.uasset" 1490
"../../../Engine/Plugins/Animation/ControlRig/Content/Controls/ControlRig_Square_1mm.uexp" 1491
"../../../Engine/Plugins/Animation/ControlRig/Content/Controls/ControlRig_Sphere_solid.ubulk" 1492
"../../../Engine/Plugins/Animation/ControlRig/Content/Controls/ControlRig_Sphere_solid.uasset" 1493
"../../../Engine/Plugins/Animation/ControlRig/Content/Controls/ControlRig_Sphere_solid.uexp" 1494
"../../../Engine/Plugins/Animation/ControlRig/Content/Controls/ControlRig_Sphere_3mm.ubulk" 1495
"../../../Engine/Plugins/Animation/ControlRig/Content/Controls/ControlRig_Sphere_3mm.uasset" 1496
"../../../Engine/Plugins/Animation/ControlRig/Content/Controls/ControlRig_Sphere_3mm.uexp" 1497
"../../../Engine/Plugins/Animation/ControlRig/Content/Controls/ControlRig_Sphere_1mm.ubulk" 1498
"../../../Engine/Plugins/Animation/ControlRig/Content/Controls/ControlRig_Sphere_1mm.uasset" 1499
"../../../Engine/Plugins/Animation/ControlRig/Content/Controls/ControlRig_Sphere_1mm.uexp" 1500
"../../../Engine/Plugins/Animation/ControlRig/Content/Controls/ControlRig_RoundedTriangle_solid.ubulk" 1501
"../../../Engine/Plugins/Animation/ControlRig/Content/Controls/ControlRig_RoundedTriangle_solid.uasset" 1502
"../../../Engine/Plugins/Animation/ControlRig/Content/Controls/ControlRig_RoundedTriangle_solid.uexp" 1503
"../../../Engine/Plugins/Animation/ControlRig/Content/Controls/ControlRig_RoundedTriangle_3mm.ubulk" 1504
"../../../Engine/Plugins/Animation/ControlRig/Content/Controls/ControlRig_RoundedTriangle_3mm.uasset" 1505
"../../../Engine/Plugins/Animation/ControlRig/Content/Controls/ControlRig_RoundedTriangle_3mm.uexp" 1506
"../../../Engine/Plugins/Animation/ControlRig/Content/Controls/ControlRig_RoundedTriangle_1mm.ubulk" 1507
"../../../Engine/Plugins/Animation/ControlRig/Content/Controls/ControlRig_RoundedTriangle_1mm.uasset" 1508
"../../../Engine/Plugins/Animation/ControlRig/Content/Controls/ControlRig_RoundedTriangle_1mm.uexp" 1509
"../../../Engine/Plugins/Animation/ControlRig/Content/Controls/ControlRig_RoundedSquare_solid.ubulk" 1510
"../../../Engine/Plugins/Animation/ControlRig/Content/Controls/ControlRig_RoundedSquare_solid.uasset" 1511
"../../../Engine/Plugins/Animation/ControlRig/Content/Controls/ControlRig_RoundedSquare_solid.uexp" 1512
"../../../Engine/Plugins/Animation/ControlRig/Content/Controls/ControlRig_RoundedSquare_3mm.ubulk" 1513
"../../../Engine/Plugins/Animation/ControlRig/Content/Controls/ControlRig_RoundedSquare_3mm.uasset" 1514
"../../../Engine/Plugins/Animation/ControlRig/Content/Controls/ControlRig_RoundedSquare_3mm.uexp" 1515
"../../../Engine/Plugins/Animation/ControlRig/Content/Controls/ControlRig_RoundedSquare_1mm.ubulk" 1516
"../../../Engine/Plugins/Animation/ControlRig/Content/Controls/ControlRig_RoundedSquare_1mm.uasset" 1517
"../../../Engine/Plugins/Animation/ControlRig/Content/Controls/ControlRig_RoundedSquare_1mm.uexp" 1518
"../../../Engine/Plugins/Animation/ControlRig/Content/Controls/ControlRig_QuarterCircle_solid.ubulk" 1519
"../../../Engine/Plugins/Animation/ControlRig/Content/Controls/ControlRig_QuarterCircle_solid.uasset" 1520
"../../../Engine/Plugins/Animation/ControlRig/Content/Controls/ControlRig_QuarterCircle_solid.uexp" 1521
"../../../Engine/Plugins/Animation/ControlRig/Content/Controls/ControlRig_QuarterCircle_3mm.ubulk" 1522
"../../../Engine/Plugins/Animation/ControlRig/Content/Controls/ControlRig_QuarterCircle_3mm.uasset" 1523
"../../../Engine/Plugins/Animation/ControlRig/Content/Controls/ControlRig_QuarterCircle_3mm.uexp" 1524
"../../../Engine/Plugins/Animation/ControlRig/Content/Controls/ControlRig_QuarterCircle_1mm.ubulk" 1525
"../../../Engine/Plugins/Animation/ControlRig/Content/Controls/ControlRig_QuarterCircle_1mm.uasset" 1526
"../../../Engine/Plugins/Animation/ControlRig/Content/Controls/ControlRig_QuarterCircle_1mm.uexp" 1527
"../../../Engine/Plugins/Animation/ControlRig/Content/Controls/ControlRig_Pyramid_solid.ubulk" 1528
"../../../Engine/Plugins/Animation/ControlRig/Content/Controls/ControlRig_Pyramid_solid.uasset" 1529
"../../../Engine/Plugins/Animation/ControlRig/Content/Controls/ControlRig_Pyramid_solid.uexp" 1530
"../../../Engine/Plugins/Animation/ControlRig/Content/Controls/ControlRig_Pyramid_3mm.ubulk" 1531
"../../../Engine/Plugins/Animation/ControlRig/Content/Controls/ControlRig_Pyramid_3mm.uasset" 1532
"../../../Engine/Plugins/Animation/ControlRig/Content/Controls/ControlRig_Pyramid_3mm.uexp" 1533
"../../../Engine/Plugins/Animation/ControlRig/Content/Controls/ControlRig_Pyramid_1mm.ubulk" 1534
"../../../Engine/Plugins/Animation/ControlRig/Content/Controls/ControlRig_Pyramid_1mm.uasset" 1535
"../../../Engine/Plugins/Animation/ControlRig/Content/Controls/ControlRig_Pyramid_1mm.uexp" 1536
"../../../Engine/Plugins/Animation/ControlRig/Content/Controls/ControlRig_Octagon_solid.ubulk" 1537
"../../../Engine/Plugins/Animation/ControlRig/Content/Controls/ControlRig_Octagon_solid.uasset" 1538
"../../../Engine/Plugins/Animation/ControlRig/Content/Controls/ControlRig_Octagon_solid.uexp" 1539
"../../../Engine/Plugins/Animation/ControlRig/Content/Controls/ControlRig_Octagon_3mm.ubulk" 1540
"../../../Engine/Plugins/Animation/ControlRig/Content/Controls/ControlRig_Octagon_3mm.uasset" 1541
"../../../Engine/Plugins/Animation/ControlRig/Content/Controls/ControlRig_Octagon_3mm.uexp" 1542
"../../../Engine/Plugins/Animation/ControlRig/Content/Controls/ControlRig_Octagon_1mm.ubulk" 1543
"../../../Engine/Plugins/Animation/ControlRig/Content/Controls/ControlRig_Octagon_1mm.uasset" 1544
"../../../Engine/Plugins/Animation/ControlRig/Content/Controls/ControlRig_Octagon_1mm.uexp" 1545
"../../../Engine/Plugins/Animation/ControlRig/Content/Controls/ControlRig_Hexagon_solid.ubulk" 1546
"../../../Engine/Plugins/Animation/ControlRig/Content/Controls/ControlRig_Hexagon_solid.uasset" 1547
"../../../Engine/Plugins/Animation/ControlRig/Content/Controls/ControlRig_Hexagon_solid.uexp" 1548
"../../../Engine/Plugins/Animation/ControlRig/Content/Controls/ControlRig_Hexagon_3mm.ubulk" 1549
"../../../Engine/Plugins/Animation/ControlRig/Content/Controls/ControlRig_Hexagon_3mm.uasset" 1550
"../../../Engine/Plugins/Animation/ControlRig/Content/Controls/ControlRig_Hexagon_3mm.uexp" 1551
"../../../Engine/Plugins/Animation/ControlRig/Content/Controls/ControlRig_Hexagon_1mm.ubulk" 1552
"../../../Engine/Plugins/Animation/ControlRig/Content/Controls/ControlRig_Hexagon_1mm.uasset" 1553
"../../../Engine/Plugins/Animation/ControlRig/Content/Controls/ControlRig_Hexagon_1mm.uexp" 1554
"../../../Engine/Plugins/Animation/ControlRig/Content/Controls/ControlRig_HalfCircle_solid.ubulk" 1555
"../../../Engine/Plugins/Animation/ControlRig/Content/Controls/ControlRig_HalfCircle_solid.uasset" 1556
"../../../Engine/Plugins/Animation/ControlRig/Content/Controls/ControlRig_HalfCircle_solid.uexp" 1557
"../../../Engine/Plugins/Animation/ControlRig/Content/Controls/ControlRig_HalfCircle_3mm.ubulk" 1558
"../../../Engine/Plugins/Animation/ControlRig/Content/Controls/ControlRig_HalfCircle_3mm.uasset" 1559
"../../../Engine/Plugins/Animation/ControlRig/Content/Controls/ControlRig_HalfCircle_3mm.uexp" 1560
"../../../Engine/Plugins/Animation/ControlRig/Content/Controls/ControlRig_HalfCircle_1mm.ubulk" 1561
"../../../Engine/Plugins/Animation/ControlRig/Content/Controls/ControlRig_HalfCircle_1mm.uasset" 1562
"../../../Engine/Plugins/Animation/ControlRig/Content/Controls/ControlRig_HalfCircle_1mm.uexp" 1563
"../../../Engine/Plugins/Animation/ControlRig/Content/Controls/ControlRig_Diamond_solid.ubulk" 1564
"../../../Engine/Plugins/Animation/ControlRig/Content/Controls/ControlRig_Diamond_solid.uasset" 1565
"../../../Engine/Plugins/Animation/ControlRig/Content/Controls/ControlRig_Diamond_solid.uexp" 1566
"../../../Engine/Plugins/Animation/ControlRig/Content/Controls/ControlRig_Diamond_3mm.ubulk" 1567
"../../../Engine/Plugins/Animation/ControlRig/Content/Controls/ControlRig_Diamond_3mm.uasset" 1568
"../../../Engine/Plugins/Animation/ControlRig/Content/Controls/ControlRig_Diamond_3mm.uexp" 1569
"../../../Engine/Plugins/Animation/ControlRig/Content/Controls/ControlRig_Diamond_1mm.ubulk" 1570
"../../../Engine/Plugins/Animation/ControlRig/Content/Controls/ControlRig_Diamond_1mm.uasset" 1571
"../../../Engine/Plugins/Animation/ControlRig/Content/Controls/ControlRig_Diamond_1mm.uexp" 1572
"../../../Engine/Plugins/Animation/ControlRig/Content/Controls/ControlRig_Circle_solid.ubulk" 1573
"../../../Engine/Plugins/Animation/ControlRig/Content/Controls/ControlRig_Circle_solid.uasset" 1574
"../../../Engine/Plugins/Animation/ControlRig/Content/Controls/ControlRig_Circle_solid.uexp" 1575
"../../../Engine/Plugins/Animation/ControlRig/Content/Controls/ControlRig_Circle_3mm.ubulk" 1576
"../../../Engine/Plugins/Animation/ControlRig/Content/Controls/ControlRig_Circle_3mm.uasset" 1577
"../../../Engine/Plugins/Animation/ControlRig/Content/Controls/ControlRig_Circle_3mm.uexp" 1578
"../../../Engine/Plugins/Animation/ControlRig/Content/Controls/ControlRig_Circle_1mm.ubulk" 1579
"../../../Engine/Plugins/Animation/ControlRig/Content/Controls/ControlRig_Circle_1mm.uasset" 1580
"../../../Engine/Plugins/Animation/ControlRig/Content/Controls/ControlRig_Circle_1mm.uexp" 1581
"../../../Engine/Plugins/Animation/ControlRig/Content/Controls/ControlRig_Box_solid.ubulk" 1582
"../../../Engine/Plugins/Animation/ControlRig/Content/Controls/ControlRig_Box_solid.uasset" 1583
"../../../Engine/Plugins/Animation/ControlRig/Content/Controls/ControlRig_Box_solid.uexp" 1584
"../../../Engine/Plugins/Animation/ControlRig/Content/Controls/ControlRig_Box_3mm.ubulk" 1585
"../../../Engine/Plugins/Animation/ControlRig/Content/Controls/ControlRig_Box_3mm.uasset" 1586
"../../../Engine/Plugins/Animation/ControlRig/Content/Controls/ControlRig_Box_3mm.uexp" 1587
"../../../Engine/Plugins/Animation/ControlRig/Content/Controls/ControlRig_Box_1mm.ubulk" 1588
"../../../Engine/Plugins/Animation/ControlRig/Content/Controls/ControlRig_Box_1mm.uasset" 1589
"../../../Engine/Plugins/Animation/ControlRig/Content/Controls/ControlRig_Box_1mm.uexp" 1590
"../../../Engine/Plugins/Animation/ControlRig/Content/Controls/ControlRig_Arrow_solid.ubulk" 1591
"../../../Engine/Plugins/Animation/ControlRig/Content/Controls/ControlRig_Arrow_solid.uasset" 1592
"../../../Engine/Plugins/Animation/ControlRig/Content/Controls/ControlRig_Arrow_solid.uexp" 1593
"../../../Engine/Plugins/Animation/ControlRig/Content/Controls/ControlRig_Arrow_3mm.ubulk" 1594
"../../../Engine/Plugins/Animation/ControlRig/Content/Controls/ControlRig_Arrow_3mm.uasset" 1595
"../../../Engine/Plugins/Animation/ControlRig/Content/Controls/ControlRig_Arrow_3mm.uexp" 1596
"../../../Engine/Plugins/Animation/ControlRig/Content/Controls/ControlRig_Arrow_1mm.ubulk" 1597
"../../../Engine/Plugins/Animation/ControlRig/Content/Controls/ControlRig_Arrow_1mm.uasset" 1598
"../../../Engine/Plugins/Animation/ControlRig/Content/Controls/ControlRig_Arrow_1mm.uexp" 1599
"../../../Engine/Plugins/Animation/ControlRig/Content/Controls/ControlRig_Arrow4_solid.ubulk" 1600
"../../../Engine/Plugins/Animation/ControlRig/Content/Controls/ControlRig_Arrow4_solid.uasset" 1601
"../../../Engine/Plugins/Animation/ControlRig/Content/Controls/ControlRig_Arrow4_solid.uexp" 1602
"../../../Engine/Plugins/Animation/ControlRig/Content/Controls/ControlRig_Arrow4_3mm.ubulk" 1603
"../../../Engine/Plugins/Animation/ControlRig/Content/Controls/ControlRig_Arrow4_3mm.uasset" 1604
"../../../Engine/Plugins/Animation/ControlRig/Content/Controls/ControlRig_Arrow4_3mm.uexp" 1605
"../../../Engine/Plugins/Animation/ControlRig/Content/Controls/ControlRig_Arrow4_1mm.ubulk" 1606
"../../../Engine/Plugins/Animation/ControlRig/Content/Controls/ControlRig_Arrow4_1mm.uasset" 1607
"../../../Engine/Plugins/Animation/ControlRig/Content/Controls/ControlRig_Arrow4_1mm.uexp" 1608
"../../../Engine/Plugins/Animation/ControlRig/Content/Controls/ControlRig_Arrow2_solid.ubulk" 1609
"../../../Engine/Plugins/Animation/ControlRig/Content/Controls/ControlRig_Arrow2_solid.uasset" 1610
"../../../Engine/Plugins/Animation/ControlRig/Content/Controls/ControlRig_Arrow2_solid.uexp" 1611
"../../../Engine/Plugins/Animation/ControlRig/Content/Controls/ControlRig_Arrow2_3mm.ubulk" 1612
"../../../Engine/Plugins/Animation/ControlRig/Content/Controls/ControlRig_Arrow2_3mm.uasset" 1613
"../../../Engine/Plugins/Animation/ControlRig/Content/Controls/ControlRig_Arrow2_3mm.uexp" 1614
"../../../Engine/Plugins/Animation/ControlRig/Content/Controls/ControlRig_Arrow2_1mm.ubulk" 1615
"../../../Engine/Plugins/Animation/ControlRig/Content/Controls/ControlRig_Arrow2_1mm.uasset" 1616
"../../../Engine/Plugins/Animation/ControlRig/Content/Controls/ControlRig_Arrow2_1mm.uexp" 1617
"../../../Engine/Content/EditorMaterials/Camera/CineMat.uasset" 1618
"../../../Engine/Content/EditorMaterials/Camera/CineMat.uexp" 1619
"../../../Engine/Content/EditorMaterials/Camera/MI_CineMat_Rig.uasset" 1620
"../../../Engine/Content/EditorMaterials/Camera/MI_CineMat_Rig.uexp" 1621
"../../../Engine/Content/EditorMeshes/Camera/SM_RailRig_Track.ubulk" 1622
"../../../Engine/Content/EditorMeshes/Camera/SM_RailRig_Track.uasset" 1623
"../../../Engine/Content/EditorMeshes/Camera/SM_RailRig_Track.uexp" 1624
"../../../Engine/Content/EditorMeshes/Camera/SM_RailRig_Mount.ubulk" 1625
"../../../Engine/Content/EditorMeshes/Camera/SM_RailRig_Mount.uasset" 1626
"../../../Engine/Content/EditorMeshes/Camera/SM_RailRig_Mount.uexp" 1627
"../../../Engine/Content/EditorMeshes/Camera/SM_CraneRig_Mount.ubulk" 1628
"../../../Engine/Content/EditorMeshes/Camera/SM_CraneRig_Mount.uasset" 1629
"../../../Engine/Content/EditorMeshes/Camera/SM_CraneRig_Mount.uexp" 1630
"../../../Engine/Content/EditorMeshes/Camera/SM_CraneRig_Body.ubulk" 1631
"../../../Engine/Content/EditorMeshes/Camera/SM_CraneRig_Body.uasset" 1632
"../../../Engine/Content/EditorMeshes/Camera/SM_CraneRig_Body.uexp" 1633
"../../../Engine/Content/EditorMeshes/Camera/SM_CraneRig_Base.ubulk" 1634
"../../../Engine/Content/EditorMeshes/Camera/SM_CraneRig_Base.uasset" 1635
"../../../Engine/Content/EditorMeshes/Camera/SM_CraneRig_Base.uexp" 1636
"../../../Engine/Content/EditorMeshes/Camera/SM_CraneRig_Arm.ubulk" 1637
"../../../Engine/Content/EditorMeshes/Camera/SM_CraneRig_Arm.uasset" 1638
"../../../Engine/Content/EditorMeshes/Camera/SM_CraneRig_Arm.uexp" 1639
"../../../Engine/Content/VREditor/TransformGizmo/Xray.uasset" 1640
"../../../Engine/Content/VREditor/TransformGizmo/Xray.uexp" 1641
"../../../Engine/Content/VREditor/TransformGizmo/Main.uasset" 1642
"../../../Engine/Content/VREditor/TransformGizmo/Main.uexp" 1643
"../../../Engine/Content/VREditor/TransformGizmo/SM_Sequencer_Node.ubulk" 1644
"../../../Engine/Content/VREditor/TransformGizmo/SM_Sequencer_Node.uasset" 1645
"../../../Engine/Content/VREditor/TransformGizmo/SM_Sequencer_Node.uexp" 1646
"../../../Engine/Content/VREditor/TransformGizmo/TranslucentTransformGizmoMaterial.uasset" 1647
"../../../Engine/Content/VREditor/TransformGizmo/TranslucentTransformGizmoMaterial.uexp" 1648
"../../../Engine/Content/VREditor/LaserPointer/VR_LaserPower_01.ubulk" 1649
"../../../Engine/Content/VREditor/LaserPointer/VR_LaserPower_01.uasset" 1650
"../../../Engine/Content/VREditor/LaserPointer/VR_LaserPower_01.uexp" 1651
"../../../Engine/Content/VREditor/TransformGizmo/TransformGizmoMaterial.uasset" 1652
"../../../Engine/Content/VREditor/TransformGizmo/TransformGizmoMaterial.uexp" 1653
"../../../Engine/Content/VREditor/TransformGizmo/BoundingBoxEdge.ubulk" 1654
"../../../Engine/Content/VREditor/TransformGizmo/BoundingBoxEdge.uasset" 1655
"../../../Engine/Content/VREditor/TransformGizmo/BoundingBoxEdge.uexp" 1656
"../../../Engine/Content/VREditor/TransformGizmo/BoundingBoxCorner.ubulk" 1657
"../../../Engine/Content/VREditor/TransformGizmo/BoundingBoxCorner.uasset" 1658
"../../../Engine/Content/VREditor/TransformGizmo/BoundingBoxCorner.uexp" 1659
"C:/Users/fritz/OneDrive/Dokumente/Schule/Diplomarbeit/da-conquerthecastle-ue5/UE5/Content/Medieval_Town/Textures/Unique/backdrop_01/T_backdrop_01_N.ubulk" 1660
"C:/Users/fritz/OneDrive/Dokumente/Schule/Diplomarbeit/da-conquerthecastle-ue5/UE5/Content/Medieval_Town/Textures/Unique/backdrop_01/T_backdrop_01_N.uasset" 1661
"C:/Users/fritz/OneDrive/Dokumente/Schule/Diplomarbeit/da-conquerthecastle-ue5/UE5/Content/Medieval_Town/Textures/Unique/backdrop_01/T_backdrop_01_N.uexp" 1662
"C:/Users/fritz/OneDrive/Dokumente/Schule/Diplomarbeit/da-conquerthecastle-ue5/UE5/Content/Medieval_Town/Textures/Unique/backdrop_01/T_backdrop_01_MRA.ubulk" 1663
"C:/Users/fritz/OneDrive/Dokumente/Schule/Diplomarbeit/da-conquerthecastle-ue5/UE5/Content/Medieval_Town/Textures/Unique/backdrop_01/T_backdrop_01_MRA.uasset" 1664
"C:/Users/fritz/OneDrive/Dokumente/Schule/Diplomarbeit/da-conquerthecastle-ue5/UE5/Content/Medieval_Town/Textures/Unique/backdrop_01/T_backdrop_01_MRA.uexp" 1665
"C:/Users/fritz/OneDrive/Dokumente/Schule/Diplomarbeit/da-conquerthecastle-ue5/UE5/Content/Medieval_Town/Textures/Unique/backdrop_01/T_backdrop_01_BC.ubulk" 1666
"C:/Users/fritz/OneDrive/Dokumente/Schule/Diplomarbeit/da-conquerthecastle-ue5/UE5/Content/Medieval_Town/Textures/Unique/backdrop_01/T_backdrop_01_BC.uasset" 1667
"C:/Users/fritz/OneDrive/Dokumente/Schule/Diplomarbeit/da-conquerthecastle-ue5/UE5/Content/Medieval_Town/Textures/Unique/backdrop_01/T_backdrop_01_BC.uexp" 1668
"C:/Users/fritz/OneDrive/Dokumente/Schule/Diplomarbeit/da-conquerthecastle-ue5/UE5/Content/Medieval_Town/Materials/Instances/MI_backdrop_01.uasset" 1669
"C:/Users/fritz/OneDrive/Dokumente/Schule/Diplomarbeit/da-conquerthecastle-ue5/UE5/Content/Medieval_Town/Materials/Instances/MI_backdrop_01.uexp" 1670
"C:/Users/fritz/OneDrive/Dokumente/Schule/Diplomarbeit/da-conquerthecastle-ue5/UE5/Content/Medieval_Town/Meshes/SM_backdrop_01.ubulk" 1671
"C:/Users/fritz/OneDrive/Dokumente/Schule/Diplomarbeit/da-conquerthecastle-ue5/UE5/Content/Medieval_Town/Meshes/SM_backdrop_01.uasset" 1672
"C:/Users/fritz/OneDrive/Dokumente/Schule/Diplomarbeit/da-conquerthecastle-ue5/UE5/Content/Medieval_Town/Meshes/SM_backdrop_01.uexp" 1673
"C:/Users/fritz/OneDrive/Dokumente/Schule/Diplomarbeit/da-conquerthecastle-ue5/UE5/Content/LevelPrototyping/MainRoom/Materials/DarkRed.uasset" 1674
"C:/Users/fritz/OneDrive/Dokumente/Schule/Diplomarbeit/da-conquerthecastle-ue5/UE5/Content/LevelPrototyping/MainRoom/Materials/DarkRed.uexp" 1675
"C:/Users/fritz/OneDrive/Dokumente/Schule/Diplomarbeit/da-conquerthecastle-ue5/UE5/Content/LevelPrototyping/MainRoom/Materials/Gold.uasset" 1676
"C:/Users/fritz/OneDrive/Dokumente/Schule/Diplomarbeit/da-conquerthecastle-ue5/UE5/Content/LevelPrototyping/MainRoom/Materials/Gold.uexp" 1677
"C:/Users/fritz/OneDrive/Dokumente/Schule/Diplomarbeit/da-conquerthecastle-ue5/UE5/Content/LevelPrototyping/MainRoom/Materials/Gray.uasset" 1678
"C:/Users/fritz/OneDrive/Dokumente/Schule/Diplomarbeit/da-conquerthecastle-ue5/UE5/Content/LevelPrototyping/MainRoom/Materials/Gray.uexp" 1679
"C:/Users/fritz/OneDrive/Dokumente/Schule/Diplomarbeit/da-conquerthecastle-ue5/UE5/Content/LevelPrototyping/MainRoom/Materials/LightRed.uasset" 1680
"C:/Users/fritz/OneDrive/Dokumente/Schule/Diplomarbeit/da-conquerthecastle-ue5/UE5/Content/LevelPrototyping/MainRoom/Materials/LightRed.uexp" 1681
"C:/Users/fritz/OneDrive/Dokumente/Schule/Diplomarbeit/da-conquerthecastle-ue5/UE5/Content/LevelPrototyping/MainRoom/Materials/Material.uasset" 1682
"C:/Users/fritz/OneDrive/Dokumente/Schule/Diplomarbeit/da-conquerthecastle-ue5/UE5/Content/LevelPrototyping/MainRoom/Materials/Material.uexp" 1683
"C:/Users/fritz/OneDrive/Dokumente/Schule/Diplomarbeit/da-conquerthecastle-ue5/UE5/Content/LevelPrototyping/MainRoom/Materials/MediumGray.uasset" 1684
"C:/Users/fritz/OneDrive/Dokumente/Schule/Diplomarbeit/da-conquerthecastle-ue5/UE5/Content/LevelPrototyping/MainRoom/Materials/MediumGray.uexp" 1685
"C:/Users/fritz/OneDrive/Dokumente/Schule/Diplomarbeit/da-conquerthecastle-ue5/UE5/Content/LevelPrototyping/MainRoom/Materials/Rot.uasset" 1686
"C:/Users/fritz/OneDrive/Dokumente/Schule/Diplomarbeit/da-conquerthecastle-ue5/UE5/Content/LevelPrototyping/MainRoom/Materials/Rot.uexp" 1687
"C:/Users/fritz/OneDrive/Dokumente/Schule/Diplomarbeit/da-conquerthecastle-ue5/UE5/Content/LevelPrototyping/MainRoom/Materials/Wood_Dark.uasset" 1688
"C:/Users/fritz/OneDrive/Dokumente/Schule/Diplomarbeit/da-conquerthecastle-ue5/UE5/Content/LevelPrototyping/MainRoom/Materials/Wood_Dark.uexp" 1689
"C:/Users/fritz/OneDrive/Dokumente/Schule/Diplomarbeit/da-conquerthecastle-ue5/UE5/Content/LevelPrototyping/MainRoom/Materials/Wood_Light.uasset" 1690
"C:/Users/fritz/OneDrive/Dokumente/Schule/Diplomarbeit/da-conquerthecastle-ue5/UE5/Content/LevelPrototyping/MainRoom/Materials/Wood_Light.uexp" 1691
"C:/Users/fritz/OneDrive/Dokumente/Schule/Diplomarbeit/da-conquerthecastle-ue5/UE5/Content/LevelPrototyping/MainRoom/Bossroom_NoTexture7.ubulk" 1692
"C:/Users/fritz/OneDrive/Dokumente/Schule/Diplomarbeit/da-conquerthecastle-ue5/UE5/Content/LevelPrototyping/MainRoom/Bossroom_NoTexture7.uasset" 1693
"C:/Users/fritz/OneDrive/Dokumente/Schule/Diplomarbeit/da-conquerthecastle-ue5/UE5/Content/LevelPrototyping/MainRoom/Bossroom_NoTexture7.uexp" 1694
"../../../Engine/Plugins/Interchange/Assets/Content/gltf/Textures/T_White_srgb.uasset" 1695
"../../../Engine/Plugins/Interchange/Assets/Content/gltf/Textures/T_White_srgb.uexp" 1696
"../../../Engine/Plugins/Interchange/Assets/Content/gltf/MaterialFunctions/MF_BaseColor.uasset" 1697
"../../../Engine/Plugins/Interchange/Assets/Content/gltf/MaterialFunctions/MF_BaseColor.uexp" 1698
"../../../Engine/Plugins/Interchange/Assets/Content/gltf/MaterialFunctions/MF_RotateV2.uasset" 1699
"../../../Engine/Plugins/Interchange/Assets/Content/gltf/MaterialFunctions/MF_RotateV2.uexp" 1700
"../../../Engine/Plugins/Interchange/Assets/Content/gltf/MaterialFunctions/MF_TransformUVs.uasset" 1701
"../../../Engine/Plugins/Interchange/Assets/Content/gltf/MaterialFunctions/MF_TransformUVs.uexp" 1702
"../../../Engine/Plugins/Interchange/Assets/Content/gltf/MaterialBodies/MF_Unlit_Body.uasset" 1703
"../../../Engine/Plugins/Interchange/Assets/Content/gltf/MaterialBodies/MF_Unlit_Body.uexp" 1704
"../../../Engine/Plugins/Interchange/Assets/Content/gltf/M_Unlit.uasset" 1705
"../../../Engine/Plugins/Interchange/Assets/Content/gltf/M_Unlit.uexp" 1706
"../../../Engine/Plugins/Interchange/Assets/Content/gltf/MaterialInstances/MI_Unlit_Opaque_DS.uasset" 1707
"../../../Engine/Plugins/Interchange/Assets/Content/gltf/MaterialInstances/MI_Unlit_Opaque_DS.uexp" 1708
"../../../Engine/Plugins/Interchange/Assets/Content/gltf/MaterialInstances/MI_Unlit_Opaque.uasset" 1709
"../../../Engine/Plugins/Interchange/Assets/Content/gltf/MaterialInstances/MI_Unlit_Opaque.uexp" 1710
"../../../Engine/Plugins/Interchange/Assets/Content/gltf/MaterialInstances/MI_Unlit_Mask_DS.uasset" 1711
"../../../Engine/Plugins/Interchange/Assets/Content/gltf/MaterialInstances/MI_Unlit_Mask_DS.uexp" 1712
"../../../Engine/Plugins/Interchange/Assets/Content/gltf/MaterialInstances/MI_Unlit_Mask.uasset" 1713
"../../../Engine/Plugins/Interchange/Assets/Content/gltf/MaterialInstances/MI_Unlit_Mask.uexp" 1714
"../../../Engine/Plugins/Interchange/Assets/Content/gltf/MaterialInstances/MI_Unlit_Blend_DS.uasset" 1715
"../../../Engine/Plugins/Interchange/Assets/Content/gltf/MaterialInstances/MI_Unlit_Blend_DS.uexp" 1716
"../../../Engine/Plugins/Interchange/Assets/Content/gltf/MaterialInstances/MI_Unlit_Blend.uasset" 1717
"../../../Engine/Plugins/Interchange/Assets/Content/gltf/MaterialInstances/MI_Unlit_Blend.uexp" 1718
"../../../Engine/Content/EngineMaterials/Good64x64TilingNoiseHighFreq.uasset" 1719
"../../../Engine/Content/EngineMaterials/Good64x64TilingNoiseHighFreq.uexp" 1720
"../../../Engine/Content/Functions/Engine_MaterialFunctions02/Texturing/ScreenAlignedPixelToPixelUVs.uasset" 1721
"../../../Engine/Content/Functions/Engine_MaterialFunctions02/Texturing/ScreenAlignedPixelToPixelUVs.uexp" 1722
"../../../Engine/Plugins/Interchange/Assets/Content/Utilities/New_LUT.uasset" 1723
"../../../Engine/Plugins/Interchange/Assets/Content/Utilities/New_LUT.uexp" 1724
"../../../Engine/Content/Functions/Engine_MaterialFunctions03/Math/RemapValueRange.uasset" 1725
"../../../Engine/Content/Functions/Engine_MaterialFunctions03/Math/RemapValueRange.uexp" 1726
"../../../Engine/Plugins/Interchange/Assets/Content/Functions/MF_Iridescence.uasset" 1727
"../../../Engine/Plugins/Interchange/Assets/Content/Functions/MF_Iridescence.uexp" 1728
"../../../Engine/Plugins/Interchange/Assets/Content/gltf/MaterialFunctions/MF_Fresnel_DS.uasset" 1729
"../../../Engine/Plugins/Interchange/Assets/Content/gltf/MaterialFunctions/MF_Fresnel_DS.uexp" 1730
"../../../Engine/Plugins/Interchange/Assets/Content/gltf/MaterialFunctions/MF_IOR.uasset" 1731
"../../../Engine/Plugins/Interchange/Assets/Content/gltf/MaterialFunctions/MF_IOR.uexp" 1732
"../../../Engine/Plugins/Interchange/Assets/Content/gltf/MaterialFunctions/MF_Iridescence.uasset" 1733
"../../../Engine/Plugins/Interchange/Assets/Content/gltf/MaterialFunctions/MF_Iridescence.uexp" 1734
"../../../Engine/Plugins/Interchange/Assets/Content/gltf/Textures/T_White_Linear.uasset" 1735
"../../../Engine/Plugins/Interchange/Assets/Content/gltf/Textures/T_White_Linear.uexp" 1736
"../../../Engine/Plugins/Interchange/Assets/Content/gltf/MaterialFunctions/MF_MetallicRoughness.uasset" 1737
"../../../Engine/Plugins/Interchange/Assets/Content/gltf/MaterialFunctions/MF_MetallicRoughness.uexp" 1738
"../../../Engine/Content/Functions/Engine_MaterialFunctions02/Math/Transform3x3Matrix.uasset" 1739
"../../../Engine/Content/Functions/Engine_MaterialFunctions02/Math/Transform3x3Matrix.uexp" 1740
"../../../Engine/Plugins/Interchange/Assets/Content/gltf/MaterialFunctions/MF_RotateNormals_TS.uasset" 1741
"../../../Engine/Plugins/Interchange/Assets/Content/gltf/MaterialFunctions/MF_RotateNormals_TS.uexp" 1742
"../../../Engine/Plugins/Interchange/Assets/Content/gltf/MaterialFunctions/MF_ScaleNormal.uasset" 1743
"../../../Engine/Plugins/Interchange/Assets/Content/gltf/MaterialFunctions/MF_ScaleNormal.uexp" 1744
"../../../Engine/Plugins/Interchange/Assets/Content/gltf/Textures/T_Generic_N.uasset" 1745
"../../../Engine/Plugins/Interchange/Assets/Content/gltf/Textures/T_Generic_N.uexp" 1746
"../../../Engine/Plugins/Interchange/Assets/Content/gltf/MaterialFunctions/MF_Normals.uasset" 1747
"../../../Engine/Plugins/Interchange/Assets/Content/gltf/MaterialFunctions/MF_Normals.uexp" 1748
"../../../Engine/Plugins/Interchange/Assets/Content/gltf/MaterialFunctions/MF_Occlusion.uasset" 1749
"../../../Engine/Plugins/Interchange/Assets/Content/gltf/MaterialFunctions/MF_Occlusion.uexp" 1750
"../../../Engine/Plugins/Interchange/Assets/Content/gltf/MaterialFunctions/MF_Specular.uasset" 1751
"../../../Engine/Plugins/Interchange/Assets/Content/gltf/MaterialFunctions/MF_Specular.uexp" 1752
"../../../Engine/Plugins/Interchange/Assets/Content/gltf/Textures/T_Anisotropy_Direction_Linear.uasset" 1753
"../../../Engine/Plugins/Interchange/Assets/Content/gltf/Textures/T_Anisotropy_Direction_Linear.uexp" 1754
"../../../Engine/Plugins/Interchange/Assets/Content/gltf/MaterialFunctions/MF_SpecularAnisotropy.uasset" 1755
"../../../Engine/Plugins/Interchange/Assets/Content/gltf/MaterialFunctions/MF_SpecularAnisotropy.uexp" 1756
"../../../Engine/Plugins/Interchange/Assets/Content/gltf/MaterialFunctions/MF_Temporal_Blur.uasset" 1757
"../../../Engine/Plugins/Interchange/Assets/Content/gltf/MaterialFunctions/MF_Temporal_Blur.uexp" 1758
"../../../Engine/Plugins/Interchange/Assets/Content/gltf/MaterialFunctions/MF_Transmission.uasset" 1759
"../../../Engine/Plugins/Interchange/Assets/Content/gltf/MaterialFunctions/MF_Transmission.uexp" 1760
"../../../Engine/Plugins/Interchange/Assets/Content/gltf/MaterialBodies/MF_Transmission_Body.uasset" 1761
"../../../Engine/Plugins/Interchange/Assets/Content/gltf/MaterialBodies/MF_Transmission_Body.uexp" 1762
"../../../Engine/Plugins/Interchange/Assets/Content/gltf/M_Transmission.uasset" 1763
"../../../Engine/Plugins/Interchange/Assets/Content/gltf/M_Transmission.uexp" 1764
"../../../Engine/Plugins/Interchange/Assets/Content/gltf/MaterialInstances/MI_Transmission_DS.uasset" 1765
"../../../Engine/Plugins/Interchange/Assets/Content/gltf/MaterialInstances/MI_Transmission_DS.uexp" 1766
"../../../Engine/Plugins/Interchange/Assets/Content/gltf/MaterialInstances/MI_Transmission.uasset" 1767
"../../../Engine/Plugins/Interchange/Assets/Content/gltf/MaterialInstances/MI_Transmission.uexp" 1768
"../../../Engine/Content/Functions/Engine_MaterialFunctions02/Math/AddComponents.uasset" 1769
"../../../Engine/Content/Functions/Engine_MaterialFunctions02/Math/AddComponents.uexp" 1770
"../../../Engine/Plugins/Interchange/Assets/Content/gltf/MaterialFunctions/MF_DiffuseSpecGloss.uasset" 1771
"../../../Engine/Plugins/Interchange/Assets/Content/gltf/MaterialFunctions/MF_DiffuseSpecGloss.uexp" 1772
"../../../Engine/Plugins/Interchange/Assets/Content/gltf/MaterialFunctions/MF_Emissive.uasset" 1773
"../../../Engine/Plugins/Interchange/Assets/Content/gltf/MaterialFunctions/MF_Emissive.uexp" 1774
"../../../Engine/Plugins/Interchange/Assets/Content/gltf/MaterialFunctions/MF_MaxComponentValue.uasset" 1775
"../../../Engine/Plugins/Interchange/Assets/Content/gltf/MaterialFunctions/MF_MaxComponentValue.uexp" 1776
"../../../Engine/Plugins/Interchange/Assets/Content/gltf/MaterialFunctions/MF_PerceivedBrightness.uasset" 1777
"../../../Engine/Plugins/Interchange/Assets/Content/gltf/MaterialFunctions/MF_PerceivedBrightness.uexp" 1778
"../../../Engine/Plugins/Interchange/Assets/Content/gltf/MaterialFunctions/MF_SpecGlossToMetalRoughness.uasset" 1779
"../../../Engine/Plugins/Interchange/Assets/Content/gltf/MaterialFunctions/MF_SpecGlossToMetalRoughness.uexp" 1780
"../../../Engine/Plugins/Interchange/Assets/Content/gltf/MaterialBodies/MF_SpecularGlossiness_Body.uasset" 1781
"../../../Engine/Plugins/Interchange/Assets/Content/gltf/MaterialBodies/MF_SpecularGlossiness_Body.uexp" 1782
"../../../Engine/Plugins/Interchange/Assets/Content/gltf/M_SpecularGlossiness.uasset" 1783
"../../../Engine/Plugins/Interchange/Assets/Content/gltf/M_SpecularGlossiness.uexp" 1784
"../../../Engine/Plugins/Interchange/Assets/Content/gltf/MaterialInstances/MI_SpecularGlossiness_Opaque_DS.uasset" 1785
"../../../Engine/Plugins/Interchange/Assets/Content/gltf/MaterialInstances/MI_SpecularGlossiness_Opaque_DS.uexp" 1786
"../../../Engine/Plugins/Interchange/Assets/Content/gltf/MaterialInstances/MI_SpecularGlossiness_Opaque.uasset" 1787
"../../../Engine/Plugins/Interchange/Assets/Content/gltf/MaterialInstances/MI_SpecularGlossiness_Opaque.uexp" 1788
"../../../Engine/Plugins/Interchange/Assets/Content/gltf/MaterialInstances/MI_SpecularGlossiness_Mask_DS.uasset" 1789
"../../../Engine/Plugins/Interchange/Assets/Content/gltf/MaterialInstances/MI_SpecularGlossiness_Mask_DS.uexp" 1790
"../../../Engine/Plugins/Interchange/Assets/Content/gltf/MaterialInstances/MI_SpecularGlossiness_Mask.uasset" 1791
"../../../Engine/Plugins/Interchange/Assets/Content/gltf/MaterialInstances/MI_SpecularGlossiness_Mask.uexp" 1792
"../../../Engine/Plugins/Interchange/Assets/Content/gltf/MaterialInstances/MI_SpecularGlossiness_Blend_DS.uasset" 1793
"../../../Engine/Plugins/Interchange/Assets/Content/gltf/MaterialInstances/MI_SpecularGlossiness_Blend_DS.uexp" 1794
"../../../Engine/Plugins/Interchange/Assets/Content/gltf/MaterialInstances/MI_SpecularGlossiness_Blend.uasset" 1795
"../../../Engine/Plugins/Interchange/Assets/Content/gltf/MaterialInstances/MI_SpecularGlossiness_Blend.uexp" 1796
"../../../Engine/Plugins/Interchange/Assets/Content/gltf/MaterialFunctions/MF_Sheen.uasset" 1797
"../../../Engine/Plugins/Interchange/Assets/Content/gltf/MaterialFunctions/MF_Sheen.uexp" 1798
"../../../Engine/Plugins/Interchange/Assets/Content/gltf/MaterialBodies/MF_Sheen_Body.uasset" 1799
"../../../Engine/Plugins/Interchange/Assets/Content/gltf/MaterialBodies/MF_Sheen_Body.uexp" 1800
"../../../Engine/Plugins/Interchange/Assets/Content/gltf/M_Sheen.uasset" 1801
"../../../Engine/Plugins/Interchange/Assets/Content/gltf/M_Sheen.uexp" 1802
"../../../Engine/Plugins/Interchange/Assets/Content/gltf/MaterialInstances/MI_Sheen_Opaque_DS.uasset" 1803
"../../../Engine/Plugins/Interchange/Assets/Content/gltf/MaterialInstances/MI_Sheen_Opaque_DS.uexp" 1804
"../../../Engine/Plugins/Interchange/Assets/Content/gltf/MaterialInstances/MI_Sheen_Opaque.uasset" 1805
"../../../Engine/Plugins/Interchange/Assets/Content/gltf/MaterialInstances/MI_Sheen_Opaque.uexp" 1806
"../../../Engine/Plugins/Interchange/Assets/Content/gltf/MaterialInstances/MI_Sheen_Mask_DS.uasset" 1807
"../../../Engine/Plugins/Interchange/Assets/Content/gltf/MaterialInstances/MI_Sheen_Mask_DS.uexp" 1808
"../../../Engine/Plugins/Interchange/Assets/Content/gltf/MaterialInstances/MI_Sheen_Mask.uasset" 1809
"../../../Engine/Plugins/Interchange/Assets/Content/gltf/MaterialInstances/MI_Sheen_Mask.uexp" 1810
"../../../Engine/Plugins/Interchange/Assets/Content/gltf/MaterialInstances/MI_Sheen_Blend_DS.uasset" 1811
"../../../Engine/Plugins/Interchange/Assets/Content/gltf/MaterialInstances/MI_Sheen_Blend_DS.uexp" 1812
"../../../Engine/Plugins/Interchange/Assets/Content/gltf/MaterialInstances/MI_Sheen_Blend.uasset" 1813
"../../../Engine/Plugins/Interchange/Assets/Content/gltf/MaterialInstances/MI_Sheen_Blend.uexp" 1814
"../../../Engine/Plugins/Interchange/Assets/Content/gltf/MaterialBodies/MF_Default_Body.uasset" 1815
"../../../Engine/Plugins/Interchange/Assets/Content/gltf/MaterialBodies/MF_Default_Body.uexp" 1816
"../../../Engine/Plugins/Interchange/Assets/Content/gltf/M_Default.uasset" 1817
"../../../Engine/Plugins/Interchange/Assets/Content/gltf/M_Default.uexp" 1818
"../../../Engine/Plugins/Interchange/Assets/Content/gltf/MaterialInstances/MI_Default_Opaque_DS.uasset" 1819
"../../../Engine/Plugins/Interchange/Assets/Content/gltf/MaterialInstances/MI_Default_Opaque_DS.uexp" 1820
"../../../Engine/Plugins/Interchange/Assets/Content/gltf/MaterialInstances/MI_Default_Opaque.uasset" 1821
"../../../Engine/Plugins/Interchange/Assets/Content/gltf/MaterialInstances/MI_Default_Opaque.uexp" 1822
"../../../Engine/Plugins/Interchange/Assets/Content/gltf/MaterialInstances/MI_Default_Mask_DS.uasset" 1823
"../../../Engine/Plugins/Interchange/Assets/Content/gltf/MaterialInstances/MI_Default_Mask_DS.uexp" 1824
"../../../Engine/Plugins/Interchange/Assets/Content/gltf/MaterialInstances/MI_Default_Mask.uasset" 1825
"../../../Engine/Plugins/Interchange/Assets/Content/gltf/MaterialInstances/MI_Default_Mask.uexp" 1826
"../../../Engine/Plugins/Interchange/Assets/Content/gltf/MaterialInstances/MI_Default_Blend_DS.uasset" 1827
"../../../Engine/Plugins/Interchange/Assets/Content/gltf/MaterialInstances/MI_Default_Blend_DS.uexp" 1828
"../../../Engine/Plugins/Interchange/Assets/Content/gltf/MaterialInstances/MI_Default_Blend.uasset" 1829
"../../../Engine/Plugins/Interchange/Assets/Content/gltf/MaterialInstances/MI_Default_Blend.uexp" 1830
"../../../Engine/Plugins/Interchange/Assets/Content/gltf/MaterialFunctions/MF_Clearcoat.uasset" 1831
"../../../Engine/Plugins/Interchange/Assets/Content/gltf/MaterialFunctions/MF_Clearcoat.uexp" 1832
"../../../Engine/Plugins/Interchange/Assets/Content/gltf/MaterialBodies/MF_ClearCoat_Body.uasset" 1833
"../../../Engine/Plugins/Interchange/Assets/Content/gltf/MaterialBodies/MF_ClearCoat_Body.uexp" 1834
"../../../Engine/Plugins/Interchange/Assets/Content/gltf/M_ClearCoat.uasset" 1835
"../../../Engine/Plugins/Interchange/Assets/Content/gltf/M_ClearCoat.uexp" 1836
"../../../Engine/Plugins/Interchange/Assets/Content/gltf/MaterialInstances/MI_ClearCoat_Opaque_DS.uasset" 1837
"../../../Engine/Plugins/Interchange/Assets/Content/gltf/MaterialInstances/MI_ClearCoat_Opaque_DS.uexp" 1838
"../../../Engine/Plugins/Interchange/Assets/Content/gltf/MaterialInstances/MI_ClearCoat_Opaque.uasset" 1839
"../../../Engine/Plugins/Interchange/Assets/Content/gltf/MaterialInstances/MI_ClearCoat_Opaque.uexp" 1840
"../../../Engine/Plugins/Interchange/Assets/Content/gltf/MaterialInstances/MI_ClearCoat_Mask_DS.uasset" 1841
"../../../Engine/Plugins/Interchange/Assets/Content/gltf/MaterialInstances/MI_ClearCoat_Mask_DS.uexp" 1842
"../../../Engine/Plugins/Interchange/Assets/Content/gltf/MaterialInstances/MI_ClearCoat_Mask.uasset" 1843
"../../../Engine/Plugins/Interchange/Assets/Content/gltf/MaterialInstances/MI_ClearCoat_Mask.uexp" 1844
"../../../Engine/Plugins/Interchange/Assets/Content/gltf/MaterialInstances/MI_ClearCoat_Blend_DS.uasset" 1845
"../../../Engine/Plugins/Interchange/Assets/Content/gltf/MaterialInstances/MI_ClearCoat_Blend_DS.uexp" 1846
"../../../Engine/Plugins/Interchange/Assets/Content/gltf/MaterialInstances/MI_ClearCoat_Blend.uasset" 1847
"../../../Engine/Plugins/Interchange/Assets/Content/gltf/MaterialInstances/MI_ClearCoat_Blend.uexp" 1848
"../../../Engine/Content/ArtTools/RenderToTexture/Meshes/S_1_Unit_Plane.ubulk" 1849
"../../../Engine/Content/ArtTools/RenderToTexture/Meshes/S_1_Unit_Plane.uasset" 1850
"../../../Engine/Content/ArtTools/RenderToTexture/Meshes/S_1_Unit_Plane.uexp" 1851
"../../../Engine/Content/EngineMaterials/Substrate/Volume/SubstrateSimpleVolumeLUT3D.uasset" 1852
"../../../Engine/Content/EngineMaterials/Substrate/Volume/SubstrateSimpleVolumeLUT3D.uexp" 1853
"../../../Engine/Content/EngineMaterials/Substrate/Volume/SubstrateSimpleVolumeEnvLUT3D.uasset" 1854
"../../../Engine/Content/EngineMaterials/Substrate/Volume/SubstrateSimpleVolumeEnvLUT3D.uexp" 1855
"../../../Engine/Content/EngineMaterials/Substrate/Glints2/AGlintTex2dArray2.uasset" 1856
"../../../Engine/Content/EngineMaterials/Substrate/Glints2/AGlintTex2dArray2.uexp" 1857
"C:/Users/fritz/OneDrive/Dokumente/Schule/Diplomarbeit/da-conquerthecastle-ue5/UE5/Content/Medieval_Town/Meshes/Props/SM_wood_boards_02.ubulk" 1858
"C:/Users/fritz/OneDrive/Dokumente/Schule/Diplomarbeit/da-conquerthecastle-ue5/UE5/Content/Medieval_Town/Meshes/Props/SM_wood_boards_02.uasset" 1859
"C:/Users/fritz/OneDrive/Dokumente/Schule/Diplomarbeit/da-conquerthecastle-ue5/UE5/Content/Medieval_Town/Meshes/Props/SM_wood_boards_02.uexp" 1860
"C:/Users/fritz/OneDrive/Dokumente/Schule/Diplomarbeit/da-conquerthecastle-ue5/UE5/Content/Medieval_Town/Textures/Unique/carriage_01/T_carriage_01_N.ubulk" 1861
"C:/Users/fritz/OneDrive/Dokumente/Schule/Diplomarbeit/da-conquerthecastle-ue5/UE5/Content/Medieval_Town/Textures/Unique/carriage_01/T_carriage_01_N.uasset" 1862
"C:/Users/fritz/OneDrive/Dokumente/Schule/Diplomarbeit/da-conquerthecastle-ue5/UE5/Content/Medieval_Town/Textures/Unique/carriage_01/T_carriage_01_N.uexp" 1863
"C:/Users/fritz/OneDrive/Dokumente/Schule/Diplomarbeit/da-conquerthecastle-ue5/UE5/Content/Medieval_Town/Textures/Unique/carriage_01/T_carriage_01_MRA.ubulk" 1864
"C:/Users/fritz/OneDrive/Dokumente/Schule/Diplomarbeit/da-conquerthecastle-ue5/UE5/Content/Medieval_Town/Textures/Unique/carriage_01/T_carriage_01_MRA.uasset" 1865
"C:/Users/fritz/OneDrive/Dokumente/Schule/Diplomarbeit/da-conquerthecastle-ue5/UE5/Content/Medieval_Town/Textures/Unique/carriage_01/T_carriage_01_MRA.uexp" 1866
"C:/Users/fritz/OneDrive/Dokumente/Schule/Diplomarbeit/da-conquerthecastle-ue5/UE5/Content/Medieval_Town/Textures/Unique/carriage_01/T_carriage_01_BC.ubulk" 1867
"C:/Users/fritz/OneDrive/Dokumente/Schule/Diplomarbeit/da-conquerthecastle-ue5/UE5/Content/Medieval_Town/Textures/Unique/carriage_01/T_carriage_01_BC.uasset" 1868
"C:/Users/fritz/OneDrive/Dokumente/Schule/Diplomarbeit/da-conquerthecastle-ue5/UE5/Content/Medieval_Town/Textures/Unique/carriage_01/T_carriage_01_BC.uexp" 1869
"C:/Users/fritz/OneDrive/Dokumente/Schule/Diplomarbeit/da-conquerthecastle-ue5/UE5/Content/Medieval_Town/Materials/Instances/MI_carriage_01.uasset" 1870
"C:/Users/fritz/OneDrive/Dokumente/Schule/Diplomarbeit/da-conquerthecastle-ue5/UE5/Content/Medieval_Town/Materials/Instances/MI_carriage_01.uexp" 1871
"C:/Users/fritz/OneDrive/Dokumente/Schule/Diplomarbeit/da-conquerthecastle-ue5/UE5/Content/Medieval_Town/Meshes/Props/SM_wood_boards_01.ubulk" 1872
"C:/Users/fritz/OneDrive/Dokumente/Schule/Diplomarbeit/da-conquerthecastle-ue5/UE5/Content/Medieval_Town/Meshes/Props/SM_wood_boards_01.uasset" 1873
"C:/Users/fritz/OneDrive/Dokumente/Schule/Diplomarbeit/da-conquerthecastle-ue5/UE5/Content/Medieval_Town/Meshes/Props/SM_wood_boards_01.uexp" 1874
"C:/Users/fritz/OneDrive/Dokumente/Schule/Diplomarbeit/da-conquerthecastle-ue5/UE5/Content/Medieval_Town/Materials/Masters/MM_candles_01.uasset" 1875
"C:/Users/fritz/OneDrive/Dokumente/Schule/Diplomarbeit/da-conquerthecastle-ue5/UE5/Content/Medieval_Town/Materials/Masters/MM_candles_01.uexp" 1876
"C:/Users/fritz/OneDrive/Dokumente/Schule/Diplomarbeit/da-conquerthecastle-ue5/UE5/Content/Medieval_Town/Textures/Unique/candles_01/T_candles_01_N.ubulk" 1877
"C:/Users/fritz/OneDrive/Dokumente/Schule/Diplomarbeit/da-conquerthecastle-ue5/UE5/Content/Medieval_Town/Textures/Unique/candles_01/T_candles_01_N.uasset" 1878
"C:/Users/fritz/OneDrive/Dokumente/Schule/Diplomarbeit/da-conquerthecastle-ue5/UE5/Content/Medieval_Town/Textures/Unique/candles_01/T_candles_01_N.uexp" 1879
"C:/Users/fritz/OneDrive/Dokumente/Schule/Diplomarbeit/da-conquerthecastle-ue5/UE5/Content/Medieval_Town/Textures/Unique/candles_01/T_candles_01_MRA.ubulk" 1880
"C:/Users/fritz/OneDrive/Dokumente/Schule/Diplomarbeit/da-conquerthecastle-ue5/UE5/Content/Medieval_Town/Textures/Unique/candles_01/T_candles_01_MRA.uasset" 1881
"C:/Users/fritz/OneDrive/Dokumente/Schule/Diplomarbeit/da-conquerthecastle-ue5/UE5/Content/Medieval_Town/Textures/Unique/candles_01/T_candles_01_MRA.uexp" 1882
"C:/Users/fritz/OneDrive/Dokumente/Schule/Diplomarbeit/da-conquerthecastle-ue5/UE5/Content/Medieval_Town/Textures/Unique/candles_01/T_candles_01_BC.ubulk" 1883
"C:/Users/fritz/OneDrive/Dokumente/Schule/Diplomarbeit/da-conquerthecastle-ue5/UE5/Content/Medieval_Town/Textures/Unique/candles_01/T_candles_01_BC.uasset" 1884
"C:/Users/fritz/OneDrive/Dokumente/Schule/Diplomarbeit/da-conquerthecastle-ue5/UE5/Content/Medieval_Town/Textures/Unique/candles_01/T_candles_01_BC.uexp" 1885
"C:/Users/fritz/OneDrive/Dokumente/Schule/Diplomarbeit/da-conquerthecastle-ue5/UE5/Content/Medieval_Town/Materials/Instances/MI_candles_01.uasset" 1886
"C:/Users/fritz/OneDrive/Dokumente/Schule/Diplomarbeit/da-conquerthecastle-ue5/UE5/Content/Medieval_Town/Materials/Instances/MI_candles_01.uexp" 1887
"C:/Users/fritz/OneDrive/Dokumente/Schule/Diplomarbeit/da-conquerthecastle-ue5/UE5/Content/Medieval_Town/Meshes/Props/SM_wax_puddle_01.ubulk" 1888
"C:/Users/fritz/OneDrive/Dokumente/Schule/Diplomarbeit/da-conquerthecastle-ue5/UE5/Content/Medieval_Town/Meshes/Props/SM_wax_puddle_01.uasset" 1889
"C:/Users/fritz/OneDrive/Dokumente/Schule/Diplomarbeit/da-conquerthecastle-ue5/UE5/Content/Medieval_Town/Meshes/Props/SM_wax_puddle_01.uexp" 1890
"C:/Users/fritz/OneDrive/Dokumente/Schule/Diplomarbeit/da-conquerthecastle-ue5/UE5/Content/Medieval_Town/Meshes/Props/SM_water_wheel_part_09.ubulk" 1891
"C:/Users/fritz/OneDrive/Dokumente/Schule/Diplomarbeit/da-conquerthecastle-ue5/UE5/Content/Medieval_Town/Meshes/Props/SM_water_wheel_part_09.uasset" 1892
"C:/Users/fritz/OneDrive/Dokumente/Schule/Diplomarbeit/da-conquerthecastle-ue5/UE5/Content/Medieval_Town/Meshes/Props/SM_water_wheel_part_09.uexp" 1893
"C:/Users/fritz/OneDrive/Dokumente/Schule/Diplomarbeit/da-conquerthecastle-ue5/UE5/Content/Medieval_Town/Meshes/Props/SM_water_wheel_part_08.ubulk" 1894
"C:/Users/fritz/OneDrive/Dokumente/Schule/Diplomarbeit/da-conquerthecastle-ue5/UE5/Content/Medieval_Town/Meshes/Props/SM_water_wheel_part_08.uasset" 1895
"C:/Users/fritz/OneDrive/Dokumente/Schule/Diplomarbeit/da-conquerthecastle-ue5/UE5/Content/Medieval_Town/Meshes/Props/SM_water_wheel_part_08.uexp" 1896
"C:/Users/fritz/OneDrive/Dokumente/Schule/Diplomarbeit/da-conquerthecastle-ue5/UE5/Content/Medieval_Town/Textures/Unique/wagon_01/T_wagon_01_N.ubulk" 1897
"C:/Users/fritz/OneDrive/Dokumente/Schule/Diplomarbeit/da-conquerthecastle-ue5/UE5/Content/Medieval_Town/Textures/Unique/wagon_01/T_wagon_01_N.uasset" 1898
"C:/Users/fritz/OneDrive/Dokumente/Schule/Diplomarbeit/da-conquerthecastle-ue5/UE5/Content/Medieval_Town/Textures/Unique/wagon_01/T_wagon_01_N.uexp" 1899
"C:/Users/fritz/OneDrive/Dokumente/Schule/Diplomarbeit/da-conquerthecastle-ue5/UE5/Content/Medieval_Town/Textures/Unique/wagon_01/T_wagon_01_MRA.ubulk" 1900
"C:/Users/fritz/OneDrive/Dokumente/Schule/Diplomarbeit/da-conquerthecastle-ue5/UE5/Content/Medieval_Town/Textures/Unique/wagon_01/T_wagon_01_MRA.uasset" 1901
"C:/Users/fritz/OneDrive/Dokumente/Schule/Diplomarbeit/da-conquerthecastle-ue5/UE5/Content/Medieval_Town/Textures/Unique/wagon_01/T_wagon_01_MRA.uexp" 1902
"C:/Users/fritz/OneDrive/Dokumente/Schule/Diplomarbeit/da-conquerthecastle-ue5/UE5/Content/Medieval_Town/Textures/Unique/wagon_01/T_wagon_01_BC.ubulk" 1903
"C:/Users/fritz/OneDrive/Dokumente/Schule/Diplomarbeit/da-conquerthecastle-ue5/UE5/Content/Medieval_Town/Textures/Unique/wagon_01/T_wagon_01_BC.uasset" 1904
"C:/Users/fritz/OneDrive/Dokumente/Schule/Diplomarbeit/da-conquerthecastle-ue5/UE5/Content/Medieval_Town/Textures/Unique/wagon_01/T_wagon_01_BC.uexp" 1905
"C:/Users/fritz/OneDrive/Dokumente/Schule/Diplomarbeit/da-conquerthecastle-ue5/UE5/Content/Medieval_Town/Materials/Instances/MI_wagon_01_grey.uasset" 1906
"C:/Users/fritz/OneDrive/Dokumente/Schule/Diplomarbeit/da-conquerthecastle-ue5/UE5/Content/Medieval_Town/Materials/Instances/MI_wagon_01_grey.uexp" 1907
"C:/Users/fritz/OneDrive/Dokumente/Schule/Diplomarbeit/da-conquerthecastle-ue5/UE5/Content/Medieval_Town/Meshes/Props/SM_wagon_01.ubulk" 1908
"C:/Users/fritz/OneDrive/Dokumente/Schule/Diplomarbeit/da-conquerthecastle-ue5/UE5/Content/Medieval_Town/Meshes/Props/SM_wagon_01.uasset" 1909
"C:/Users/fritz/OneDrive/Dokumente/Schule/Diplomarbeit/da-conquerthecastle-ue5/UE5/Content/Medieval_Town/Meshes/Props/SM_wagon_01.uexp" 1910
"C:/Users/fritz/OneDrive/Dokumente/Schule/Diplomarbeit/da-conquerthecastle-ue5/UE5/Content/Medieval_Town/Meshes/Props/SM_tent_02.ubulk" 1911
"C:/Users/fritz/OneDrive/Dokumente/Schule/Diplomarbeit/da-conquerthecastle-ue5/UE5/Content/Medieval_Town/Meshes/Props/SM_tent_02.uasset" 1912
"C:/Users/fritz/OneDrive/Dokumente/Schule/Diplomarbeit/da-conquerthecastle-ue5/UE5/Content/Medieval_Town/Meshes/Props/SM_tent_02.uexp" 1913
"C:/Users/fritz/OneDrive/Dokumente/Schule/Diplomarbeit/da-conquerthecastle-ue5/UE5/Content/Medieval_Town/Textures/Unique/table_chair_01/T_table_chair_01_N.ubulk" 1914
"C:/Users/fritz/OneDrive/Dokumente/Schule/Diplomarbeit/da-conquerthecastle-ue5/UE5/Content/Medieval_Town/Textures/Unique/table_chair_01/T_table_chair_01_N.uasset" 1915
"C:/Users/fritz/OneDrive/Dokumente/Schule/Diplomarbeit/da-conquerthecastle-ue5/UE5/Content/Medieval_Town/Textures/Unique/table_chair_01/T_table_chair_01_N.uexp" 1916
"C:/Users/fritz/OneDrive/Dokumente/Schule/Diplomarbeit/da-conquerthecastle-ue5/UE5/Content/Medieval_Town/Textures/Unique/table_chair_01/T_table_chair_01_MRA.ubulk" 1917
"C:/Users/fritz/OneDrive/Dokumente/Schule/Diplomarbeit/da-conquerthecastle-ue5/UE5/Content/Medieval_Town/Textures/Unique/table_chair_01/T_table_chair_01_MRA.uasset" 1918
"C:/Users/fritz/OneDrive/Dokumente/Schule/Diplomarbeit/da-conquerthecastle-ue5/UE5/Content/Medieval_Town/Textures/Unique/table_chair_01/T_table_chair_01_MRA.uexp" 1919
"C:/Users/fritz/OneDrive/Dokumente/Schule/Diplomarbeit/da-conquerthecastle-ue5/UE5/Content/Medieval_Town/Textures/Unique/table_chair_01/T_table_chair_01_BC.ubulk" 1920
"C:/Users/fritz/OneDrive/Dokumente/Schule/Diplomarbeit/da-conquerthecastle-ue5/UE5/Content/Medieval_Town/Textures/Unique/table_chair_01/T_table_chair_01_BC.uasset" 1921
"C:/Users/fritz/OneDrive/Dokumente/Schule/Diplomarbeit/da-conquerthecastle-ue5/UE5/Content/Medieval_Town/Textures/Unique/table_chair_01/T_table_chair_01_BC.uexp" 1922
"C:/Users/fritz/OneDrive/Dokumente/Schule/Diplomarbeit/da-conquerthecastle-ue5/UE5/Content/Medieval_Town/Materials/Instances/MI_table_chair_01.uasset" 1923
"C:/Users/fritz/OneDrive/Dokumente/Schule/Diplomarbeit/da-conquerthecastle-ue5/UE5/Content/Medieval_Town/Materials/Instances/MI_table_chair_01.uexp" 1924
"C:/Users/fritz/OneDrive/Dokumente/Schule/Diplomarbeit/da-conquerthecastle-ue5/UE5/Content/Medieval_Town/Meshes/Props/SM_table_01.ubulk" 1925
"C:/Users/fritz/OneDrive/Dokumente/Schule/Diplomarbeit/da-conquerthecastle-ue5/UE5/Content/Medieval_Town/Meshes/Props/SM_table_01.uasset" 1926
"C:/Users/fritz/OneDrive/Dokumente/Schule/Diplomarbeit/da-conquerthecastle-ue5/UE5/Content/Medieval_Town/Meshes/Props/SM_table_01.uexp" 1927
"C:/Users/fritz/OneDrive/Dokumente/Schule/Diplomarbeit/da-conquerthecastle-ue5/UE5/Content/Medieval_Town/Meshes/Props/SM_street_lamp_01.ubulk" 1928
"C:/Users/fritz/OneDrive/Dokumente/Schule/Diplomarbeit/da-conquerthecastle-ue5/UE5/Content/Medieval_Town/Meshes/Props/SM_street_lamp_01.uasset" 1929
"C:/Users/fritz/OneDrive/Dokumente/Schule/Diplomarbeit/da-conquerthecastle-ue5/UE5/Content/Medieval_Town/Meshes/Props/SM_street_lamp_01.uexp" 1930
"C:/Users/fritz/OneDrive/Dokumente/Schule/Diplomarbeit/da-conquerthecastle-ue5/UE5/Content/Medieval_Town/Meshes/Props/SM_stall_01.ubulk" 1931
"C:/Users/fritz/OneDrive/Dokumente/Schule/Diplomarbeit/da-conquerthecastle-ue5/UE5/Content/Medieval_Town/Meshes/Props/SM_stall_01.uasset" 1932
"C:/Users/fritz/OneDrive/Dokumente/Schule/Diplomarbeit/da-conquerthecastle-ue5/UE5/Content/Medieval_Town/Meshes/Props/SM_stall_01.uexp" 1933
"C:/Users/fritz/OneDrive/Dokumente/Schule/Diplomarbeit/da-conquerthecastle-ue5/UE5/Content/Medieval_Town/Textures/Unique/signboards_01/T_signboards_01_N.ubulk" 1934
"C:/Users/fritz/OneDrive/Dokumente/Schule/Diplomarbeit/da-conquerthecastle-ue5/UE5/Content/Medieval_Town/Textures/Unique/signboards_01/T_signboards_01_N.uasset" 1935
"C:/Users/fritz/OneDrive/Dokumente/Schule/Diplomarbeit/da-conquerthecastle-ue5/UE5/Content/Medieval_Town/Textures/Unique/signboards_01/T_signboards_01_N.uexp" 1936
"C:/Users/fritz/OneDrive/Dokumente/Schule/Diplomarbeit/da-conquerthecastle-ue5/UE5/Content/Medieval_Town/Textures/Unique/signboards_01/T_signboards_01_MRA.ubulk" 1937
"C:/Users/fritz/OneDrive/Dokumente/Schule/Diplomarbeit/da-conquerthecastle-ue5/UE5/Content/Medieval_Town/Textures/Unique/signboards_01/T_signboards_01_MRA.uasset" 1938
"C:/Users/fritz/OneDrive/Dokumente/Schule/Diplomarbeit/da-conquerthecastle-ue5/UE5/Content/Medieval_Town/Textures/Unique/signboards_01/T_signboards_01_MRA.uexp" 1939
"C:/Users/fritz/OneDrive/Dokumente/Schule/Diplomarbeit/da-conquerthecastle-ue5/UE5/Content/Medieval_Town/Textures/Unique/signboards_01/T_signboards_01_BC.ubulk" 1940
"C:/Users/fritz/OneDrive/Dokumente/Schule/Diplomarbeit/da-conquerthecastle-ue5/UE5/Content/Medieval_Town/Textures/Unique/signboards_01/T_signboards_01_BC.uasset" 1941
"C:/Users/fritz/OneDrive/Dokumente/Schule/Diplomarbeit/da-conquerthecastle-ue5/UE5/Content/Medieval_Town/Textures/Unique/signboards_01/T_signboards_01_BC.uexp" 1942
"C:/Users/fritz/OneDrive/Dokumente/Schule/Diplomarbeit/da-conquerthecastle-ue5/UE5/Content/Medieval_Town/Materials/Instances/MI_signboards_01.uasset" 1943
"C:/Users/fritz/OneDrive/Dokumente/Schule/Diplomarbeit/da-conquerthecastle-ue5/UE5/Content/Medieval_Town/Materials/Instances/MI_signboards_01.uexp" 1944
"C:/Users/fritz/OneDrive/Dokumente/Schule/Diplomarbeit/da-conquerthecastle-ue5/UE5/Content/Medieval_Town/Meshes/Props/SM_signboard_05.ubulk" 1945
"C:/Users/fritz/OneDrive/Dokumente/Schule/Diplomarbeit/da-conquerthecastle-ue5/UE5/Content/Medieval_Town/Meshes/Props/SM_signboard_05.uasset" 1946
"C:/Users/fritz/OneDrive/Dokumente/Schule/Diplomarbeit/da-conquerthecastle-ue5/UE5/Content/Medieval_Town/Meshes/Props/SM_signboard_05.uexp" 1947
"C:/Users/fritz/OneDrive/Dokumente/Schule/Diplomarbeit/da-conquerthecastle-ue5/UE5/Content/Medieval_Town/Meshes/Props/SM_signboard_04.ubulk" 1948
"C:/Users/fritz/OneDrive/Dokumente/Schule/Diplomarbeit/da-conquerthecastle-ue5/UE5/Content/Medieval_Town/Meshes/Props/SM_signboard_04.uasset" 1949
"C:/Users/fritz/OneDrive/Dokumente/Schule/Diplomarbeit/da-conquerthecastle-ue5/UE5/Content/Medieval_Town/Meshes/Props/SM_signboard_04.uexp" 1950
"C:/Users/fritz/OneDrive/Dokumente/Schule/Diplomarbeit/da-conquerthecastle-ue5/UE5/Content/Medieval_Town/Meshes/Props/SM_signboard_03.ubulk" 1951
"C:/Users/fritz/OneDrive/Dokumente/Schule/Diplomarbeit/da-conquerthecastle-ue5/UE5/Content/Medieval_Town/Meshes/Props/SM_signboard_03.uasset" 1952
"C:/Users/fritz/OneDrive/Dokumente/Schule/Diplomarbeit/da-conquerthecastle-ue5/UE5/Content/Medieval_Town/Meshes/Props/SM_signboard_03.uexp" 1953
"C:/Users/fritz/OneDrive/Dokumente/Schule/Diplomarbeit/da-conquerthecastle-ue5/UE5/Content/Medieval_Town/Meshes/Props/SM_signboard_02.ubulk" 1954
"C:/Users/fritz/OneDrive/Dokumente/Schule/Diplomarbeit/da-conquerthecastle-ue5/UE5/Content/Medieval_Town/Meshes/Props/SM_signboard_02.uasset" 1955
"C:/Users/fritz/OneDrive/Dokumente/Schule/Diplomarbeit/da-conquerthecastle-ue5/UE5/Content/Medieval_Town/Meshes/Props/SM_signboard_02.uexp" 1956
"C:/Users/fritz/OneDrive/Dokumente/Schule/Diplomarbeit/da-conquerthecastle-ue5/UE5/Content/Medieval_Town/Meshes/Props/SM_signboard_01.ubulk" 1957
"C:/Users/fritz/OneDrive/Dokumente/Schule/Diplomarbeit/da-conquerthecastle-ue5/UE5/Content/Medieval_Town/Meshes/Props/SM_signboard_01.uasset" 1958
"C:/Users/fritz/OneDrive/Dokumente/Schule/Diplomarbeit/da-conquerthecastle-ue5/UE5/Content/Medieval_Town/Meshes/Props/SM_signboard_01.uexp" 1959
"C:/Users/fritz/OneDrive/Dokumente/Schule/Diplomarbeit/da-conquerthecastle-ue5/UE5/Content/Medieval_Town/Materials/Instances/MI_flags_01.uasset" 1960
"C:/Users/fritz/OneDrive/Dokumente/Schule/Diplomarbeit/da-conquerthecastle-ue5/UE5/Content/Medieval_Town/Materials/Instances/MI_flags_01.uexp" 1961
"C:/Users/fritz/OneDrive/Dokumente/Schule/Diplomarbeit/da-conquerthecastle-ue5/UE5/Content/Medieval_Town/Meshes/Props/SM_rope_flags_01.ubulk" 1962
"C:/Users/fritz/OneDrive/Dokumente/Schule/Diplomarbeit/da-conquerthecastle-ue5/UE5/Content/Medieval_Town/Meshes/Props/SM_rope_flags_01.uasset" 1963
"C:/Users/fritz/OneDrive/Dokumente/Schule/Diplomarbeit/da-conquerthecastle-ue5/UE5/Content/Medieval_Town/Meshes/Props/SM_rope_flags_01.uexp" 1964
"C:/Users/fritz/OneDrive/Dokumente/Schule/Diplomarbeit/da-conquerthecastle-ue5/UE5/Content/Medieval_Town/Textures/Tiles/rope_01/T_rope_01_N.ubulk" 1965
"C:/Users/fritz/OneDrive/Dokumente/Schule/Diplomarbeit/da-conquerthecastle-ue5/UE5/Content/Medieval_Town/Textures/Tiles/rope_01/T_rope_01_N.uasset" 1966
"C:/Users/fritz/OneDrive/Dokumente/Schule/Diplomarbeit/da-conquerthecastle-ue5/UE5/Content/Medieval_Town/Textures/Tiles/rope_01/T_rope_01_N.uexp" 1967
"C:/Users/fritz/OneDrive/Dokumente/Schule/Diplomarbeit/da-conquerthecastle-ue5/UE5/Content/Medieval_Town/Textures/Tiles/rope_01/T_rope_01_MRA.ubulk" 1968
"C:/Users/fritz/OneDrive/Dokumente/Schule/Diplomarbeit/da-conquerthecastle-ue5/UE5/Content/Medieval_Town/Textures/Tiles/rope_01/T_rope_01_MRA.uasset" 1969
"C:/Users/fritz/OneDrive/Dokumente/Schule/Diplomarbeit/da-conquerthecastle-ue5/UE5/Content/Medieval_Town/Textures/Tiles/rope_01/T_rope_01_MRA.uexp" 1970
"C:/Users/fritz/OneDrive/Dokumente/Schule/Diplomarbeit/da-conquerthecastle-ue5/UE5/Content/Medieval_Town/Textures/Tiles/rope_01/T_rope_01_BC.ubulk" 1971
"C:/Users/fritz/OneDrive/Dokumente/Schule/Diplomarbeit/da-conquerthecastle-ue5/UE5/Content/Medieval_Town/Textures/Tiles/rope_01/T_rope_01_BC.uasset" 1972
"C:/Users/fritz/OneDrive/Dokumente/Schule/Diplomarbeit/da-conquerthecastle-ue5/UE5/Content/Medieval_Town/Textures/Tiles/rope_01/T_rope_01_BC.uexp" 1973
"C:/Users/fritz/OneDrive/Dokumente/Schule/Diplomarbeit/da-conquerthecastle-ue5/UE5/Content/Medieval_Town/Materials/Instances/MI_rope_01.uasset" 1974
"C:/Users/fritz/OneDrive/Dokumente/Schule/Diplomarbeit/da-conquerthecastle-ue5/UE5/Content/Medieval_Town/Materials/Instances/MI_rope_01.uexp" 1975
"C:/Users/fritz/OneDrive/Dokumente/Schule/Diplomarbeit/da-conquerthecastle-ue5/UE5/Content/Medieval_Town/Meshes/Props/SM_rope_01.ubulk" 1976
"C:/Users/fritz/OneDrive/Dokumente/Schule/Diplomarbeit/da-conquerthecastle-ue5/UE5/Content/Medieval_Town/Meshes/Props/SM_rope_01.uasset" 1977
"C:/Users/fritz/OneDrive/Dokumente/Schule/Diplomarbeit/da-conquerthecastle-ue5/UE5/Content/Medieval_Town/Meshes/Props/SM_rope_01.uexp" 1978
"C:/Users/fritz/OneDrive/Dokumente/Schule/Diplomarbeit/da-conquerthecastle-ue5/UE5/Content/Medieval_Town/Textures/Unique/posters_01/T_posters_01_N.ubulk" 1979
"C:/Users/fritz/OneDrive/Dokumente/Schule/Diplomarbeit/da-conquerthecastle-ue5/UE5/Content/Medieval_Town/Textures/Unique/posters_01/T_posters_01_N.uasset" 1980
"C:/Users/fritz/OneDrive/Dokumente/Schule/Diplomarbeit/da-conquerthecastle-ue5/UE5/Content/Medieval_Town/Textures/Unique/posters_01/T_posters_01_N.uexp" 1981
"C:/Users/fritz/OneDrive/Dokumente/Schule/Diplomarbeit/da-conquerthecastle-ue5/UE5/Content/Medieval_Town/Textures/Unique/posters_01/T_posters_01_MRA.ubulk" 1982
"C:/Users/fritz/OneDrive/Dokumente/Schule/Diplomarbeit/da-conquerthecastle-ue5/UE5/Content/Medieval_Town/Textures/Unique/posters_01/T_posters_01_MRA.uasset" 1983
"C:/Users/fritz/OneDrive/Dokumente/Schule/Diplomarbeit/da-conquerthecastle-ue5/UE5/Content/Medieval_Town/Textures/Unique/posters_01/T_posters_01_MRA.uexp" 1984
"C:/Users/fritz/OneDrive/Dokumente/Schule/Diplomarbeit/da-conquerthecastle-ue5/UE5/Content/Medieval_Town/Textures/Unique/posters_01/T_posters_01_BC.ubulk" 1985
"C:/Users/fritz/OneDrive/Dokumente/Schule/Diplomarbeit/da-conquerthecastle-ue5/UE5/Content/Medieval_Town/Textures/Unique/posters_01/T_posters_01_BC.uasset" 1986
"C:/Users/fritz/OneDrive/Dokumente/Schule/Diplomarbeit/da-conquerthecastle-ue5/UE5/Content/Medieval_Town/Textures/Unique/posters_01/T_posters_01_BC.uexp" 1987
"C:/Users/fritz/OneDrive/Dokumente/Schule/Diplomarbeit/da-conquerthecastle-ue5/UE5/Content/Medieval_Town/Materials/Instances/MI_posters_01.uasset" 1988
"C:/Users/fritz/OneDrive/Dokumente/Schule/Diplomarbeit/da-conquerthecastle-ue5/UE5/Content/Medieval_Town/Materials/Instances/MI_posters_01.uexp" 1989
"C:/Users/fritz/OneDrive/Dokumente/Schule/Diplomarbeit/da-conquerthecastle-ue5/UE5/Content/Medieval_Town/Meshes/Props/SM_poster_02.ubulk" 1990
"C:/Users/fritz/OneDrive/Dokumente/Schule/Diplomarbeit/da-conquerthecastle-ue5/UE5/Content/Medieval_Town/Meshes/Props/SM_poster_02.uasset" 1991
"C:/Users/fritz/OneDrive/Dokumente/Schule/Diplomarbeit/da-conquerthecastle-ue5/UE5/Content/Medieval_Town/Meshes/Props/SM_poster_02.uexp" 1992
"C:/Users/fritz/OneDrive/Dokumente/Schule/Diplomarbeit/da-conquerthecastle-ue5/UE5/Content/Medieval_Town/Meshes/Props/SM_poster_01.ubulk" 1993
"C:/Users/fritz/OneDrive/Dokumente/Schule/Diplomarbeit/da-conquerthecastle-ue5/UE5/Content/Medieval_Town/Meshes/Props/SM_poster_01.uasset" 1994
"C:/Users/fritz/OneDrive/Dokumente/Schule/Diplomarbeit/da-conquerthecastle-ue5/UE5/Content/Medieval_Town/Meshes/Props/SM_poster_01.uexp" 1995
"C:/Users/fritz/OneDrive/Dokumente/Schule/Diplomarbeit/da-conquerthecastle-ue5/UE5/Content/Medieval_Town/Meshes/Props/SM_plane_01.ubulk" 1996
"C:/Users/fritz/OneDrive/Dokumente/Schule/Diplomarbeit/da-conquerthecastle-ue5/UE5/Content/Medieval_Town/Meshes/Props/SM_plane_01.uasset" 1997
"C:/Users/fritz/OneDrive/Dokumente/Schule/Diplomarbeit/da-conquerthecastle-ue5/UE5/Content/Medieval_Town/Meshes/Props/SM_plane_01.uexp" 1998
"C:/Users/fritz/OneDrive/Dokumente/Schule/Diplomarbeit/da-conquerthecastle-ue5/UE5/Content/Medieval_Town/Textures/Unique/anvil_pipe_01/T_anvil_pipe_01_N.ubulk" 1999
"C:/Users/fritz/OneDrive/Dokumente/Schule/Diplomarbeit/da-conquerthecastle-ue5/UE5/Content/Medieval_Town/Textures/Unique/anvil_pipe_01/T_anvil_pipe_01_N.uasset" 2000
"C:/Users/fritz/OneDrive/Dokumente/Schule/Diplomarbeit/da-conquerthecastle-ue5/UE5/Content/Medieval_Town/Textures/Unique/anvil_pipe_01/T_anvil_pipe_01_N.uexp" 2001
"C:/Users/fritz/OneDrive/Dokumente/Schule/Diplomarbeit/da-conquerthecastle-ue5/UE5/Content/Medieval_Town/Textures/Unique/anvil_pipe_01/T_anvil_pipe_01_MRA.ubulk" 2002
"C:/Users/fritz/OneDrive/Dokumente/Schule/Diplomarbeit/da-conquerthecastle-ue5/UE5/Content/Medieval_Town/Textures/Unique/anvil_pipe_01/T_anvil_pipe_01_MRA.uasset" 2003
"C:/Users/fritz/OneDrive/Dokumente/Schule/Diplomarbeit/da-conquerthecastle-ue5/UE5/Content/Medieval_Town/Textures/Unique/anvil_pipe_01/T_anvil_pipe_01_MRA.uexp" 2004
"C:/Users/fritz/OneDrive/Dokumente/Schule/Diplomarbeit/da-conquerthecastle-ue5/UE5/Content/Medieval_Town/Textures/Unique/anvil_pipe_01/T_anvil_pipe_01_BC.ubulk" 2005
"C:/Users/fritz/OneDrive/Dokumente/Schule/Diplomarbeit/da-conquerthecastle-ue5/UE5/Content/Medieval_Town/Textures/Unique/anvil_pipe_01/T_anvil_pipe_01_BC.uasset" 2006
"C:/Users/fritz/OneDrive/Dokumente/Schule/Diplomarbeit/da-conquerthecastle-ue5/UE5/Content/Medieval_Town/Textures/Unique/anvil_pipe_01/T_anvil_pipe_01_BC.uexp" 2007
"C:/Users/fritz/OneDrive/Dokumente/Schule/Diplomarbeit/da-conquerthecastle-ue5/UE5/Content/Medieval_Town/Materials/Instances/MI_anvil_pipe_01.uasset" 2008
"C:/Users/fritz/OneDrive/Dokumente/Schule/Diplomarbeit/da-conquerthecastle-ue5/UE5/Content/Medieval_Town/Materials/Instances/MI_anvil_pipe_01.uexp" 2009
"C:/Users/fritz/OneDrive/Dokumente/Schule/Diplomarbeit/da-conquerthecastle-ue5/UE5/Content/Medieval_Town/Meshes/Props/SM_pipe_01.ubulk" 2010
"C:/Users/fritz/OneDrive/Dokumente/Schule/Diplomarbeit/da-conquerthecastle-ue5/UE5/Content/Medieval_Town/Meshes/Props/SM_pipe_01.uasset" 2011
"C:/Users/fritz/OneDrive/Dokumente/Schule/Diplomarbeit/da-conquerthecastle-ue5/UE5/Content/Medieval_Town/Meshes/Props/SM_pipe_01.uexp" 2012
"C:/Users/fritz/OneDrive/Dokumente/Schule/Diplomarbeit/da-conquerthecastle-ue5/UE5/Content/Medieval_Town/Textures/Unique/fountain_part_01/T_fountain_part_01_N.ubulk" 2013
"C:/Users/fritz/OneDrive/Dokumente/Schule/Diplomarbeit/da-conquerthecastle-ue5/UE5/Content/Medieval_Town/Textures/Unique/fountain_part_01/T_fountain_part_01_N.uasset" 2014
"C:/Users/fritz/OneDrive/Dokumente/Schule/Diplomarbeit/da-conquerthecastle-ue5/UE5/Content/Medieval_Town/Textures/Unique/fountain_part_01/T_fountain_part_01_N.uexp" 2015
"C:/Users/fritz/OneDrive/Dokumente/Schule/Diplomarbeit/da-conquerthecastle-ue5/UE5/Content/Medieval_Town/Textures/Unique/fountain_part_01/T_fountain_part_01_MRA.ubulk" 2016
"C:/Users/fritz/OneDrive/Dokumente/Schule/Diplomarbeit/da-conquerthecastle-ue5/UE5/Content/Medieval_Town/Textures/Unique/fountain_part_01/T_fountain_part_01_MRA.uasset" 2017
"C:/Users/fritz/OneDrive/Dokumente/Schule/Diplomarbeit/da-conquerthecastle-ue5/UE5/Content/Medieval_Town/Textures/Unique/fountain_part_01/T_fountain_part_01_MRA.uexp" 2018
"C:/Users/fritz/OneDrive/Dokumente/Schule/Diplomarbeit/da-conquerthecastle-ue5/UE5/Content/Medieval_Town/Textures/Unique/fountain_part_01/T_fountain_part_01_BC.ubulk" 2019
"C:/Users/fritz/OneDrive/Dokumente/Schule/Diplomarbeit/da-conquerthecastle-ue5/UE5/Content/Medieval_Town/Textures/Unique/fountain_part_01/T_fountain_part_01_BC.uasset" 2020
"C:/Users/fritz/OneDrive/Dokumente/Schule/Diplomarbeit/da-conquerthecastle-ue5/UE5/Content/Medieval_Town/Textures/Unique/fountain_part_01/T_fountain_part_01_BC.uexp" 2021
"C:/Users/fritz/OneDrive/Dokumente/Schule/Diplomarbeit/da-conquerthecastle-ue5/UE5/Content/Medieval_Town/Materials/Instances/MI_fountain_part_01.uasset" 2022
"C:/Users/fritz/OneDrive/Dokumente/Schule/Diplomarbeit/da-conquerthecastle-ue5/UE5/Content/Medieval_Town/Materials/Instances/MI_fountain_part_01.uexp" 2023
"C:/Users/fritz/OneDrive/Dokumente/Schule/Diplomarbeit/da-conquerthecastle-ue5/UE5/Content/Medieval_Town/Textures/Tiles/stone_03/T_stone_03_N.ubulk" 2024
"C:/Users/fritz/OneDrive/Dokumente/Schule/Diplomarbeit/da-conquerthecastle-ue5/UE5/Content/Medieval_Town/Textures/Tiles/stone_03/T_stone_03_N.uasset" 2025
"C:/Users/fritz/OneDrive/Dokumente/Schule/Diplomarbeit/da-conquerthecastle-ue5/UE5/Content/Medieval_Town/Textures/Tiles/stone_03/T_stone_03_N.uexp" 2026
"C:/Users/fritz/OneDrive/Dokumente/Schule/Diplomarbeit/da-conquerthecastle-ue5/UE5/Content/Medieval_Town/Textures/Tiles/stone_03/T_stone_03_MRA.ubulk" 2027
"C:/Users/fritz/OneDrive/Dokumente/Schule/Diplomarbeit/da-conquerthecastle-ue5/UE5/Content/Medieval_Town/Textures/Tiles/stone_03/T_stone_03_MRA.uasset" 2028
"C:/Users/fritz/OneDrive/Dokumente/Schule/Diplomarbeit/da-conquerthecastle-ue5/UE5/Content/Medieval_Town/Textures/Tiles/stone_03/T_stone_03_MRA.uexp" 2029
"C:/Users/fritz/OneDrive/Dokumente/Schule/Diplomarbeit/da-conquerthecastle-ue5/UE5/Content/Medieval_Town/Textures/Tiles/stone_03/T_stone_03_BC.ubulk" 2030
"C:/Users/fritz/OneDrive/Dokumente/Schule/Diplomarbeit/da-conquerthecastle-ue5/UE5/Content/Medieval_Town/Textures/Tiles/stone_03/T_stone_03_BC.uasset" 2031
"C:/Users/fritz/OneDrive/Dokumente/Schule/Diplomarbeit/da-conquerthecastle-ue5/UE5/Content/Medieval_Town/Textures/Tiles/stone_03/T_stone_03_BC.uexp" 2032
"C:/Users/fritz/OneDrive/Dokumente/Schule/Diplomarbeit/da-conquerthecastle-ue5/UE5/Content/Medieval_Town/Materials/Instances/tiles/MI_fountain_01.uasset" 2033
"C:/Users/fritz/OneDrive/Dokumente/Schule/Diplomarbeit/da-conquerthecastle-ue5/UE5/Content/Medieval_Town/Materials/Instances/tiles/MI_fountain_01.uexp" 2034
"C:/Users/fritz/OneDrive/Dokumente/Schule/Diplomarbeit/da-conquerthecastle-ue5/UE5/Content/Medieval_Town/Textures/Utility/T_waternoise_01_mask.ubulk" 2035
"C:/Users/fritz/OneDrive/Dokumente/Schule/Diplomarbeit/da-conquerthecastle-ue5/UE5/Content/Medieval_Town/Textures/Utility/T_waternoise_01_mask.uasset" 2036
"C:/Users/fritz/OneDrive/Dokumente/Schule/Diplomarbeit/da-conquerthecastle-ue5/UE5/Content/Medieval_Town/Textures/Utility/T_waternoise_01_mask.uexp" 2037
"C:/Users/fritz/OneDrive/Dokumente/Schule/Diplomarbeit/da-conquerthecastle-ue5/UE5/Content/Medieval_Town/Textures/Utility/T_water_01_N.ubulk" 2038
"C:/Users/fritz/OneDrive/Dokumente/Schule/Diplomarbeit/da-conquerthecastle-ue5/UE5/Content/Medieval_Town/Textures/Utility/T_water_01_N.uasset" 2039
"C:/Users/fritz/OneDrive/Dokumente/Schule/Diplomarbeit/da-conquerthecastle-ue5/UE5/Content/Medieval_Town/Textures/Utility/T_water_01_N.uexp" 2040
"C:/Users/fritz/OneDrive/Dokumente/Schule/Diplomarbeit/da-conquerthecastle-ue5/UE5/Content/Medieval_Town/Materials/Masters/MM_water_01.uasset" 2041
"C:/Users/fritz/OneDrive/Dokumente/Schule/Diplomarbeit/da-conquerthecastle-ue5/UE5/Content/Medieval_Town/Materials/Masters/MM_water_01.uexp" 2042
"C:/Users/fritz/OneDrive/Dokumente/Schule/Diplomarbeit/da-conquerthecastle-ue5/UE5/Content/Medieval_Town/Textures/Tiles/water_01/T_water_01_BC.ubulk" 2043
"C:/Users/fritz/OneDrive/Dokumente/Schule/Diplomarbeit/da-conquerthecastle-ue5/UE5/Content/Medieval_Town/Textures/Tiles/water_01/T_water_01_BC.uasset" 2044
"C:/Users/fritz/OneDrive/Dokumente/Schule/Diplomarbeit/da-conquerthecastle-ue5/UE5/Content/Medieval_Town/Textures/Tiles/water_01/T_water_01_BC.uexp" 2045
"C:/Users/fritz/OneDrive/Dokumente/Schule/Diplomarbeit/da-conquerthecastle-ue5/UE5/Content/Medieval_Town/Materials/Instances/tiles/MI_water_02.uasset" 2046
"C:/Users/fritz/OneDrive/Dokumente/Schule/Diplomarbeit/da-conquerthecastle-ue5/UE5/Content/Medieval_Town/Materials/Instances/tiles/MI_water_02.uexp" 2047
"C:/Users/fritz/OneDrive/Dokumente/Schule/Diplomarbeit/da-conquerthecastle-ue5/UE5/Content/Medieval_Town/Meshes/Props/SM_fountain_02.ubulk" 2048
"C:/Users/fritz/OneDrive/Dokumente/Schule/Diplomarbeit/da-conquerthecastle-ue5/UE5/Content/Medieval_Town/Meshes/Props/SM_fountain_02.uasset" 2049
"C:/Users/fritz/OneDrive/Dokumente/Schule/Diplomarbeit/da-conquerthecastle-ue5/UE5/Content/Medieval_Town/Meshes/Props/SM_fountain_02.uexp" 2050
"C:/Users/fritz/OneDrive/Dokumente/Schule/Diplomarbeit/da-conquerthecastle-ue5/UE5/Content/Medieval_Town/Meshes/Props/SM_fountain_01.ubulk" 2051
"C:/Users/fritz/OneDrive/Dokumente/Schule/Diplomarbeit/da-conquerthecastle-ue5/UE5/Content/Medieval_Town/Meshes/Props/SM_fountain_01.uasset" 2052
"C:/Users/fritz/OneDrive/Dokumente/Schule/Diplomarbeit/da-conquerthecastle-ue5/UE5/Content/Medieval_Town/Meshes/Props/SM_fountain_01.uexp" 2053
"C:/Users/fritz/OneDrive/Dokumente/Schule/Diplomarbeit/da-conquerthecastle-ue5/UE5/Content/Medieval_Town/Textures/Unique/flags_02/T_flags_02_N.ubulk" 2054
"C:/Users/fritz/OneDrive/Dokumente/Schule/Diplomarbeit/da-conquerthecastle-ue5/UE5/Content/Medieval_Town/Textures/Unique/flags_02/T_flags_02_N.uasset" 2055
"C:/Users/fritz/OneDrive/Dokumente/Schule/Diplomarbeit/da-conquerthecastle-ue5/UE5/Content/Medieval_Town/Textures/Unique/flags_02/T_flags_02_N.uexp" 2056
"C:/Users/fritz/OneDrive/Dokumente/Schule/Diplomarbeit/da-conquerthecastle-ue5/UE5/Content/Medieval_Town/Textures/Unique/flags_02/T_flags_02_MRA.ubulk" 2057
"C:/Users/fritz/OneDrive/Dokumente/Schule/Diplomarbeit/da-conquerthecastle-ue5/UE5/Content/Medieval_Town/Textures/Unique/flags_02/T_flags_02_MRA.uasset" 2058
"C:/Users/fritz/OneDrive/Dokumente/Schule/Diplomarbeit/da-conquerthecastle-ue5/UE5/Content/Medieval_Town/Textures/Unique/flags_02/T_flags_02_MRA.uexp" 2059
"C:/Users/fritz/OneDrive/Dokumente/Schule/Diplomarbeit/da-conquerthecastle-ue5/UE5/Content/Medieval_Town/Textures/Unique/flags_02/T_flags_02_BC.ubulk" 2060
"C:/Users/fritz/OneDrive/Dokumente/Schule/Diplomarbeit/da-conquerthecastle-ue5/UE5/Content/Medieval_Town/Textures/Unique/flags_02/T_flags_02_BC.uasset" 2061
"C:/Users/fritz/OneDrive/Dokumente/Schule/Diplomarbeit/da-conquerthecastle-ue5/UE5/Content/Medieval_Town/Textures/Unique/flags_02/T_flags_02_BC.uexp" 2062
"C:/Users/fritz/OneDrive/Dokumente/Schule/Diplomarbeit/da-conquerthecastle-ue5/UE5/Content/Medieval_Town/Materials/Instances/MI_flags_02.uasset" 2063
"C:/Users/fritz/OneDrive/Dokumente/Schule/Diplomarbeit/da-conquerthecastle-ue5/UE5/Content/Medieval_Town/Materials/Instances/MI_flags_02.uexp" 2064
"C:/Users/fritz/OneDrive/Dokumente/Schule/Diplomarbeit/da-conquerthecastle-ue5/UE5/Content/Medieval_Town/Meshes/Props/SM_flag_02.ubulk" 2065
"C:/Users/fritz/OneDrive/Dokumente/Schule/Diplomarbeit/da-conquerthecastle-ue5/UE5/Content/Medieval_Town/Meshes/Props/SM_flag_02.uasset" 2066
"C:/Users/fritz/OneDrive/Dokumente/Schule/Diplomarbeit/da-conquerthecastle-ue5/UE5/Content/Medieval_Town/Meshes/Props/SM_flag_02.uexp" 2067
"C:/Users/fritz/OneDrive/Dokumente/Schule/Diplomarbeit/da-conquerthecastle-ue5/UE5/Content/Medieval_Town/Meshes/Props/SM_flag_01.ubulk" 2068
"C:/Users/fritz/OneDrive/Dokumente/Schule/Diplomarbeit/da-conquerthecastle-ue5/UE5/Content/Medieval_Town/Meshes/Props/SM_flag_01.uasset" 2069
"C:/Users/fritz/OneDrive/Dokumente/Schule/Diplomarbeit/da-conquerthecastle-ue5/UE5/Content/Medieval_Town/Meshes/Props/SM_flag_01.uexp" 2070
"C:/Users/fritz/OneDrive/Dokumente/Schule/Diplomarbeit/da-conquerthecastle-ue5/UE5/Content/Medieval_Town/Textures/Tiles/soil_02/T_soil_02_N.ubulk" 2071
"C:/Users/fritz/OneDrive/Dokumente/Schule/Diplomarbeit/da-conquerthecastle-ue5/UE5/Content/Medieval_Town/Textures/Tiles/soil_02/T_soil_02_N.uasset" 2072
"C:/Users/fritz/OneDrive/Dokumente/Schule/Diplomarbeit/da-conquerthecastle-ue5/UE5/Content/Medieval_Town/Textures/Tiles/soil_02/T_soil_02_N.uexp" 2073
"C:/Users/fritz/OneDrive/Dokumente/Schule/Diplomarbeit/da-conquerthecastle-ue5/UE5/Content/Medieval_Town/Textures/Tiles/soil_02/T_soil_02_MRA.ubulk" 2074
"C:/Users/fritz/OneDrive/Dokumente/Schule/Diplomarbeit/da-conquerthecastle-ue5/UE5/Content/Medieval_Town/Textures/Tiles/soil_02/T_soil_02_MRA.uasset" 2075
"C:/Users/fritz/OneDrive/Dokumente/Schule/Diplomarbeit/da-conquerthecastle-ue5/UE5/Content/Medieval_Town/Textures/Tiles/soil_02/T_soil_02_MRA.uexp" 2076
"C:/Users/fritz/OneDrive/Dokumente/Schule/Diplomarbeit/da-conquerthecastle-ue5/UE5/Content/Medieval_Town/Textures/Tiles/soil_02/T_soil_02_BC.ubulk" 2077
"C:/Users/fritz/OneDrive/Dokumente/Schule/Diplomarbeit/da-conquerthecastle-ue5/UE5/Content/Medieval_Town/Textures/Tiles/soil_02/T_soil_02_BC.uasset" 2078
"C:/Users/fritz/OneDrive/Dokumente/Schule/Diplomarbeit/da-conquerthecastle-ue5/UE5/Content/Medieval_Town/Textures/Tiles/soil_02/T_soil_02_BC.uexp" 2079
"C:/Users/fritz/OneDrive/Dokumente/Schule/Diplomarbeit/da-conquerthecastle-ue5/UE5/Content/Medieval_Town/Textures/Tiles/soil_01/T_soil_01_N.ubulk" 2080
"C:/Users/fritz/OneDrive/Dokumente/Schule/Diplomarbeit/da-conquerthecastle-ue5/UE5/Content/Medieval_Town/Textures/Tiles/soil_01/T_soil_01_N.uasset" 2081
"C:/Users/fritz/OneDrive/Dokumente/Schule/Diplomarbeit/da-conquerthecastle-ue5/UE5/Content/Medieval_Town/Textures/Tiles/soil_01/T_soil_01_N.uexp" 2082
"C:/Users/fritz/OneDrive/Dokumente/Schule/Diplomarbeit/da-conquerthecastle-ue5/UE5/Content/Medieval_Town/Textures/Tiles/soil_01/T_soil_01_MRA.ubulk" 2083
"C:/Users/fritz/OneDrive/Dokumente/Schule/Diplomarbeit/da-conquerthecastle-ue5/UE5/Content/Medieval_Town/Textures/Tiles/soil_01/T_soil_01_MRA.uasset" 2084
"C:/Users/fritz/OneDrive/Dokumente/Schule/Diplomarbeit/da-conquerthecastle-ue5/UE5/Content/Medieval_Town/Textures/Tiles/soil_01/T_soil_01_MRA.uexp" 2085
"C:/Users/fritz/OneDrive/Dokumente/Schule/Diplomarbeit/da-conquerthecastle-ue5/UE5/Content/Medieval_Town/Materials/Instances/tiles/MI_soil_01.uasset" 2086
"C:/Users/fritz/OneDrive/Dokumente/Schule/Diplomarbeit/da-conquerthecastle-ue5/UE5/Content/Medieval_Town/Materials/Instances/tiles/MI_soil_01.uexp" 2087
"C:/Users/fritz/OneDrive/Dokumente/Schule/Diplomarbeit/da-conquerthecastle-ue5/UE5/Content/Medieval_Town/Meshes/Props/SM_curb_01.ubulk" 2088
"C:/Users/fritz/OneDrive/Dokumente/Schule/Diplomarbeit/da-conquerthecastle-ue5/UE5/Content/Medieval_Town/Meshes/Props/SM_curb_01.uasset" 2089
"C:/Users/fritz/OneDrive/Dokumente/Schule/Diplomarbeit/da-conquerthecastle-ue5/UE5/Content/Medieval_Town/Meshes/Props/SM_curb_01.uexp" 2090
"C:/Users/fritz/OneDrive/Dokumente/Schule/Diplomarbeit/da-conquerthecastle-ue5/UE5/Content/Medieval_Town/Textures/Unique/coffin_01/T_coffin_01_N.ubulk" 2091
"C:/Users/fritz/OneDrive/Dokumente/Schule/Diplomarbeit/da-conquerthecastle-ue5/UE5/Content/Medieval_Town/Textures/Unique/coffin_01/T_coffin_01_N.uasset" 2092
"C:/Users/fritz/OneDrive/Dokumente/Schule/Diplomarbeit/da-conquerthecastle-ue5/UE5/Content/Medieval_Town/Textures/Unique/coffin_01/T_coffin_01_N.uexp" 2093
"C:/Users/fritz/OneDrive/Dokumente/Schule/Diplomarbeit/da-conquerthecastle-ue5/UE5/Content/Medieval_Town/Textures/Unique/coffin_01/T_coffin_01_MRA.ubulk" 2094
"C:/Users/fritz/OneDrive/Dokumente/Schule/Diplomarbeit/da-conquerthecastle-ue5/UE5/Content/Medieval_Town/Textures/Unique/coffin_01/T_coffin_01_MRA.uasset" 2095
"C:/Users/fritz/OneDrive/Dokumente/Schule/Diplomarbeit/da-conquerthecastle-ue5/UE5/Content/Medieval_Town/Textures/Unique/coffin_01/T_coffin_01_MRA.uexp" 2096
"C:/Users/fritz/OneDrive/Dokumente/Schule/Diplomarbeit/da-conquerthecastle-ue5/UE5/Content/Medieval_Town/Textures/Unique/coffin_01/T_coffin_01_BC.ubulk" 2097
"C:/Users/fritz/OneDrive/Dokumente/Schule/Diplomarbeit/da-conquerthecastle-ue5/UE5/Content/Medieval_Town/Textures/Unique/coffin_01/T_coffin_01_BC.uasset" 2098
"C:/Users/fritz/OneDrive/Dokumente/Schule/Diplomarbeit/da-conquerthecastle-ue5/UE5/Content/Medieval_Town/Textures/Unique/coffin_01/T_coffin_01_BC.uexp" 2099
"C:/Users/fritz/OneDrive/Dokumente/Schule/Diplomarbeit/da-conquerthecastle-ue5/UE5/Content/Medieval_Town/Materials/Instances/MI_coffin_01.uasset" 2100
"C:/Users/fritz/OneDrive/Dokumente/Schule/Diplomarbeit/da-conquerthecastle-ue5/UE5/Content/Medieval_Town/Materials/Instances/MI_coffin_01.uexp" 2101
"C:/Users/fritz/OneDrive/Dokumente/Schule/Diplomarbeit/da-conquerthecastle-ue5/UE5/Content/Medieval_Town/Meshes/Props/SM_coffin_03.ubulk" 2102
"C:/Users/fritz/OneDrive/Dokumente/Schule/Diplomarbeit/da-conquerthecastle-ue5/UE5/Content/Medieval_Town/Meshes/Props/SM_coffin_03.uasset" 2103
"C:/Users/fritz/OneDrive/Dokumente/Schule/Diplomarbeit/da-conquerthecastle-ue5/UE5/Content/Medieval_Town/Meshes/Props/SM_coffin_03.uexp" 2104
"C:/Users/fritz/OneDrive/Dokumente/Schule/Diplomarbeit/da-conquerthecastle-ue5/UE5/Content/Medieval_Town/Meshes/Props/SM_coffin_02.ubulk" 2105
"C:/Users/fritz/OneDrive/Dokumente/Schule/Diplomarbeit/da-conquerthecastle-ue5/UE5/Content/Medieval_Town/Meshes/Props/SM_coffin_02.uasset" 2106
"C:/Users/fritz/OneDrive/Dokumente/Schule/Diplomarbeit/da-conquerthecastle-ue5/UE5/Content/Medieval_Town/Meshes/Props/SM_coffin_02.uexp" 2107
"C:/Users/fritz/OneDrive/Dokumente/Schule/Diplomarbeit/da-conquerthecastle-ue5/UE5/Content/Medieval_Town/Meshes/Props/SM_coffin_01.ubulk" 2108
"C:/Users/fritz/OneDrive/Dokumente/Schule/Diplomarbeit/da-conquerthecastle-ue5/UE5/Content/Medieval_Town/Meshes/Props/SM_coffin_01.uasset" 2109
"C:/Users/fritz/OneDrive/Dokumente/Schule/Diplomarbeit/da-conquerthecastle-ue5/UE5/Content/Medieval_Town/Meshes/Props/SM_coffin_01.uexp" 2110
"C:/Users/fritz/OneDrive/Dokumente/Schule/Diplomarbeit/da-conquerthecastle-ue5/UE5/Content/Medieval_Town/Meshes/Props/SM_chair_01.ubulk" 2111
"C:/Users/fritz/OneDrive/Dokumente/Schule/Diplomarbeit/da-conquerthecastle-ue5/UE5/Content/Medieval_Town/Meshes/Props/SM_chair_01.uasset" 2112
"C:/Users/fritz/OneDrive/Dokumente/Schule/Diplomarbeit/da-conquerthecastle-ue5/UE5/Content/Medieval_Town/Meshes/Props/SM_chair_01.uexp" 2113
"C:/Users/fritz/OneDrive/Dokumente/Schule/Diplomarbeit/da-conquerthecastle-ue5/UE5/Content/Medieval_Town/Meshes/Props/SM_carriage_wheel_01.ubulk" 2114
"C:/Users/fritz/OneDrive/Dokumente/Schule/Diplomarbeit/da-conquerthecastle-ue5/UE5/Content/Medieval_Town/Meshes/Props/SM_carriage_wheel_01.uasset" 2115
"C:/Users/fritz/OneDrive/Dokumente/Schule/Diplomarbeit/da-conquerthecastle-ue5/UE5/Content/Medieval_Town/Meshes/Props/SM_carriage_wheel_01.uexp" 2116
"C:/Users/fritz/OneDrive/Dokumente/Schule/Diplomarbeit/da-conquerthecastle-ue5/UE5/Content/Medieval_Town/Meshes/Props/SM_carriage.ubulk" 2117
"C:/Users/fritz/OneDrive/Dokumente/Schule/Diplomarbeit/da-conquerthecastle-ue5/UE5/Content/Medieval_Town/Meshes/Props/SM_carriage.uasset" 2118
"C:/Users/fritz/OneDrive/Dokumente/Schule/Diplomarbeit/da-conquerthecastle-ue5/UE5/Content/Medieval_Town/Meshes/Props/SM_carriage.uexp" 2119
"C:/Users/fritz/OneDrive/Dokumente/Schule/Diplomarbeit/da-conquerthecastle-ue5/UE5/Content/Medieval_Town/Meshes/Props/SM_candle_03.ubulk" 2120
"C:/Users/fritz/OneDrive/Dokumente/Schule/Diplomarbeit/da-conquerthecastle-ue5/UE5/Content/Medieval_Town/Meshes/Props/SM_candle_03.uasset" 2121
"C:/Users/fritz/OneDrive/Dokumente/Schule/Diplomarbeit/da-conquerthecastle-ue5/UE5/Content/Medieval_Town/Meshes/Props/SM_candle_03.uexp" 2122
"C:/Users/fritz/OneDrive/Dokumente/Schule/Diplomarbeit/da-conquerthecastle-ue5/UE5/Content/Medieval_Town/Meshes/Props/SM_candle_02.ubulk" 2123
"C:/Users/fritz/OneDrive/Dokumente/Schule/Diplomarbeit/da-conquerthecastle-ue5/UE5/Content/Medieval_Town/Meshes/Props/SM_candle_02.uasset" 2124
"C:/Users/fritz/OneDrive/Dokumente/Schule/Diplomarbeit/da-conquerthecastle-ue5/UE5/Content/Medieval_Town/Meshes/Props/SM_candle_02.uexp" 2125
"C:/Users/fritz/OneDrive/Dokumente/Schule/Diplomarbeit/da-conquerthecastle-ue5/UE5/Content/Medieval_Town/Meshes/Props/SM_candle_01.ubulk" 2126
"C:/Users/fritz/OneDrive/Dokumente/Schule/Diplomarbeit/da-conquerthecastle-ue5/UE5/Content/Medieval_Town/Meshes/Props/SM_candle_01.uasset" 2127
"C:/Users/fritz/OneDrive/Dokumente/Schule/Diplomarbeit/da-conquerthecastle-ue5/UE5/Content/Medieval_Town/Meshes/Props/SM_candle_01.uexp" 2128
"C:/Users/fritz/OneDrive/Dokumente/Schule/Diplomarbeit/da-conquerthecastle-ue5/UE5/Content/Medieval_Town/Textures/Unique/bucket_01/T_bucket_01_N.ubulk" 2129
"C:/Users/fritz/OneDrive/Dokumente/Schule/Diplomarbeit/da-conquerthecastle-ue5/UE5/Content/Medieval_Town/Textures/Unique/bucket_01/T_bucket_01_N.uasset" 2130
"C:/Users/fritz/OneDrive/Dokumente/Schule/Diplomarbeit/da-conquerthecastle-ue5/UE5/Content/Medieval_Town/Textures/Unique/bucket_01/T_bucket_01_N.uexp" 2131
"C:/Users/fritz/OneDrive/Dokumente/Schule/Diplomarbeit/da-conquerthecastle-ue5/UE5/Content/Medieval_Town/Textures/Unique/bucket_01/T_bucket_01_MRA.ubulk" 2132
"C:/Users/fritz/OneDrive/Dokumente/Schule/Diplomarbeit/da-conquerthecastle-ue5/UE5/Content/Medieval_Town/Textures/Unique/bucket_01/T_bucket_01_MRA.uasset" 2133
"C:/Users/fritz/OneDrive/Dokumente/Schule/Diplomarbeit/da-conquerthecastle-ue5/UE5/Content/Medieval_Town/Textures/Unique/bucket_01/T_bucket_01_MRA.uexp" 2134
"C:/Users/fritz/OneDrive/Dokumente/Schule/Diplomarbeit/da-conquerthecastle-ue5/UE5/Content/Medieval_Town/Textures/Unique/bucket_01/T_bucket_01_BC.ubulk" 2135
"C:/Users/fritz/OneDrive/Dokumente/Schule/Diplomarbeit/da-conquerthecastle-ue5/UE5/Content/Medieval_Town/Textures/Unique/bucket_01/T_bucket_01_BC.uasset" 2136
"C:/Users/fritz/OneDrive/Dokumente/Schule/Diplomarbeit/da-conquerthecastle-ue5/UE5/Content/Medieval_Town/Textures/Unique/bucket_01/T_bucket_01_BC.uexp" 2137
"C:/Users/fritz/OneDrive/Dokumente/Schule/Diplomarbeit/da-conquerthecastle-ue5/UE5/Content/Medieval_Town/Materials/Instances/MI_bucket_01.uasset" 2138
"C:/Users/fritz/OneDrive/Dokumente/Schule/Diplomarbeit/da-conquerthecastle-ue5/UE5/Content/Medieval_Town/Materials/Instances/MI_bucket_01.uexp" 2139
"C:/Users/fritz/OneDrive/Dokumente/Schule/Diplomarbeit/da-conquerthecastle-ue5/UE5/Content/Medieval_Town/Meshes/Props/SM_bucket_01.ubulk" 2140
"C:/Users/fritz/OneDrive/Dokumente/Schule/Diplomarbeit/da-conquerthecastle-ue5/UE5/Content/Medieval_Town/Meshes/Props/SM_bucket_01.uasset" 2141
"C:/Users/fritz/OneDrive/Dokumente/Schule/Diplomarbeit/da-conquerthecastle-ue5/UE5/Content/Medieval_Town/Meshes/Props/SM_bucket_01.uexp" 2142
"C:/Users/fritz/OneDrive/Dokumente/Schule/Diplomarbeit/da-conquerthecastle-ue5/UE5/Content/Medieval_Town/Textures/Unique/box_02/T_box_02_N.ubulk" 2143
"C:/Users/fritz/OneDrive/Dokumente/Schule/Diplomarbeit/da-conquerthecastle-ue5/UE5/Content/Medieval_Town/Textures/Unique/box_02/T_box_02_N.uasset" 2144
"C:/Users/fritz/OneDrive/Dokumente/Schule/Diplomarbeit/da-conquerthecastle-ue5/UE5/Content/Medieval_Town/Textures/Unique/box_02/T_box_02_N.uexp" 2145
"C:/Users/fritz/OneDrive/Dokumente/Schule/Diplomarbeit/da-conquerthecastle-ue5/UE5/Content/Medieval_Town/Textures/Unique/box_02/T_box_02_MRA.ubulk" 2146
"C:/Users/fritz/OneDrive/Dokumente/Schule/Diplomarbeit/da-conquerthecastle-ue5/UE5/Content/Medieval_Town/Textures/Unique/box_02/T_box_02_MRA.uasset" 2147
"C:/Users/fritz/OneDrive/Dokumente/Schule/Diplomarbeit/da-conquerthecastle-ue5/UE5/Content/Medieval_Town/Textures/Unique/box_02/T_box_02_MRA.uexp" 2148
"C:/Users/fritz/OneDrive/Dokumente/Schule/Diplomarbeit/da-conquerthecastle-ue5/UE5/Content/Medieval_Town/Textures/Unique/box_02/T_box_02_BC.ubulk" 2149
"C:/Users/fritz/OneDrive/Dokumente/Schule/Diplomarbeit/da-conquerthecastle-ue5/UE5/Content/Medieval_Town/Textures/Unique/box_02/T_box_02_BC.uasset" 2150
"C:/Users/fritz/OneDrive/Dokumente/Schule/Diplomarbeit/da-conquerthecastle-ue5/UE5/Content/Medieval_Town/Textures/Unique/box_02/T_box_02_BC.uexp" 2151
"C:/Users/fritz/OneDrive/Dokumente/Schule/Diplomarbeit/da-conquerthecastle-ue5/UE5/Content/Medieval_Town/Materials/Instances/MI_box_02.uasset" 2152
"C:/Users/fritz/OneDrive/Dokumente/Schule/Diplomarbeit/da-conquerthecastle-ue5/UE5/Content/Medieval_Town/Materials/Instances/MI_box_02.uexp" 2153
"C:/Users/fritz/OneDrive/Dokumente/Schule/Diplomarbeit/da-conquerthecastle-ue5/UE5/Content/Medieval_Town/Textures/Unique/fruits_vegetables_01/T_fruits_vegetables_01_N.ubulk" 2154
"C:/Users/fritz/OneDrive/Dokumente/Schule/Diplomarbeit/da-conquerthecastle-ue5/UE5/Content/Medieval_Town/Textures/Unique/fruits_vegetables_01/T_fruits_vegetables_01_N.uasset" 2155
"C:/Users/fritz/OneDrive/Dokumente/Schule/Diplomarbeit/da-conquerthecastle-ue5/UE5/Content/Medieval_Town/Textures/Unique/fruits_vegetables_01/T_fruits_vegetables_01_N.uexp" 2156
"C:/Users/fritz/OneDrive/Dokumente/Schule/Diplomarbeit/da-conquerthecastle-ue5/UE5/Content/Medieval_Town/Textures/Unique/fruits_vegetables_01/T_fruits_vegetables_01_MRA.ubulk" 2157
"C:/Users/fritz/OneDrive/Dokumente/Schule/Diplomarbeit/da-conquerthecastle-ue5/UE5/Content/Medieval_Town/Textures/Unique/fruits_vegetables_01/T_fruits_vegetables_01_MRA.uasset" 2158
"C:/Users/fritz/OneDrive/Dokumente/Schule/Diplomarbeit/da-conquerthecastle-ue5/UE5/Content/Medieval_Town/Textures/Unique/fruits_vegetables_01/T_fruits_vegetables_01_MRA.uexp" 2159
"C:/Users/fritz/OneDrive/Dokumente/Schule/Diplomarbeit/da-conquerthecastle-ue5/UE5/Content/Medieval_Town/Textures/Unique/fruits_vegetables_01/T_fruits_vegetables_01_BC.ubulk" 2160
"C:/Users/fritz/OneDrive/Dokumente/Schule/Diplomarbeit/da-conquerthecastle-ue5/UE5/Content/Medieval_Town/Textures/Unique/fruits_vegetables_01/T_fruits_vegetables_01_BC.uasset" 2161
"C:/Users/fritz/OneDrive/Dokumente/Schule/Diplomarbeit/da-conquerthecastle-ue5/UE5/Content/Medieval_Town/Textures/Unique/fruits_vegetables_01/T_fruits_vegetables_01_BC.uexp" 2162
"C:/Users/fritz/OneDrive/Dokumente/Schule/Diplomarbeit/da-conquerthecastle-ue5/UE5/Content/Medieval_Town/Materials/Instances/MI_fruits_vegetables_01.uasset" 2163
"C:/Users/fritz/OneDrive/Dokumente/Schule/Diplomarbeit/da-conquerthecastle-ue5/UE5/Content/Medieval_Town/Materials/Instances/MI_fruits_vegetables_01.uexp" 2164
"C:/Users/fritz/OneDrive/Dokumente/Schule/Diplomarbeit/da-conquerthecastle-ue5/UE5/Content/Medieval_Town/Textures/Unique/fruits_vegetables_02/T_fruits_vegetables_02_N.ubulk" 2165
"C:/Users/fritz/OneDrive/Dokumente/Schule/Diplomarbeit/da-conquerthecastle-ue5/UE5/Content/Medieval_Town/Textures/Unique/fruits_vegetables_02/T_fruits_vegetables_02_N.uasset" 2166
"C:/Users/fritz/OneDrive/Dokumente/Schule/Diplomarbeit/da-conquerthecastle-ue5/UE5/Content/Medieval_Town/Textures/Unique/fruits_vegetables_02/T_fruits_vegetables_02_N.uexp" 2167
"C:/Users/fritz/OneDrive/Dokumente/Schule/Diplomarbeit/da-conquerthecastle-ue5/UE5/Content/Medieval_Town/Textures/Unique/fruits_vegetables_02/T_fruits_vegetables_02_MRA.ubulk" 2168
"C:/Users/fritz/OneDrive/Dokumente/Schule/Diplomarbeit/da-conquerthecastle-ue5/UE5/Content/Medieval_Town/Textures/Unique/fruits_vegetables_02/T_fruits_vegetables_02_MRA.uasset" 2169
"C:/Users/fritz/OneDrive/Dokumente/Schule/Diplomarbeit/da-conquerthecastle-ue5/UE5/Content/Medieval_Town/Textures/Unique/fruits_vegetables_02/T_fruits_vegetables_02_MRA.uexp" 2170
"C:/Users/fritz/OneDrive/Dokumente/Schule/Diplomarbeit/da-conquerthecastle-ue5/UE5/Content/Medieval_Town/Textures/Unique/fruits_vegetables_02/T_fruits_vegetables_02_BC.ubulk" 2171
"C:/Users/fritz/OneDrive/Dokumente/Schule/Diplomarbeit/da-conquerthecastle-ue5/UE5/Content/Medieval_Town/Textures/Unique/fruits_vegetables_02/T_fruits_vegetables_02_BC.uasset" 2172
"C:/Users/fritz/OneDrive/Dokumente/Schule/Diplomarbeit/da-conquerthecastle-ue5/UE5/Content/Medieval_Town/Textures/Unique/fruits_vegetables_02/T_fruits_vegetables_02_BC.uexp" 2173
"C:/Users/fritz/OneDrive/Dokumente/Schule/Diplomarbeit/da-conquerthecastle-ue5/UE5/Content/Medieval_Town/Materials/Instances/MI_fruits_vegetables_02.uasset" 2174
"C:/Users/fritz/OneDrive/Dokumente/Schule/Diplomarbeit/da-conquerthecastle-ue5/UE5/Content/Medieval_Town/Materials/Instances/MI_fruits_vegetables_02.uexp" 2175
"C:/Users/fritz/OneDrive/Dokumente/Schule/Diplomarbeit/da-conquerthecastle-ue5/UE5/Content/Medieval_Town/Meshes/Props/SM_box_potatoes_01.ubulk" 2176
"C:/Users/fritz/OneDrive/Dokumente/Schule/Diplomarbeit/da-conquerthecastle-ue5/UE5/Content/Medieval_Town/Meshes/Props/SM_box_potatoes_01.uasset" 2177
"C:/Users/fritz/OneDrive/Dokumente/Schule/Diplomarbeit/da-conquerthecastle-ue5/UE5/Content/Medieval_Town/Meshes/Props/SM_box_potatoes_01.uexp" 2178
"C:/Users/fritz/OneDrive/Dokumente/Schule/Diplomarbeit/da-conquerthecastle-ue5/UE5/Content/Medieval_Town/Textures/Unique/box_03/T_box_03_N.ubulk" 2179
"C:/Users/fritz/OneDrive/Dokumente/Schule/Diplomarbeit/da-conquerthecastle-ue5/UE5/Content/Medieval_Town/Textures/Unique/box_03/T_box_03_N.uasset" 2180
"C:/Users/fritz/OneDrive/Dokumente/Schule/Diplomarbeit/da-conquerthecastle-ue5/UE5/Content/Medieval_Town/Textures/Unique/box_03/T_box_03_N.uexp" 2181
"C:/Users/fritz/OneDrive/Dokumente/Schule/Diplomarbeit/da-conquerthecastle-ue5/UE5/Content/Medieval_Town/Textures/Unique/box_03/T_box_03_MRA.ubulk" 2182
"C:/Users/fritz/OneDrive/Dokumente/Schule/Diplomarbeit/da-conquerthecastle-ue5/UE5/Content/Medieval_Town/Textures/Unique/box_03/T_box_03_MRA.uasset" 2183
"C:/Users/fritz/OneDrive/Dokumente/Schule/Diplomarbeit/da-conquerthecastle-ue5/UE5/Content/Medieval_Town/Textures/Unique/box_03/T_box_03_MRA.uexp" 2184
"C:/Users/fritz/OneDrive/Dokumente/Schule/Diplomarbeit/da-conquerthecastle-ue5/UE5/Content/Medieval_Town/Textures/Unique/box_03/T_box_03_BC.ubulk" 2185
"C:/Users/fritz/OneDrive/Dokumente/Schule/Diplomarbeit/da-conquerthecastle-ue5/UE5/Content/Medieval_Town/Textures/Unique/box_03/T_box_03_BC.uasset" 2186
"C:/Users/fritz/OneDrive/Dokumente/Schule/Diplomarbeit/da-conquerthecastle-ue5/UE5/Content/Medieval_Town/Textures/Unique/box_03/T_box_03_BC.uexp" 2187
"C:/Users/fritz/OneDrive/Dokumente/Schule/Diplomarbeit/da-conquerthecastle-ue5/UE5/Content/Medieval_Town/Materials/Instances/MI_box_03.uasset" 2188
"C:/Users/fritz/OneDrive/Dokumente/Schule/Diplomarbeit/da-conquerthecastle-ue5/UE5/Content/Medieval_Town/Materials/Instances/MI_box_03.uexp" 2189
"C:/Users/fritz/OneDrive/Dokumente/Schule/Diplomarbeit/da-conquerthecastle-ue5/UE5/Content/Medieval_Town/Meshes/Props/SM_box_04.ubulk" 2190
"C:/Users/fritz/OneDrive/Dokumente/Schule/Diplomarbeit/da-conquerthecastle-ue5/UE5/Content/Medieval_Town/Meshes/Props/SM_box_04.uasset" 2191
"C:/Users/fritz/OneDrive/Dokumente/Schule/Diplomarbeit/da-conquerthecastle-ue5/UE5/Content/Medieval_Town/Meshes/Props/SM_box_04.uexp" 2192
"C:/Users/fritz/OneDrive/Dokumente/Schule/Diplomarbeit/da-conquerthecastle-ue5/UE5/Content/Medieval_Town/Meshes/Props/SM_box_02.ubulk" 2193
"C:/Users/fritz/OneDrive/Dokumente/Schule/Diplomarbeit/da-conquerthecastle-ue5/UE5/Content/Medieval_Town/Meshes/Props/SM_box_02.uasset" 2194
"C:/Users/fritz/OneDrive/Dokumente/Schule/Diplomarbeit/da-conquerthecastle-ue5/UE5/Content/Medieval_Town/Meshes/Props/SM_box_02.uexp" 2195
"C:/Users/fritz/OneDrive/Dokumente/Schule/Diplomarbeit/da-conquerthecastle-ue5/UE5/Content/Medieval_Town/Textures/Unique/box_01/T_box_01_N.ubulk" 2196
"C:/Users/fritz/OneDrive/Dokumente/Schule/Diplomarbeit/da-conquerthecastle-ue5/UE5/Content/Medieval_Town/Textures/Unique/box_01/T_box_01_N.uasset" 2197
"C:/Users/fritz/OneDrive/Dokumente/Schule/Diplomarbeit/da-conquerthecastle-ue5/UE5/Content/Medieval_Town/Textures/Unique/box_01/T_box_01_N.uexp" 2198
"C:/Users/fritz/OneDrive/Dokumente/Schule/Diplomarbeit/da-conquerthecastle-ue5/UE5/Content/Medieval_Town/Textures/Unique/box_01/T_box_01_MRA.ubulk" 2199
"C:/Users/fritz/OneDrive/Dokumente/Schule/Diplomarbeit/da-conquerthecastle-ue5/UE5/Content/Medieval_Town/Textures/Unique/box_01/T_box_01_MRA.uasset" 2200
"C:/Users/fritz/OneDrive/Dokumente/Schule/Diplomarbeit/da-conquerthecastle-ue5/UE5/Content/Medieval_Town/Textures/Unique/box_01/T_box_01_MRA.uexp" 2201
"C:/Users/fritz/OneDrive/Dokumente/Schule/Diplomarbeit/da-conquerthecastle-ue5/UE5/Content/Medieval_Town/Textures/Unique/box_01/T_box_01_BC.ubulk" 2202
"C:/Users/fritz/OneDrive/Dokumente/Schule/Diplomarbeit/da-conquerthecastle-ue5/UE5/Content/Medieval_Town/Textures/Unique/box_01/T_box_01_BC.uasset" 2203
"C:/Users/fritz/OneDrive/Dokumente/Schule/Diplomarbeit/da-conquerthecastle-ue5/UE5/Content/Medieval_Town/Textures/Unique/box_01/T_box_01_BC.uexp" 2204
"C:/Users/fritz/OneDrive/Dokumente/Schule/Diplomarbeit/da-conquerthecastle-ue5/UE5/Content/Medieval_Town/Materials/Instances/MI_box_01.uasset" 2205
"C:/Users/fritz/OneDrive/Dokumente/Schule/Diplomarbeit/da-conquerthecastle-ue5/UE5/Content/Medieval_Town/Materials/Instances/MI_box_01.uexp" 2206
"C:/Users/fritz/OneDrive/Dokumente/Schule/Diplomarbeit/da-conquerthecastle-ue5/UE5/Content/Medieval_Town/Meshes/Props/SM_box_01.ubulk" 2207
"C:/Users/fritz/OneDrive/Dokumente/Schule/Diplomarbeit/da-conquerthecastle-ue5/UE5/Content/Medieval_Town/Meshes/Props/SM_box_01.uasset" 2208
"C:/Users/fritz/OneDrive/Dokumente/Schule/Diplomarbeit/da-conquerthecastle-ue5/UE5/Content/Medieval_Town/Meshes/Props/SM_box_01.uexp" 2209
"C:/Users/fritz/OneDrive/Dokumente/Schule/Diplomarbeit/da-conquerthecastle-ue5/UE5/Content/Medieval_Town/Textures/Unique/bench_01/T_bench_01_N.ubulk" 2210
"C:/Users/fritz/OneDrive/Dokumente/Schule/Diplomarbeit/da-conquerthecastle-ue5/UE5/Content/Medieval_Town/Textures/Unique/bench_01/T_bench_01_N.uasset" 2211
"C:/Users/fritz/OneDrive/Dokumente/Schule/Diplomarbeit/da-conquerthecastle-ue5/UE5/Content/Medieval_Town/Textures/Unique/bench_01/T_bench_01_N.uexp" 2212
"C:/Users/fritz/OneDrive/Dokumente/Schule/Diplomarbeit/da-conquerthecastle-ue5/UE5/Content/Medieval_Town/Textures/Unique/bench_01/T_bench_01_MRA.ubulk" 2213
"C:/Users/fritz/OneDrive/Dokumente/Schule/Diplomarbeit/da-conquerthecastle-ue5/UE5/Content/Medieval_Town/Textures/Unique/bench_01/T_bench_01_MRA.uasset" 2214
"C:/Users/fritz/OneDrive/Dokumente/Schule/Diplomarbeit/da-conquerthecastle-ue5/UE5/Content/Medieval_Town/Textures/Unique/bench_01/T_bench_01_MRA.uexp" 2215
"C:/Users/fritz/OneDrive/Dokumente/Schule/Diplomarbeit/da-conquerthecastle-ue5/UE5/Content/Medieval_Town/Textures/Unique/bench_01/T_bench_01_BC.ubulk" 2216
"C:/Users/fritz/OneDrive/Dokumente/Schule/Diplomarbeit/da-conquerthecastle-ue5/UE5/Content/Medieval_Town/Textures/Unique/bench_01/T_bench_01_BC.uasset" 2217
"C:/Users/fritz/OneDrive/Dokumente/Schule/Diplomarbeit/da-conquerthecastle-ue5/UE5/Content/Medieval_Town/Textures/Unique/bench_01/T_bench_01_BC.uexp" 2218
"C:/Users/fritz/OneDrive/Dokumente/Schule/Diplomarbeit/da-conquerthecastle-ue5/UE5/Content/Medieval_Town/Materials/Instances/MI_bench_01.uasset" 2219
"C:/Users/fritz/OneDrive/Dokumente/Schule/Diplomarbeit/da-conquerthecastle-ue5/UE5/Content/Medieval_Town/Materials/Instances/MI_bench_01.uexp" 2220
"C:/Users/fritz/OneDrive/Dokumente/Schule/Diplomarbeit/da-conquerthecastle-ue5/UE5/Content/Medieval_Town/Meshes/Props/SM_bench_01.ubulk" 2221
"C:/Users/fritz/OneDrive/Dokumente/Schule/Diplomarbeit/da-conquerthecastle-ue5/UE5/Content/Medieval_Town/Meshes/Props/SM_bench_01.uasset" 2222
"C:/Users/fritz/OneDrive/Dokumente/Schule/Diplomarbeit/da-conquerthecastle-ue5/UE5/Content/Medieval_Town/Meshes/Props/SM_bench_01.uexp" 2223
"C:/Users/fritz/OneDrive/Dokumente/Schule/Diplomarbeit/da-conquerthecastle-ue5/UE5/Content/Medieval_Town/Textures/Unique/basket_01/T_basket_01_N.ubulk" 2224
"C:/Users/fritz/OneDrive/Dokumente/Schule/Diplomarbeit/da-conquerthecastle-ue5/UE5/Content/Medieval_Town/Textures/Unique/basket_01/T_basket_01_N.uasset" 2225
"C:/Users/fritz/OneDrive/Dokumente/Schule/Diplomarbeit/da-conquerthecastle-ue5/UE5/Content/Medieval_Town/Textures/Unique/basket_01/T_basket_01_N.uexp" 2226
"C:/Users/fritz/OneDrive/Dokumente/Schule/Diplomarbeit/da-conquerthecastle-ue5/UE5/Content/Medieval_Town/Textures/Unique/basket_01/T_basket_01_MRA.ubulk" 2227
"C:/Users/fritz/OneDrive/Dokumente/Schule/Diplomarbeit/da-conquerthecastle-ue5/UE5/Content/Medieval_Town/Textures/Unique/basket_01/T_basket_01_MRA.uasset" 2228
"C:/Users/fritz/OneDrive/Dokumente/Schule/Diplomarbeit/da-conquerthecastle-ue5/UE5/Content/Medieval_Town/Textures/Unique/basket_01/T_basket_01_MRA.uexp" 2229
"C:/Users/fritz/OneDrive/Dokumente/Schule/Diplomarbeit/da-conquerthecastle-ue5/UE5/Content/Medieval_Town/Textures/Unique/basket_01/T_basket_01_BC.ubulk" 2230
"C:/Users/fritz/OneDrive/Dokumente/Schule/Diplomarbeit/da-conquerthecastle-ue5/UE5/Content/Medieval_Town/Textures/Unique/basket_01/T_basket_01_BC.uasset" 2231
"C:/Users/fritz/OneDrive/Dokumente/Schule/Diplomarbeit/da-conquerthecastle-ue5/UE5/Content/Medieval_Town/Textures/Unique/basket_01/T_basket_01_BC.uexp" 2232
"C:/Users/fritz/OneDrive/Dokumente/Schule/Diplomarbeit/da-conquerthecastle-ue5/UE5/Content/Medieval_Town/Materials/Instances/MI_basket_01.uasset" 2233
"C:/Users/fritz/OneDrive/Dokumente/Schule/Diplomarbeit/da-conquerthecastle-ue5/UE5/Content/Medieval_Town/Materials/Instances/MI_basket_01.uexp" 2234
"C:/Users/fritz/OneDrive/Dokumente/Schule/Diplomarbeit/da-conquerthecastle-ue5/UE5/Content/Medieval_Town/Meshes/Props/SM_basket_onion_01.ubulk" 2235
"C:/Users/fritz/OneDrive/Dokumente/Schule/Diplomarbeit/da-conquerthecastle-ue5/UE5/Content/Medieval_Town/Meshes/Props/SM_basket_onion_01.uasset" 2236
"C:/Users/fritz/OneDrive/Dokumente/Schule/Diplomarbeit/da-conquerthecastle-ue5/UE5/Content/Medieval_Town/Meshes/Props/SM_basket_onion_01.uexp" 2237
"C:/Users/fritz/OneDrive/Dokumente/Schule/Diplomarbeit/da-conquerthecastle-ue5/UE5/Content/Medieval_Town/Meshes/Props/SM_basket_lemons_01.ubulk" 2238
"C:/Users/fritz/OneDrive/Dokumente/Schule/Diplomarbeit/da-conquerthecastle-ue5/UE5/Content/Medieval_Town/Meshes/Props/SM_basket_lemons_01.uasset" 2239
"C:/Users/fritz/OneDrive/Dokumente/Schule/Diplomarbeit/da-conquerthecastle-ue5/UE5/Content/Medieval_Town/Meshes/Props/SM_basket_lemons_01.uexp" 2240
"C:/Users/fritz/OneDrive/Dokumente/Schule/Diplomarbeit/da-conquerthecastle-ue5/UE5/Content/Medieval_Town/Meshes/Props/SM_basket_apples_01.ubulk" 2241
"C:/Users/fritz/OneDrive/Dokumente/Schule/Diplomarbeit/da-conquerthecastle-ue5/UE5/Content/Medieval_Town/Meshes/Props/SM_basket_apples_01.uasset" 2242
"C:/Users/fritz/OneDrive/Dokumente/Schule/Diplomarbeit/da-conquerthecastle-ue5/UE5/Content/Medieval_Town/Meshes/Props/SM_basket_apples_01.uexp" 2243
"C:/Users/fritz/OneDrive/Dokumente/Schule/Diplomarbeit/da-conquerthecastle-ue5/UE5/Content/Medieval_Town/Meshes/Props/SM_basket_01.ubulk" 2244
"C:/Users/fritz/OneDrive/Dokumente/Schule/Diplomarbeit/da-conquerthecastle-ue5/UE5/Content/Medieval_Town/Meshes/Props/SM_basket_01.uasset" 2245
"C:/Users/fritz/OneDrive/Dokumente/Schule/Diplomarbeit/da-conquerthecastle-ue5/UE5/Content/Medieval_Town/Meshes/Props/SM_basket_01.uexp" 2246
"C:/Users/fritz/OneDrive/Dokumente/Schule/Diplomarbeit/da-conquerthecastle-ue5/UE5/Content/Medieval_Town/Textures/Unique/barrel_01/T_barrel_01_N.ubulk" 2247
"C:/Users/fritz/OneDrive/Dokumente/Schule/Diplomarbeit/da-conquerthecastle-ue5/UE5/Content/Medieval_Town/Textures/Unique/barrel_01/T_barrel_01_N.uasset" 2248
"C:/Users/fritz/OneDrive/Dokumente/Schule/Diplomarbeit/da-conquerthecastle-ue5/UE5/Content/Medieval_Town/Textures/Unique/barrel_01/T_barrel_01_N.uexp" 2249
"C:/Users/fritz/OneDrive/Dokumente/Schule/Diplomarbeit/da-conquerthecastle-ue5/UE5/Content/Medieval_Town/Textures/Unique/barrel_01/T_barrel_01_MRA.ubulk" 2250
"C:/Users/fritz/OneDrive/Dokumente/Schule/Diplomarbeit/da-conquerthecastle-ue5/UE5/Content/Medieval_Town/Textures/Unique/barrel_01/T_barrel_01_MRA.uasset" 2251
"C:/Users/fritz/OneDrive/Dokumente/Schule/Diplomarbeit/da-conquerthecastle-ue5/UE5/Content/Medieval_Town/Textures/Unique/barrel_01/T_barrel_01_MRA.uexp" 2252
"C:/Users/fritz/OneDrive/Dokumente/Schule/Diplomarbeit/da-conquerthecastle-ue5/UE5/Content/Medieval_Town/Textures/Unique/barrel_01/T_barrel_01_BC.ubulk" 2253
"C:/Users/fritz/OneDrive/Dokumente/Schule/Diplomarbeit/da-conquerthecastle-ue5/UE5/Content/Medieval_Town/Textures/Unique/barrel_01/T_barrel_01_BC.uasset" 2254
"C:/Users/fritz/OneDrive/Dokumente/Schule/Diplomarbeit/da-conquerthecastle-ue5/UE5/Content/Medieval_Town/Textures/Unique/barrel_01/T_barrel_01_BC.uexp" 2255
"C:/Users/fritz/OneDrive/Dokumente/Schule/Diplomarbeit/da-conquerthecastle-ue5/UE5/Content/Medieval_Town/Materials/Instances/MI_barrel_01.uasset" 2256
"C:/Users/fritz/OneDrive/Dokumente/Schule/Diplomarbeit/da-conquerthecastle-ue5/UE5/Content/Medieval_Town/Materials/Instances/MI_barrel_01.uexp" 2257
"C:/Users/fritz/OneDrive/Dokumente/Schule/Diplomarbeit/da-conquerthecastle-ue5/UE5/Content/Medieval_Town/Meshes/Props/SM_barrel_01.ubulk" 2258
"C:/Users/fritz/OneDrive/Dokumente/Schule/Diplomarbeit/da-conquerthecastle-ue5/UE5/Content/Medieval_Town/Meshes/Props/SM_barrel_01.uasset" 2259
"C:/Users/fritz/OneDrive/Dokumente/Schule/Diplomarbeit/da-conquerthecastle-ue5/UE5/Content/Medieval_Town/Meshes/Props/SM_barrel_01.uexp" 2260
"C:/Users/fritz/OneDrive/Dokumente/Schule/Diplomarbeit/da-conquerthecastle-ue5/UE5/Content/Medieval_Town/Textures/Unique/bag_01/T_bag_01_N.ubulk" 2261
"C:/Users/fritz/OneDrive/Dokumente/Schule/Diplomarbeit/da-conquerthecastle-ue5/UE5/Content/Medieval_Town/Textures/Unique/bag_01/T_bag_01_N.uasset" 2262
"C:/Users/fritz/OneDrive/Dokumente/Schule/Diplomarbeit/da-conquerthecastle-ue5/UE5/Content/Medieval_Town/Textures/Unique/bag_01/T_bag_01_N.uexp" 2263
"C:/Users/fritz/OneDrive/Dokumente/Schule/Diplomarbeit/da-conquerthecastle-ue5/UE5/Content/Medieval_Town/Textures/Unique/bag_01/T_bag_01_MRA.ubulk" 2264
"C:/Users/fritz/OneDrive/Dokumente/Schule/Diplomarbeit/da-conquerthecastle-ue5/UE5/Content/Medieval_Town/Textures/Unique/bag_01/T_bag_01_MRA.uasset" 2265
"C:/Users/fritz/OneDrive/Dokumente/Schule/Diplomarbeit/da-conquerthecastle-ue5/UE5/Content/Medieval_Town/Textures/Unique/bag_01/T_bag_01_MRA.uexp" 2266
"C:/Users/fritz/OneDrive/Dokumente/Schule/Diplomarbeit/da-conquerthecastle-ue5/UE5/Content/Medieval_Town/Textures/Unique/bag_01/T_bag_01_BC.ubulk" 2267
"C:/Users/fritz/OneDrive/Dokumente/Schule/Diplomarbeit/da-conquerthecastle-ue5/UE5/Content/Medieval_Town/Textures/Unique/bag_01/T_bag_01_BC.uasset" 2268
"C:/Users/fritz/OneDrive/Dokumente/Schule/Diplomarbeit/da-conquerthecastle-ue5/UE5/Content/Medieval_Town/Textures/Unique/bag_01/T_bag_01_BC.uexp" 2269
"C:/Users/fritz/OneDrive/Dokumente/Schule/Diplomarbeit/da-conquerthecastle-ue5/UE5/Content/Medieval_Town/Materials/Instances/MI_bag_01.uasset" 2270
"C:/Users/fritz/OneDrive/Dokumente/Schule/Diplomarbeit/da-conquerthecastle-ue5/UE5/Content/Medieval_Town/Materials/Instances/MI_bag_01.uexp" 2271
"C:/Users/fritz/OneDrive/Dokumente/Schule/Diplomarbeit/da-conquerthecastle-ue5/UE5/Content/Medieval_Town/Meshes/Props/SM_bag_01.ubulk" 2272
"C:/Users/fritz/OneDrive/Dokumente/Schule/Diplomarbeit/da-conquerthecastle-ue5/UE5/Content/Medieval_Town/Meshes/Props/SM_bag_01.uasset" 2273
"C:/Users/fritz/OneDrive/Dokumente/Schule/Diplomarbeit/da-conquerthecastle-ue5/UE5/Content/Medieval_Town/Meshes/Props/SM_bag_01.uexp" 2274
"C:/Users/fritz/OneDrive/Dokumente/Schule/Diplomarbeit/da-conquerthecastle-ue5/UE5/Content/Medieval_Town/Meshes/Props/SM_anvil_01.ubulk" 2275
"C:/Users/fritz/OneDrive/Dokumente/Schule/Diplomarbeit/da-conquerthecastle-ue5/UE5/Content/Medieval_Town/Meshes/Props/SM_anvil_01.uasset" 2276
"C:/Users/fritz/OneDrive/Dokumente/Schule/Diplomarbeit/da-conquerthecastle-ue5/UE5/Content/Medieval_Town/Meshes/Props/SM_anvil_01.uexp" 2277
"C:/Users/fritz/OneDrive/Dokumente/Schule/Diplomarbeit/da-conquerthecastle-ue5/UE5/Content/Medieval_Town/Textures/Tiles/pavement_01/T_pavement_01_N.ubulk" 2278
"C:/Users/fritz/OneDrive/Dokumente/Schule/Diplomarbeit/da-conquerthecastle-ue5/UE5/Content/Medieval_Town/Textures/Tiles/pavement_01/T_pavement_01_N.uasset" 2279
"C:/Users/fritz/OneDrive/Dokumente/Schule/Diplomarbeit/da-conquerthecastle-ue5/UE5/Content/Medieval_Town/Textures/Tiles/pavement_01/T_pavement_01_N.uexp" 2280
"C:/Users/fritz/OneDrive/Dokumente/Schule/Diplomarbeit/da-conquerthecastle-ue5/UE5/Content/Medieval_Town/Textures/Tiles/pavement_01/T_pavement_01_MRA.ubulk" 2281
"C:/Users/fritz/OneDrive/Dokumente/Schule/Diplomarbeit/da-conquerthecastle-ue5/UE5/Content/Medieval_Town/Textures/Tiles/pavement_01/T_pavement_01_MRA.uasset" 2282
"C:/Users/fritz/OneDrive/Dokumente/Schule/Diplomarbeit/da-conquerthecastle-ue5/UE5/Content/Medieval_Town/Textures/Tiles/pavement_01/T_pavement_01_MRA.uexp" 2283
"C:/Users/fritz/OneDrive/Dokumente/Schule/Diplomarbeit/da-conquerthecastle-ue5/UE5/Content/Medieval_Town/Textures/Tiles/pavement_01/T_pavement_01_BC.ubulk" 2284
"C:/Users/fritz/OneDrive/Dokumente/Schule/Diplomarbeit/da-conquerthecastle-ue5/UE5/Content/Medieval_Town/Textures/Tiles/pavement_01/T_pavement_01_BC.uasset" 2285
"C:/Users/fritz/OneDrive/Dokumente/Schule/Diplomarbeit/da-conquerthecastle-ue5/UE5/Content/Medieval_Town/Textures/Tiles/pavement_01/T_pavement_01_BC.uexp" 2286
"C:/Users/fritz/OneDrive/Dokumente/Schule/Diplomarbeit/da-conquerthecastle-ue5/UE5/Content/Medieval_Town/Textures/Tiles/old_grass_01/T_old_grass_01_N.ubulk" 2287
"C:/Users/fritz/OneDrive/Dokumente/Schule/Diplomarbeit/da-conquerthecastle-ue5/UE5/Content/Medieval_Town/Textures/Tiles/old_grass_01/T_old_grass_01_N.uasset" 2288
"C:/Users/fritz/OneDrive/Dokumente/Schule/Diplomarbeit/da-conquerthecastle-ue5/UE5/Content/Medieval_Town/Textures/Tiles/old_grass_01/T_old_grass_01_N.uexp" 2289
"C:/Users/fritz/OneDrive/Dokumente/Schule/Diplomarbeit/da-conquerthecastle-ue5/UE5/Content/Medieval_Town/Materials/Instances/tiles/MI_pavement_01_01.uasset" 2290
"C:/Users/fritz/OneDrive/Dokumente/Schule/Diplomarbeit/da-conquerthecastle-ue5/UE5/Content/Medieval_Town/Materials/Instances/tiles/MI_pavement_01_01.uexp" 2291
"C:/Users/fritz/OneDrive/Dokumente/Schule/Diplomarbeit/da-conquerthecastle-ue5/UE5/Content/Medieval_Town/Textures/Trims/trim_pavement_01/T_trim_pavement_01_N.ubulk" 2292
"C:/Users/fritz/OneDrive/Dokumente/Schule/Diplomarbeit/da-conquerthecastle-ue5/UE5/Content/Medieval_Town/Textures/Trims/trim_pavement_01/T_trim_pavement_01_N.uasset" 2293
"C:/Users/fritz/OneDrive/Dokumente/Schule/Diplomarbeit/da-conquerthecastle-ue5/UE5/Content/Medieval_Town/Textures/Trims/trim_pavement_01/T_trim_pavement_01_N.uexp" 2294
"C:/Users/fritz/OneDrive/Dokumente/Schule/Diplomarbeit/da-conquerthecastle-ue5/UE5/Content/Medieval_Town/Textures/Trims/trim_pavement_01/T_trim_pavement_01_MRA.ubulk" 2295
"C:/Users/fritz/OneDrive/Dokumente/Schule/Diplomarbeit/da-conquerthecastle-ue5/UE5/Content/Medieval_Town/Textures/Trims/trim_pavement_01/T_trim_pavement_01_MRA.uasset" 2296
"C:/Users/fritz/OneDrive/Dokumente/Schule/Diplomarbeit/da-conquerthecastle-ue5/UE5/Content/Medieval_Town/Textures/Trims/trim_pavement_01/T_trim_pavement_01_MRA.uexp" 2297
"C:/Users/fritz/OneDrive/Dokumente/Schule/Diplomarbeit/da-conquerthecastle-ue5/UE5/Content/Medieval_Town/Textures/Trims/trim_pavement_01/T_trim_pavement_01_BC.ubulk" 2298
"C:/Users/fritz/OneDrive/Dokumente/Schule/Diplomarbeit/da-conquerthecastle-ue5/UE5/Content/Medieval_Town/Textures/Trims/trim_pavement_01/T_trim_pavement_01_BC.uasset" 2299
"C:/Users/fritz/OneDrive/Dokumente/Schule/Diplomarbeit/da-conquerthecastle-ue5/UE5/Content/Medieval_Town/Textures/Trims/trim_pavement_01/T_trim_pavement_01_BC.uexp" 2300
"C:/Users/fritz/OneDrive/Dokumente/Schule/Diplomarbeit/da-conquerthecastle-ue5/UE5/Content/Medieval_Town/Materials/Instances/Trims/MI_trim_pavement_01_01.uasset" 2301
"C:/Users/fritz/OneDrive/Dokumente/Schule/Diplomarbeit/da-conquerthecastle-ue5/UE5/Content/Medieval_Town/Materials/Instances/Trims/MI_trim_pavement_01_01.uexp" 2302
"C:/Users/fritz/OneDrive/Dokumente/Schule/Diplomarbeit/da-conquerthecastle-ue5/UE5/Content/Medieval_Town/Meshes/Architecture/SM_stairs_01.ubulk" 2303
"C:/Users/fritz/OneDrive/Dokumente/Schule/Diplomarbeit/da-conquerthecastle-ue5/UE5/Content/Medieval_Town/Meshes/Architecture/SM_stairs_01.uasset" 2304
"C:/Users/fritz/OneDrive/Dokumente/Schule/Diplomarbeit/da-conquerthecastle-ue5/UE5/Content/Medieval_Town/Meshes/Architecture/SM_stairs_01.uexp" 2305
"C:/Users/fritz/OneDrive/Dokumente/Schule/Diplomarbeit/da-conquerthecastle-ue5/UE5/Content/Medieval_Town/Textures/HDRI/T_kloofendal_48d_partly_cloudy_puresky_4k.ubulk" 2306
"C:/Users/fritz/OneDrive/Dokumente/Schule/Diplomarbeit/da-conquerthecastle-ue5/UE5/Content/Medieval_Town/Textures/HDRI/T_kloofendal_48d_partly_cloudy_puresky_4k.uasset" 2307
"C:/Users/fritz/OneDrive/Dokumente/Schule/Diplomarbeit/da-conquerthecastle-ue5/UE5/Content/Medieval_Town/Textures/HDRI/T_kloofendal_48d_partly_cloudy_puresky_4k.uexp" 2308
"C:/Users/fritz/OneDrive/Dokumente/Schule/Diplomarbeit/da-conquerthecastle-ue5/UE5/Content/Medieval_Town/Materials/Masters/MM_sky_01.uasset" 2309
"C:/Users/fritz/OneDrive/Dokumente/Schule/Diplomarbeit/da-conquerthecastle-ue5/UE5/Content/Medieval_Town/Materials/Masters/MM_sky_01.uexp" 2310
"C:/Users/fritz/OneDrive/Dokumente/Schule/Diplomarbeit/da-conquerthecastle-ue5/UE5/Content/Medieval_Town/Materials/Instances/tiles/MI_sky_01.uasset" 2311
"C:/Users/fritz/OneDrive/Dokumente/Schule/Diplomarbeit/da-conquerthecastle-ue5/UE5/Content/Medieval_Town/Materials/Instances/tiles/MI_sky_01.uexp" 2312
"C:/Users/fritz/OneDrive/Dokumente/Schule/Diplomarbeit/da-conquerthecastle-ue5/UE5/Content/Medieval_Town/Meshes/Architecture/SM_sphere.ubulk" 2313
"C:/Users/fritz/OneDrive/Dokumente/Schule/Diplomarbeit/da-conquerthecastle-ue5/UE5/Content/Medieval_Town/Meshes/Architecture/SM_sphere.uasset" 2314
"C:/Users/fritz/OneDrive/Dokumente/Schule/Diplomarbeit/da-conquerthecastle-ue5/UE5/Content/Medieval_Town/Meshes/Architecture/SM_sphere.uexp" 2315
"C:/Users/fritz/OneDrive/Dokumente/Schule/Diplomarbeit/da-conquerthecastle-ue5/UE5/Content/Medieval_Town/Materials/Instances/tiles/MI_pavement_01.uasset" 2316
"C:/Users/fritz/OneDrive/Dokumente/Schule/Diplomarbeit/da-conquerthecastle-ue5/UE5/Content/Medieval_Town/Materials/Instances/tiles/MI_pavement_01.uexp" 2317
"C:/Users/fritz/OneDrive/Dokumente/Schule/Diplomarbeit/da-conquerthecastle-ue5/UE5/Content/Medieval_Town/Textures/Tiles/pavement_02/T_pavement_02_N.ubulk" 2318
"C:/Users/fritz/OneDrive/Dokumente/Schule/Diplomarbeit/da-conquerthecastle-ue5/UE5/Content/Medieval_Town/Textures/Tiles/pavement_02/T_pavement_02_N.uasset" 2319
"C:/Users/fritz/OneDrive/Dokumente/Schule/Diplomarbeit/da-conquerthecastle-ue5/UE5/Content/Medieval_Town/Textures/Tiles/pavement_02/T_pavement_02_N.uexp" 2320
"C:/Users/fritz/OneDrive/Dokumente/Schule/Diplomarbeit/da-conquerthecastle-ue5/UE5/Content/Medieval_Town/Textures/Tiles/pavement_02/T_pavement_02_MRA.ubulk" 2321
"C:/Users/fritz/OneDrive/Dokumente/Schule/Diplomarbeit/da-conquerthecastle-ue5/UE5/Content/Medieval_Town/Textures/Tiles/pavement_02/T_pavement_02_MRA.uasset" 2322
"C:/Users/fritz/OneDrive/Dokumente/Schule/Diplomarbeit/da-conquerthecastle-ue5/UE5/Content/Medieval_Town/Textures/Tiles/pavement_02/T_pavement_02_MRA.uexp" 2323
"C:/Users/fritz/OneDrive/Dokumente/Schule/Diplomarbeit/da-conquerthecastle-ue5/UE5/Content/Medieval_Town/Textures/Tiles/pavement_02/T_pavement_02_BC.ubulk" 2324
"C:/Users/fritz/OneDrive/Dokumente/Schule/Diplomarbeit/da-conquerthecastle-ue5/UE5/Content/Medieval_Town/Textures/Tiles/pavement_02/T_pavement_02_BC.uasset" 2325
"C:/Users/fritz/OneDrive/Dokumente/Schule/Diplomarbeit/da-conquerthecastle-ue5/UE5/Content/Medieval_Town/Textures/Tiles/pavement_02/T_pavement_02_BC.uexp" 2326
"C:/Users/fritz/OneDrive/Dokumente/Schule/Diplomarbeit/da-conquerthecastle-ue5/UE5/Content/Medieval_Town/Materials/Instances/tiles/MI_pavement_02.uasset" 2327
"C:/Users/fritz/OneDrive/Dokumente/Schule/Diplomarbeit/da-conquerthecastle-ue5/UE5/Content/Medieval_Town/Materials/Instances/tiles/MI_pavement_02.uexp" 2328
"C:/Users/fritz/OneDrive/Dokumente/Schule/Diplomarbeit/da-conquerthecastle-ue5/UE5/Content/Medieval_Town/Materials/Instances/Trims/MI_trim_pavement_01.uasset" 2329
"C:/Users/fritz/OneDrive/Dokumente/Schule/Diplomarbeit/da-conquerthecastle-ue5/UE5/Content/Medieval_Town/Materials/Instances/Trims/MI_trim_pavement_01.uexp" 2330
"C:/Users/fritz/OneDrive/Dokumente/Schule/Diplomarbeit/da-conquerthecastle-ue5/UE5/Content/Medieval_Town/Materials/Instances/Trims/MI_trim_stone_02.uasset" 2331
"C:/Users/fritz/OneDrive/Dokumente/Schule/Diplomarbeit/da-conquerthecastle-ue5/UE5/Content/Medieval_Town/Materials/Instances/Trims/MI_trim_stone_02.uexp" 2332
"C:/Users/fritz/OneDrive/Dokumente/Schule/Diplomarbeit/da-conquerthecastle-ue5/UE5/Content/Medieval_Town/Meshes/Architecture/SM_ground_01.ubulk" 2333
"C:/Users/fritz/OneDrive/Dokumente/Schule/Diplomarbeit/da-conquerthecastle-ue5/UE5/Content/Medieval_Town/Meshes/Architecture/SM_ground_01.uasset" 2334
"C:/Users/fritz/OneDrive/Dokumente/Schule/Diplomarbeit/da-conquerthecastle-ue5/UE5/Content/Medieval_Town/Meshes/Architecture/SM_ground_01.uexp" 2335
"C:/Users/fritz/OneDrive/Dokumente/Schule/Diplomarbeit/da-conquerthecastle-ue5/UE5/Content/Medieval_Town/Meshes/Architecture/SM_fence_column_02.ubulk" 2336
"C:/Users/fritz/OneDrive/Dokumente/Schule/Diplomarbeit/da-conquerthecastle-ue5/UE5/Content/Medieval_Town/Meshes/Architecture/SM_fence_column_02.uasset" 2337
"C:/Users/fritz/OneDrive/Dokumente/Schule/Diplomarbeit/da-conquerthecastle-ue5/UE5/Content/Medieval_Town/Meshes/Architecture/SM_fence_column_02.uexp" 2338
"C:/Users/fritz/OneDrive/Dokumente/Schule/Diplomarbeit/da-conquerthecastle-ue5/UE5/Content/Medieval_Town/Meshes/Architecture/SM_fence_column_01.ubulk" 2339
"C:/Users/fritz/OneDrive/Dokumente/Schule/Diplomarbeit/da-conquerthecastle-ue5/UE5/Content/Medieval_Town/Meshes/Architecture/SM_fence_column_01.uasset" 2340
"C:/Users/fritz/OneDrive/Dokumente/Schule/Diplomarbeit/da-conquerthecastle-ue5/UE5/Content/Medieval_Town/Meshes/Architecture/SM_fence_column_01.uexp" 2341
"C:/Users/fritz/OneDrive/Dokumente/Schule/Diplomarbeit/da-conquerthecastle-ue5/UE5/Content/Medieval_Town/Meshes/Architecture/SM_fence_6m_02.ubulk" 2342
"C:/Users/fritz/OneDrive/Dokumente/Schule/Diplomarbeit/da-conquerthecastle-ue5/UE5/Content/Medieval_Town/Meshes/Architecture/SM_fence_6m_02.uasset" 2343
"C:/Users/fritz/OneDrive/Dokumente/Schule/Diplomarbeit/da-conquerthecastle-ue5/UE5/Content/Medieval_Town/Meshes/Architecture/SM_fence_6m_02.uexp" 2344
"C:/Users/fritz/OneDrive/Dokumente/Schule/Diplomarbeit/da-conquerthecastle-ue5/UE5/Content/Medieval_Town/Meshes/Architecture/SM_fence_6m_01.ubulk" 2345
"C:/Users/fritz/OneDrive/Dokumente/Schule/Diplomarbeit/da-conquerthecastle-ue5/UE5/Content/Medieval_Town/Meshes/Architecture/SM_fence_6m_01.uasset" 2346
"C:/Users/fritz/OneDrive/Dokumente/Schule/Diplomarbeit/da-conquerthecastle-ue5/UE5/Content/Medieval_Town/Meshes/Architecture/SM_fence_6m_01.uexp" 2347
"C:/Users/fritz/OneDrive/Dokumente/Schule/Diplomarbeit/da-conquerthecastle-ue5/UE5/Content/Medieval_Town/Meshes/Architecture/SM_fence_4m_01.ubulk" 2348
"C:/Users/fritz/OneDrive/Dokumente/Schule/Diplomarbeit/da-conquerthecastle-ue5/UE5/Content/Medieval_Town/Meshes/Architecture/SM_fence_4m_01.uasset" 2349
"C:/Users/fritz/OneDrive/Dokumente/Schule/Diplomarbeit/da-conquerthecastle-ue5/UE5/Content/Medieval_Town/Meshes/Architecture/SM_fence_4m_01.uexp" 2350
"C:/Users/fritz/OneDrive/Dokumente/Schule/Diplomarbeit/da-conquerthecastle-ue5/UE5/Content/Medieval_Town/Meshes/Architecture/SM_fence_2m_03.ubulk" 2351
"C:/Users/fritz/OneDrive/Dokumente/Schule/Diplomarbeit/da-conquerthecastle-ue5/UE5/Content/Medieval_Town/Meshes/Architecture/SM_fence_2m_03.uasset" 2352
"C:/Users/fritz/OneDrive/Dokumente/Schule/Diplomarbeit/da-conquerthecastle-ue5/UE5/Content/Medieval_Town/Meshes/Architecture/SM_fence_2m_03.uexp" 2353
"C:/Users/fritz/OneDrive/Dokumente/Schule/Diplomarbeit/da-conquerthecastle-ue5/UE5/Content/Medieval_Town/Meshes/Architecture/SM_fence_03_05.ubulk" 2354
"C:/Users/fritz/OneDrive/Dokumente/Schule/Diplomarbeit/da-conquerthecastle-ue5/UE5/Content/Medieval_Town/Meshes/Architecture/SM_fence_03_05.uasset" 2355
"C:/Users/fritz/OneDrive/Dokumente/Schule/Diplomarbeit/da-conquerthecastle-ue5/UE5/Content/Medieval_Town/Meshes/Architecture/SM_fence_03_05.uexp" 2356
"C:/Users/fritz/OneDrive/Dokumente/Schule/Diplomarbeit/da-conquerthecastle-ue5/UE5/Content/Medieval_Town/Meshes/Architecture/SM_fence_03_04.ubulk" 2357
"C:/Users/fritz/OneDrive/Dokumente/Schule/Diplomarbeit/da-conquerthecastle-ue5/UE5/Content/Medieval_Town/Meshes/Architecture/SM_fence_03_04.uasset" 2358
"C:/Users/fritz/OneDrive/Dokumente/Schule/Diplomarbeit/da-conquerthecastle-ue5/UE5/Content/Medieval_Town/Meshes/Architecture/SM_fence_03_04.uexp" 2359
"C:/Users/fritz/OneDrive/Dokumente/Schule/Diplomarbeit/da-conquerthecastle-ue5/UE5/Content/Medieval_Town/Meshes/Architecture/SM_fence_03_03.ubulk" 2360
"C:/Users/fritz/OneDrive/Dokumente/Schule/Diplomarbeit/da-conquerthecastle-ue5/UE5/Content/Medieval_Town/Meshes/Architecture/SM_fence_03_03.uasset" 2361
"C:/Users/fritz/OneDrive/Dokumente/Schule/Diplomarbeit/da-conquerthecastle-ue5/UE5/Content/Medieval_Town/Meshes/Architecture/SM_fence_03_03.uexp" 2362
"C:/Users/fritz/OneDrive/Dokumente/Schule/Diplomarbeit/da-conquerthecastle-ue5/UE5/Content/Medieval_Town/Meshes/Architecture/SM_fence_03_02.ubulk" 2363
"C:/Users/fritz/OneDrive/Dokumente/Schule/Diplomarbeit/da-conquerthecastle-ue5/UE5/Content/Medieval_Town/Meshes/Architecture/SM_fence_03_02.uasset" 2364
"C:/Users/fritz/OneDrive/Dokumente/Schule/Diplomarbeit/da-conquerthecastle-ue5/UE5/Content/Medieval_Town/Meshes/Architecture/SM_fence_03_02.uexp" 2365
"C:/Users/fritz/OneDrive/Dokumente/Schule/Diplomarbeit/da-conquerthecastle-ue5/UE5/Content/Medieval_Town/Meshes/Architecture/SM_fence_03_01.ubulk" 2366
"C:/Users/fritz/OneDrive/Dokumente/Schule/Diplomarbeit/da-conquerthecastle-ue5/UE5/Content/Medieval_Town/Meshes/Architecture/SM_fence_03_01.uasset" 2367
"C:/Users/fritz/OneDrive/Dokumente/Schule/Diplomarbeit/da-conquerthecastle-ue5/UE5/Content/Medieval_Town/Meshes/Architecture/SM_fence_03_01.uexp" 2368
"C:/Users/fritz/OneDrive/Dokumente/Schule/Diplomarbeit/da-conquerthecastle-ue5/UE5/Content/Medieval_Town/Meshes/Architecture/SM_arch_02.ubulk" 2369
"C:/Users/fritz/OneDrive/Dokumente/Schule/Diplomarbeit/da-conquerthecastle-ue5/UE5/Content/Medieval_Town/Meshes/Architecture/SM_arch_02.uasset" 2370
"C:/Users/fritz/OneDrive/Dokumente/Schule/Diplomarbeit/da-conquerthecastle-ue5/UE5/Content/Medieval_Town/Meshes/Architecture/SM_arch_02.uexp" 2371
"C:/Users/fritz/OneDrive/Dokumente/Schule/Diplomarbeit/da-conquerthecastle-ue5/UE5/Content/Medieval_Town/Meshes/Architecture/SM_arch_01.ubulk" 2372
"C:/Users/fritz/OneDrive/Dokumente/Schule/Diplomarbeit/da-conquerthecastle-ue5/UE5/Content/Medieval_Town/Meshes/Architecture/SM_arch_01.uasset" 2373
"C:/Users/fritz/OneDrive/Dokumente/Schule/Diplomarbeit/da-conquerthecastle-ue5/UE5/Content/Medieval_Town/Meshes/Architecture/SM_arch_01.uexp" 2374
"C:/Users/fritz/OneDrive/Dokumente/Schule/Diplomarbeit/da-conquerthecastle-ue5/UE5/Content/Medieval_Town/Materials/Instances/MI_wagon_01_yellow.uasset" 2375
"C:/Users/fritz/OneDrive/Dokumente/Schule/Diplomarbeit/da-conquerthecastle-ue5/UE5/Content/Medieval_Town/Materials/Instances/MI_wagon_01_yellow.uexp" 2376
"C:/Users/fritz/OneDrive/Dokumente/Schule/Diplomarbeit/da-conquerthecastle-ue5/UE5/Content/Medieval_Town/Materials/Instances/MI_wagon_01_orange.uasset" 2377
"C:/Users/fritz/OneDrive/Dokumente/Schule/Diplomarbeit/da-conquerthecastle-ue5/UE5/Content/Medieval_Town/Materials/Instances/MI_wagon_01_orange.uexp" 2378
"C:/Users/fritz/OneDrive/Dokumente/Schule/Diplomarbeit/da-conquerthecastle-ue5/UE5/Content/Medieval_Town/Materials/Instances/MI_fabric_01_yellow.uasset" 2379
"C:/Users/fritz/OneDrive/Dokumente/Schule/Diplomarbeit/da-conquerthecastle-ue5/UE5/Content/Medieval_Town/Materials/Instances/MI_fabric_01_yellow.uexp" 2380
"C:/Users/fritz/OneDrive/Dokumente/Schule/Diplomarbeit/da-conquerthecastle-ue5/UE5/Content/Medieval_Town/Textures/Utility/T_mask_dirt_03.ubulk" 2381
"C:/Users/fritz/OneDrive/Dokumente/Schule/Diplomarbeit/da-conquerthecastle-ue5/UE5/Content/Medieval_Town/Textures/Utility/T_mask_dirt_03.uasset" 2382
"C:/Users/fritz/OneDrive/Dokumente/Schule/Diplomarbeit/da-conquerthecastle-ue5/UE5/Content/Medieval_Town/Textures/Utility/T_mask_dirt_03.uexp" 2383
"C:/Users/fritz/OneDrive/Dokumente/Schule/Diplomarbeit/da-conquerthecastle-ue5/UE5/Content/Medieval_Town/Materials/Masters/MM_decal_signs.uasset" 2384
"C:/Users/fritz/OneDrive/Dokumente/Schule/Diplomarbeit/da-conquerthecastle-ue5/UE5/Content/Medieval_Town/Materials/Masters/MM_decal_signs.uexp" 2385
"C:/Users/fritz/OneDrive/Dokumente/Schule/Diplomarbeit/da-conquerthecastle-ue5/UE5/Content/Medieval_Town/Textures/Decals/decal_signs_02/T_decal_signs_02.ubulk" 2386
"C:/Users/fritz/OneDrive/Dokumente/Schule/Diplomarbeit/da-conquerthecastle-ue5/UE5/Content/Medieval_Town/Textures/Decals/decal_signs_02/T_decal_signs_02.uasset" 2387
"C:/Users/fritz/OneDrive/Dokumente/Schule/Diplomarbeit/da-conquerthecastle-ue5/UE5/Content/Medieval_Town/Textures/Decals/decal_signs_02/T_decal_signs_02.uexp" 2388
"C:/Users/fritz/OneDrive/Dokumente/Schule/Diplomarbeit/da-conquerthecastle-ue5/UE5/Content/Medieval_Town/Materials/Decals/MI_sign_02_sunday.uasset" 2389
"C:/Users/fritz/OneDrive/Dokumente/Schule/Diplomarbeit/da-conquerthecastle-ue5/UE5/Content/Medieval_Town/Materials/Decals/MI_sign_02_sunday.uexp" 2390
"C:/Users/fritz/OneDrive/Dokumente/Schule/Diplomarbeit/da-conquerthecastle-ue5/UE5/Content/Medieval_Town/Materials/Decals/MI_sign_02_sad_mule.uasset" 2391
"C:/Users/fritz/OneDrive/Dokumente/Schule/Diplomarbeit/da-conquerthecastle-ue5/UE5/Content/Medieval_Town/Materials/Decals/MI_sign_02_sad_mule.uexp" 2392
"C:/Users/fritz/OneDrive/Dokumente/Schule/Diplomarbeit/da-conquerthecastle-ue5/UE5/Content/Medieval_Town/Materials/Decals/MI_sign_02_harvest.uasset" 2393
"C:/Users/fritz/OneDrive/Dokumente/Schule/Diplomarbeit/da-conquerthecastle-ue5/UE5/Content/Medieval_Town/Materials/Decals/MI_sign_02_harvest.uexp" 2394
"C:/Users/fritz/OneDrive/Dokumente/Schule/Diplomarbeit/da-conquerthecastle-ue5/UE5/Content/Medieval_Town/Materials/Decals/MI_sign_02_forsale.uasset" 2395
"C:/Users/fritz/OneDrive/Dokumente/Schule/Diplomarbeit/da-conquerthecastle-ue5/UE5/Content/Medieval_Town/Materials/Decals/MI_sign_02_forsale.uexp" 2396
"C:/Users/fritz/OneDrive/Dokumente/Schule/Diplomarbeit/da-conquerthecastle-ue5/UE5/Content/Medieval_Town/Materials/Decals/MI_sign_02_fest.uasset" 2397
"C:/Users/fritz/OneDrive/Dokumente/Schule/Diplomarbeit/da-conquerthecastle-ue5/UE5/Content/Medieval_Town/Materials/Decals/MI_sign_02_fest.uexp" 2398
"C:/Users/fritz/OneDrive/Dokumente/Schule/Diplomarbeit/da-conquerthecastle-ue5/UE5/Content/Medieval_Town/Materials/Decals/MI_sign_02_easter.uasset" 2399
"C:/Users/fritz/OneDrive/Dokumente/Schule/Diplomarbeit/da-conquerthecastle-ue5/UE5/Content/Medieval_Town/Materials/Decals/MI_sign_02_easter.uexp" 2400
"C:/Users/fritz/OneDrive/Dokumente/Schule/Diplomarbeit/da-conquerthecastle-ue5/UE5/Content/Medieval_Town/Textures/Decals/decal_signs_01/T_decal_signs_01.ubulk" 2401
"C:/Users/fritz/OneDrive/Dokumente/Schule/Diplomarbeit/da-conquerthecastle-ue5/UE5/Content/Medieval_Town/Textures/Decals/decal_signs_01/T_decal_signs_01.uasset" 2402
"C:/Users/fritz/OneDrive/Dokumente/Schule/Diplomarbeit/da-conquerthecastle-ue5/UE5/Content/Medieval_Town/Textures/Decals/decal_signs_01/T_decal_signs_01.uexp" 2403
"C:/Users/fritz/OneDrive/Dokumente/Schule/Diplomarbeit/da-conquerthecastle-ue5/UE5/Content/Medieval_Town/Materials/Decals/MI_sign_01_vegetables.uasset" 2404
"C:/Users/fritz/OneDrive/Dokumente/Schule/Diplomarbeit/da-conquerthecastle-ue5/UE5/Content/Medieval_Town/Materials/Decals/MI_sign_01_vegetables.uexp" 2405
"C:/Users/fritz/OneDrive/Dokumente/Schule/Diplomarbeit/da-conquerthecastle-ue5/UE5/Content/Medieval_Town/Materials/Decals/MI_sign_01_rent.uasset" 2406
"C:/Users/fritz/OneDrive/Dokumente/Schule/Diplomarbeit/da-conquerthecastle-ue5/UE5/Content/Medieval_Town/Materials/Decals/MI_sign_01_rent.uexp" 2407
"C:/Users/fritz/OneDrive/Dokumente/Schule/Diplomarbeit/da-conquerthecastle-ue5/UE5/Content/Medieval_Town/Materials/Decals/MI_sign_01_meat.uasset" 2408
"C:/Users/fritz/OneDrive/Dokumente/Schule/Diplomarbeit/da-conquerthecastle-ue5/UE5/Content/Medieval_Town/Materials/Decals/MI_sign_01_meat.uexp" 2409
"C:/Users/fritz/OneDrive/Dokumente/Schule/Diplomarbeit/da-conquerthecastle-ue5/UE5/Content/Medieval_Town/Materials/Decals/MI_sign_01_market.uasset" 2410
"C:/Users/fritz/OneDrive/Dokumente/Schule/Diplomarbeit/da-conquerthecastle-ue5/UE5/Content/Medieval_Town/Materials/Decals/MI_sign_01_market.uexp" 2411
"C:/Users/fritz/OneDrive/Dokumente/Schule/Diplomarbeit/da-conquerthecastle-ue5/UE5/Content/Medieval_Town/Materials/Decals/MI_sign_01_coffins.uasset" 2412
"C:/Users/fritz/OneDrive/Dokumente/Schule/Diplomarbeit/da-conquerthecastle-ue5/UE5/Content/Medieval_Town/Materials/Decals/MI_sign_01_coffins.uexp" 2413
"C:/Users/fritz/OneDrive/Dokumente/Schule/Diplomarbeit/da-conquerthecastle-ue5/UE5/Content/Medieval_Town/Materials/Decals/MI_sign_01_blacksmith.uasset" 2414
"C:/Users/fritz/OneDrive/Dokumente/Schule/Diplomarbeit/da-conquerthecastle-ue5/UE5/Content/Medieval_Town/Materials/Decals/MI_sign_01_blacksmith.uexp" 2415
"C:/Users/fritz/OneDrive/Dokumente/Schule/Diplomarbeit/da-conquerthecastle-ue5/UE5/Content/Medieval_Town/Materials/Masters/MM_decal_tint.uasset" 2416
"C:/Users/fritz/OneDrive/Dokumente/Schule/Diplomarbeit/da-conquerthecastle-ue5/UE5/Content/Medieval_Town/Materials/Masters/MM_decal_tint.uexp" 2417
"C:/Users/fritz/OneDrive/Dokumente/Schule/Diplomarbeit/da-conquerthecastle-ue5/UE5/Content/Medieval_Town/Textures/Decals/decal_signs_05/T_signs_05.ubulk" 2418
"C:/Users/fritz/OneDrive/Dokumente/Schule/Diplomarbeit/da-conquerthecastle-ue5/UE5/Content/Medieval_Town/Textures/Decals/decal_signs_05/T_signs_05.uasset" 2419
"C:/Users/fritz/OneDrive/Dokumente/Schule/Diplomarbeit/da-conquerthecastle-ue5/UE5/Content/Medieval_Town/Textures/Decals/decal_signs_05/T_signs_05.uexp" 2420
"C:/Users/fritz/OneDrive/Dokumente/Schule/Diplomarbeit/da-conquerthecastle-ue5/UE5/Content/Medieval_Town/Materials/Decals/MI_signs_05_black.uasset" 2421
"C:/Users/fritz/OneDrive/Dokumente/Schule/Diplomarbeit/da-conquerthecastle-ue5/UE5/Content/Medieval_Town/Materials/Decals/MI_signs_05_black.uexp" 2422
"C:/Users/fritz/OneDrive/Dokumente/Schule/Diplomarbeit/da-conquerthecastle-ue5/UE5/Content/Medieval_Town/Materials/Decals/MI_signs_05.uasset" 2423
"C:/Users/fritz/OneDrive/Dokumente/Schule/Diplomarbeit/da-conquerthecastle-ue5/UE5/Content/Medieval_Town/Materials/Decals/MI_signs_05.uexp" 2424
"C:/Users/fritz/OneDrive/Dokumente/Schule/Diplomarbeit/da-conquerthecastle-ue5/UE5/Content/Medieval_Town/Textures/Decals/decal_signs_04/T_signs_04.ubulk" 2425
"C:/Users/fritz/OneDrive/Dokumente/Schule/Diplomarbeit/da-conquerthecastle-ue5/UE5/Content/Medieval_Town/Textures/Decals/decal_signs_04/T_signs_04.uasset" 2426
"C:/Users/fritz/OneDrive/Dokumente/Schule/Diplomarbeit/da-conquerthecastle-ue5/UE5/Content/Medieval_Town/Textures/Decals/decal_signs_04/T_signs_04.uexp" 2427
"C:/Users/fritz/OneDrive/Dokumente/Schule/Diplomarbeit/da-conquerthecastle-ue5/UE5/Content/Medieval_Town/Materials/Decals/MI_signs_04.uasset" 2428
"C:/Users/fritz/OneDrive/Dokumente/Schule/Diplomarbeit/da-conquerthecastle-ue5/UE5/Content/Medieval_Town/Materials/Decals/MI_signs_04.uexp" 2429
"C:/Users/fritz/OneDrive/Dokumente/Schule/Diplomarbeit/da-conquerthecastle-ue5/UE5/Content/Medieval_Town/Textures/Decals/decal_signs_03/T_signs_03.ubulk" 2430
"C:/Users/fritz/OneDrive/Dokumente/Schule/Diplomarbeit/da-conquerthecastle-ue5/UE5/Content/Medieval_Town/Textures/Decals/decal_signs_03/T_signs_03.uasset" 2431
"C:/Users/fritz/OneDrive/Dokumente/Schule/Diplomarbeit/da-conquerthecastle-ue5/UE5/Content/Medieval_Town/Textures/Decals/decal_signs_03/T_signs_03.uexp" 2432
"C:/Users/fritz/OneDrive/Dokumente/Schule/Diplomarbeit/da-conquerthecastle-ue5/UE5/Content/Medieval_Town/Materials/Decals/MI_signs_03.uasset" 2433
"C:/Users/fritz/OneDrive/Dokumente/Schule/Diplomarbeit/da-conquerthecastle-ue5/UE5/Content/Medieval_Town/Materials/Decals/MI_signs_03.uexp" 2434
"C:/Users/fritz/OneDrive/Dokumente/Schule/Diplomarbeit/da-conquerthecastle-ue5/UE5/Content/Medieval_Town/Textures/Decals/decal_water_01/T_decal_water_01_N.ubulk" 2435
"C:/Users/fritz/OneDrive/Dokumente/Schule/Diplomarbeit/da-conquerthecastle-ue5/UE5/Content/Medieval_Town/Textures/Decals/decal_water_01/T_decal_water_01_N.uasset" 2436
"C:/Users/fritz/OneDrive/Dokumente/Schule/Diplomarbeit/da-conquerthecastle-ue5/UE5/Content/Medieval_Town/Textures/Decals/decal_water_01/T_decal_water_01_N.uexp" 2437
"C:/Users/fritz/OneDrive/Dokumente/Schule/Diplomarbeit/da-conquerthecastle-ue5/UE5/Content/Medieval_Town/Textures/Decals/decal_water_01/T_decal_water_01_BC.ubulk" 2438
"C:/Users/fritz/OneDrive/Dokumente/Schule/Diplomarbeit/da-conquerthecastle-ue5/UE5/Content/Medieval_Town/Textures/Decals/decal_water_01/T_decal_water_01_BC.uasset" 2439
"C:/Users/fritz/OneDrive/Dokumente/Schule/Diplomarbeit/da-conquerthecastle-ue5/UE5/Content/Medieval_Town/Textures/Decals/decal_water_01/T_decal_water_01_BC.uexp" 2440
"C:/Users/fritz/OneDrive/Dokumente/Schule/Diplomarbeit/da-conquerthecastle-ue5/UE5/Content/Medieval_Town/Materials/Decals/MI_decal_wet_01.uasset" 2441
"C:/Users/fritz/OneDrive/Dokumente/Schule/Diplomarbeit/da-conquerthecastle-ue5/UE5/Content/Medieval_Town/Materials/Decals/MI_decal_wet_01.uexp" 2442
"C:/Users/fritz/OneDrive/Dokumente/Schule/Diplomarbeit/da-conquerthecastle-ue5/UE5/Content/Medieval_Town/Textures/Decals/decal_straw_02/T_decal_straw_02_N.ubulk" 2443
"C:/Users/fritz/OneDrive/Dokumente/Schule/Diplomarbeit/da-conquerthecastle-ue5/UE5/Content/Medieval_Town/Textures/Decals/decal_straw_02/T_decal_straw_02_N.uasset" 2444
"C:/Users/fritz/OneDrive/Dokumente/Schule/Diplomarbeit/da-conquerthecastle-ue5/UE5/Content/Medieval_Town/Textures/Decals/decal_straw_02/T_decal_straw_02_N.uexp" 2445
"C:/Users/fritz/OneDrive/Dokumente/Schule/Diplomarbeit/da-conquerthecastle-ue5/UE5/Content/Medieval_Town/Textures/Decals/decal_straw_02/T_decal_straw_02_MRA.ubulk" 2446
"C:/Users/fritz/OneDrive/Dokumente/Schule/Diplomarbeit/da-conquerthecastle-ue5/UE5/Content/Medieval_Town/Textures/Decals/decal_straw_02/T_decal_straw_02_MRA.uasset" 2447
"C:/Users/fritz/OneDrive/Dokumente/Schule/Diplomarbeit/da-conquerthecastle-ue5/UE5/Content/Medieval_Town/Textures/Decals/decal_straw_02/T_decal_straw_02_MRA.uexp" 2448
"C:/Users/fritz/OneDrive/Dokumente/Schule/Diplomarbeit/da-conquerthecastle-ue5/UE5/Content/Medieval_Town/Textures/Decals/decal_straw_02/T_decal_straw_02_BC.ubulk" 2449
"C:/Users/fritz/OneDrive/Dokumente/Schule/Diplomarbeit/da-conquerthecastle-ue5/UE5/Content/Medieval_Town/Textures/Decals/decal_straw_02/T_decal_straw_02_BC.uasset" 2450
"C:/Users/fritz/OneDrive/Dokumente/Schule/Diplomarbeit/da-conquerthecastle-ue5/UE5/Content/Medieval_Town/Textures/Decals/decal_straw_02/T_decal_straw_02_BC.uexp" 2451
"C:/Users/fritz/OneDrive/Dokumente/Schule/Diplomarbeit/da-conquerthecastle-ue5/UE5/Content/Medieval_Town/Materials/Decals/MI_decal_straw_02.uasset" 2452
"C:/Users/fritz/OneDrive/Dokumente/Schule/Diplomarbeit/da-conquerthecastle-ue5/UE5/Content/Medieval_Town/Materials/Decals/MI_decal_straw_02.uexp" 2453
"C:/Users/fritz/OneDrive/Dokumente/Schule/Diplomarbeit/da-conquerthecastle-ue5/UE5/Content/Medieval_Town/Textures/Decals/decal_straw_01/T_decal_straw_01_N.ubulk" 2454
"C:/Users/fritz/OneDrive/Dokumente/Schule/Diplomarbeit/da-conquerthecastle-ue5/UE5/Content/Medieval_Town/Textures/Decals/decal_straw_01/T_decal_straw_01_N.uasset" 2455
"C:/Users/fritz/OneDrive/Dokumente/Schule/Diplomarbeit/da-conquerthecastle-ue5/UE5/Content/Medieval_Town/Textures/Decals/decal_straw_01/T_decal_straw_01_N.uexp" 2456
"C:/Users/fritz/OneDrive/Dokumente/Schule/Diplomarbeit/da-conquerthecastle-ue5/UE5/Content/Medieval_Town/Textures/Decals/decal_straw_01/T_decal_straw_01_MRA.ubulk" 2457
"C:/Users/fritz/OneDrive/Dokumente/Schule/Diplomarbeit/da-conquerthecastle-ue5/UE5/Content/Medieval_Town/Textures/Decals/decal_straw_01/T_decal_straw_01_MRA.uasset" 2458
"C:/Users/fritz/OneDrive/Dokumente/Schule/Diplomarbeit/da-conquerthecastle-ue5/UE5/Content/Medieval_Town/Textures/Decals/decal_straw_01/T_decal_straw_01_MRA.uexp" 2459
"C:/Users/fritz/OneDrive/Dokumente/Schule/Diplomarbeit/da-conquerthecastle-ue5/UE5/Content/Medieval_Town/Textures/Decals/decal_straw_01/T_decal_straw_01_BC.ubulk" 2460
"C:/Users/fritz/OneDrive/Dokumente/Schule/Diplomarbeit/da-conquerthecastle-ue5/UE5/Content/Medieval_Town/Textures/Decals/decal_straw_01/T_decal_straw_01_BC.uasset" 2461
"C:/Users/fritz/OneDrive/Dokumente/Schule/Diplomarbeit/da-conquerthecastle-ue5/UE5/Content/Medieval_Town/Textures/Decals/decal_straw_01/T_decal_straw_01_BC.uexp" 2462
"C:/Users/fritz/OneDrive/Dokumente/Schule/Diplomarbeit/da-conquerthecastle-ue5/UE5/Content/Medieval_Town/Materials/Decals/MI_decal_straw_01.uasset" 2463
"C:/Users/fritz/OneDrive/Dokumente/Schule/Diplomarbeit/da-conquerthecastle-ue5/UE5/Content/Medieval_Town/Materials/Decals/MI_decal_straw_01.uexp" 2464
"C:/Users/fritz/OneDrive/Dokumente/Schule/Diplomarbeit/da-conquerthecastle-ue5/UE5/Content/Medieval_Town/Textures/Decals/decal_soot_01/T_decal_soot_01.ubulk" 2465
"C:/Users/fritz/OneDrive/Dokumente/Schule/Diplomarbeit/da-conquerthecastle-ue5/UE5/Content/Medieval_Town/Textures/Decals/decal_soot_01/T_decal_soot_01.uasset" 2466
"C:/Users/fritz/OneDrive/Dokumente/Schule/Diplomarbeit/da-conquerthecastle-ue5/UE5/Content/Medieval_Town/Textures/Decals/decal_soot_01/T_decal_soot_01.uexp" 2467
"C:/Users/fritz/OneDrive/Dokumente/Schule/Diplomarbeit/da-conquerthecastle-ue5/UE5/Content/Medieval_Town/Textures/Decals/decal_dirt_01/T_decal_dirt_01_N.ubulk" 2468
"C:/Users/fritz/OneDrive/Dokumente/Schule/Diplomarbeit/da-conquerthecastle-ue5/UE5/Content/Medieval_Town/Textures/Decals/decal_dirt_01/T_decal_dirt_01_N.uasset" 2469
"C:/Users/fritz/OneDrive/Dokumente/Schule/Diplomarbeit/da-conquerthecastle-ue5/UE5/Content/Medieval_Town/Textures/Decals/decal_dirt_01/T_decal_dirt_01_N.uexp" 2470
"C:/Users/fritz/OneDrive/Dokumente/Schule/Diplomarbeit/da-conquerthecastle-ue5/UE5/Content/Medieval_Town/Textures/Decals/decal_dirt_01/T_decal_dirt_01_MRA.ubulk" 2471
"C:/Users/fritz/OneDrive/Dokumente/Schule/Diplomarbeit/da-conquerthecastle-ue5/UE5/Content/Medieval_Town/Textures/Decals/decal_dirt_01/T_decal_dirt_01_MRA.uasset" 2472
"C:/Users/fritz/OneDrive/Dokumente/Schule/Diplomarbeit/da-conquerthecastle-ue5/UE5/Content/Medieval_Town/Textures/Decals/decal_dirt_01/T_decal_dirt_01_MRA.uexp" 2473
"C:/Users/fritz/OneDrive/Dokumente/Schule/Diplomarbeit/da-conquerthecastle-ue5/UE5/Content/Medieval_Town/Materials/Decals/MI_decal_soot_01.uasset" 2474
"C:/Users/fritz/OneDrive/Dokumente/Schule/Diplomarbeit/da-conquerthecastle-ue5/UE5/Content/Medieval_Town/Materials/Decals/MI_decal_soot_01.uexp" 2475
"C:/Users/fritz/OneDrive/Dokumente/Schule/Diplomarbeit/da-conquerthecastle-ue5/UE5/Content/Medieval_Town/Textures/Decals/decal_patch_01/T_patch_01_N.ubulk" 2476
"C:/Users/fritz/OneDrive/Dokumente/Schule/Diplomarbeit/da-conquerthecastle-ue5/UE5/Content/Medieval_Town/Textures/Decals/decal_patch_01/T_patch_01_N.uasset" 2477
"C:/Users/fritz/OneDrive/Dokumente/Schule/Diplomarbeit/da-conquerthecastle-ue5/UE5/Content/Medieval_Town/Textures/Decals/decal_patch_01/T_patch_01_N.uexp" 2478
"C:/Users/fritz/OneDrive/Dokumente/Schule/Diplomarbeit/da-conquerthecastle-ue5/UE5/Content/Medieval_Town/Textures/Decals/decal_patch_01/T_patch_01_MRA.ubulk" 2479
"C:/Users/fritz/OneDrive/Dokumente/Schule/Diplomarbeit/da-conquerthecastle-ue5/UE5/Content/Medieval_Town/Textures/Decals/decal_patch_01/T_patch_01_MRA.uasset" 2480
"C:/Users/fritz/OneDrive/Dokumente/Schule/Diplomarbeit/da-conquerthecastle-ue5/UE5/Content/Medieval_Town/Textures/Decals/decal_patch_01/T_patch_01_MRA.uexp" 2481
"C:/Users/fritz/OneDrive/Dokumente/Schule/Diplomarbeit/da-conquerthecastle-ue5/UE5/Content/Medieval_Town/Textures/Decals/decal_patch_01/T_patch_01_BC.ubulk" 2482
"C:/Users/fritz/OneDrive/Dokumente/Schule/Diplomarbeit/da-conquerthecastle-ue5/UE5/Content/Medieval_Town/Textures/Decals/decal_patch_01/T_patch_01_BC.uasset" 2483
"C:/Users/fritz/OneDrive/Dokumente/Schule/Diplomarbeit/da-conquerthecastle-ue5/UE5/Content/Medieval_Town/Textures/Decals/decal_patch_01/T_patch_01_BC.uexp" 2484
"C:/Users/fritz/OneDrive/Dokumente/Schule/Diplomarbeit/da-conquerthecastle-ue5/UE5/Content/Medieval_Town/Materials/Decals/MI_decal_patch_01.uasset" 2485
"C:/Users/fritz/OneDrive/Dokumente/Schule/Diplomarbeit/da-conquerthecastle-ue5/UE5/Content/Medieval_Town/Materials/Decals/MI_decal_patch_01.uexp" 2486
"C:/Users/fritz/OneDrive/Dokumente/Schule/Diplomarbeit/da-conquerthecastle-ue5/UE5/Content/Medieval_Town/Textures/Decals/decal_flowers_01/T_decal_flowers_01_N.ubulk" 2487
"C:/Users/fritz/OneDrive/Dokumente/Schule/Diplomarbeit/da-conquerthecastle-ue5/UE5/Content/Medieval_Town/Textures/Decals/decal_flowers_01/T_decal_flowers_01_N.uasset" 2488
"C:/Users/fritz/OneDrive/Dokumente/Schule/Diplomarbeit/da-conquerthecastle-ue5/UE5/Content/Medieval_Town/Textures/Decals/decal_flowers_01/T_decal_flowers_01_N.uexp" 2489
"C:/Users/fritz/OneDrive/Dokumente/Schule/Diplomarbeit/da-conquerthecastle-ue5/UE5/Content/Medieval_Town/Textures/Decals/decal_flowers_01/T_decal_flowers_01_MRA.ubulk" 2490
"C:/Users/fritz/OneDrive/Dokumente/Schule/Diplomarbeit/da-conquerthecastle-ue5/UE5/Content/Medieval_Town/Textures/Decals/decal_flowers_01/T_decal_flowers_01_MRA.uasset" 2491
"C:/Users/fritz/OneDrive/Dokumente/Schule/Diplomarbeit/da-conquerthecastle-ue5/UE5/Content/Medieval_Town/Textures/Decals/decal_flowers_01/T_decal_flowers_01_MRA.uexp" 2492
"C:/Users/fritz/OneDrive/Dokumente/Schule/Diplomarbeit/da-conquerthecastle-ue5/UE5/Content/Medieval_Town/Textures/Decals/decal_flowers_01/T_decal_flowers_01_BC.ubulk" 2493
"C:/Users/fritz/OneDrive/Dokumente/Schule/Diplomarbeit/da-conquerthecastle-ue5/UE5/Content/Medieval_Town/Textures/Decals/decal_flowers_01/T_decal_flowers_01_BC.uasset" 2494
"C:/Users/fritz/OneDrive/Dokumente/Schule/Diplomarbeit/da-conquerthecastle-ue5/UE5/Content/Medieval_Town/Textures/Decals/decal_flowers_01/T_decal_flowers_01_BC.uexp" 2495
"C:/Users/fritz/OneDrive/Dokumente/Schule/Diplomarbeit/da-conquerthecastle-ue5/UE5/Content/Medieval_Town/Materials/Decals/MI_decal_flowers_01.uasset" 2496
"C:/Users/fritz/OneDrive/Dokumente/Schule/Diplomarbeit/da-conquerthecastle-ue5/UE5/Content/Medieval_Town/Materials/Decals/MI_decal_flowers_01.uexp" 2497
"C:/Users/fritz/OneDrive/Dokumente/Schule/Diplomarbeit/da-conquerthecastle-ue5/UE5/Content/Medieval_Town/Textures/Decals/decal_dirt_leak_02/T_decal_dirt_leak_02_N.ubulk" 2498
"C:/Users/fritz/OneDrive/Dokumente/Schule/Diplomarbeit/da-conquerthecastle-ue5/UE5/Content/Medieval_Town/Textures/Decals/decal_dirt_leak_02/T_decal_dirt_leak_02_N.uasset" 2499
"C:/Users/fritz/OneDrive/Dokumente/Schule/Diplomarbeit/da-conquerthecastle-ue5/UE5/Content/Medieval_Town/Textures/Decals/decal_dirt_leak_02/T_decal_dirt_leak_02_N.uexp" 2500
"C:/Users/fritz/OneDrive/Dokumente/Schule/Diplomarbeit/da-conquerthecastle-ue5/UE5/Content/Medieval_Town/Textures/Decals/decal_dirt_leak_02/T_decal_dirt_leak_02_MRA.ubulk" 2501
"C:/Users/fritz/OneDrive/Dokumente/Schule/Diplomarbeit/da-conquerthecastle-ue5/UE5/Content/Medieval_Town/Textures/Decals/decal_dirt_leak_02/T_decal_dirt_leak_02_MRA.uasset" 2502
"C:/Users/fritz/OneDrive/Dokumente/Schule/Diplomarbeit/da-conquerthecastle-ue5/UE5/Content/Medieval_Town/Textures/Decals/decal_dirt_leak_02/T_decal_dirt_leak_02_MRA.uexp" 2503
"C:/Users/fritz/OneDrive/Dokumente/Schule/Diplomarbeit/da-conquerthecastle-ue5/UE5/Content/Medieval_Town/Textures/Decals/decal_dirt_leak_02/T_decal_dirt_leak_02_BC.ubulk" 2504
"C:/Users/fritz/OneDrive/Dokumente/Schule/Diplomarbeit/da-conquerthecastle-ue5/UE5/Content/Medieval_Town/Textures/Decals/decal_dirt_leak_02/T_decal_dirt_leak_02_BC.uasset" 2505
"C:/Users/fritz/OneDrive/Dokumente/Schule/Diplomarbeit/da-conquerthecastle-ue5/UE5/Content/Medieval_Town/Textures/Decals/decal_dirt_leak_02/T_decal_dirt_leak_02_BC.uexp" 2506
"C:/Users/fritz/OneDrive/Dokumente/Schule/Diplomarbeit/da-conquerthecastle-ue5/UE5/Content/Medieval_Town/Materials/Decals/MI_decal_dirt_leak_02.uasset" 2507
"C:/Users/fritz/OneDrive/Dokumente/Schule/Diplomarbeit/da-conquerthecastle-ue5/UE5/Content/Medieval_Town/Materials/Decals/MI_decal_dirt_leak_02.uexp" 2508
"C:/Users/fritz/OneDrive/Dokumente/Schule/Diplomarbeit/da-conquerthecastle-ue5/UE5/Content/Medieval_Town/Textures/Decals/decal_dirt_leak_01/T_decal_dirt_leak_01_N.ubulk" 2509
"C:/Users/fritz/OneDrive/Dokumente/Schule/Diplomarbeit/da-conquerthecastle-ue5/UE5/Content/Medieval_Town/Textures/Decals/decal_dirt_leak_01/T_decal_dirt_leak_01_N.uasset" 2510
"C:/Users/fritz/OneDrive/Dokumente/Schule/Diplomarbeit/da-conquerthecastle-ue5/UE5/Content/Medieval_Town/Textures/Decals/decal_dirt_leak_01/T_decal_dirt_leak_01_N.uexp" 2511
"C:/Users/fritz/OneDrive/Dokumente/Schule/Diplomarbeit/da-conquerthecastle-ue5/UE5/Content/Medieval_Town/Textures/Decals/decal_dirt_leak_01/T_decal_dirt_leak_01_MRA.ubulk" 2512
"C:/Users/fritz/OneDrive/Dokumente/Schule/Diplomarbeit/da-conquerthecastle-ue5/UE5/Content/Medieval_Town/Textures/Decals/decal_dirt_leak_01/T_decal_dirt_leak_01_MRA.uasset" 2513
"C:/Users/fritz/OneDrive/Dokumente/Schule/Diplomarbeit/da-conquerthecastle-ue5/UE5/Content/Medieval_Town/Textures/Decals/decal_dirt_leak_01/T_decal_dirt_leak_01_MRA.uexp" 2514
"C:/Users/fritz/OneDrive/Dokumente/Schule/Diplomarbeit/da-conquerthecastle-ue5/UE5/Content/Medieval_Town/Textures/Decals/decal_dirt_leak_01/T_decal_dirt_leak_01_BC.ubulk" 2515
"C:/Users/fritz/OneDrive/Dokumente/Schule/Diplomarbeit/da-conquerthecastle-ue5/UE5/Content/Medieval_Town/Textures/Decals/decal_dirt_leak_01/T_decal_dirt_leak_01_BC.uasset" 2516
"C:/Users/fritz/OneDrive/Dokumente/Schule/Diplomarbeit/da-conquerthecastle-ue5/UE5/Content/Medieval_Town/Textures/Decals/decal_dirt_leak_01/T_decal_dirt_leak_01_BC.uexp" 2517
"C:/Users/fritz/OneDrive/Dokumente/Schule/Diplomarbeit/da-conquerthecastle-ue5/UE5/Content/Medieval_Town/Materials/Decals/MI_decal_dirt_leak_01.uasset" 2518
"C:/Users/fritz/OneDrive/Dokumente/Schule/Diplomarbeit/da-conquerthecastle-ue5/UE5/Content/Medieval_Town/Materials/Decals/MI_decal_dirt_leak_01.uexp" 2519
"C:/Users/fritz/OneDrive/Dokumente/Schule/Diplomarbeit/da-conquerthecastle-ue5/UE5/Content/Medieval_Town/Textures/Decals/decal_dirt_01/T_decal_dirt_01_BC.ubulk" 2520
"C:/Users/fritz/OneDrive/Dokumente/Schule/Diplomarbeit/da-conquerthecastle-ue5/UE5/Content/Medieval_Town/Textures/Decals/decal_dirt_01/T_decal_dirt_01_BC.uasset" 2521
"C:/Users/fritz/OneDrive/Dokumente/Schule/Diplomarbeit/da-conquerthecastle-ue5/UE5/Content/Medieval_Town/Textures/Decals/decal_dirt_01/T_decal_dirt_01_BC.uexp" 2522
"C:/Users/fritz/OneDrive/Dokumente/Schule/Diplomarbeit/da-conquerthecastle-ue5/UE5/Content/Medieval_Town/Materials/Decals/MI_decal_dirt_01.uasset" 2523
"C:/Users/fritz/OneDrive/Dokumente/Schule/Diplomarbeit/da-conquerthecastle-ue5/UE5/Content/Medieval_Town/Materials/Decals/MI_decal_dirt_01.uexp" 2524
"C:/Users/fritz/OneDrive/Dokumente/Schule/Diplomarbeit/da-conquerthecastle-ue5/UE5/Content/Medieval_Town/Textures/Decals/decal_cracks_01/T_decal_cracks_01_N.ubulk" 2525
"C:/Users/fritz/OneDrive/Dokumente/Schule/Diplomarbeit/da-conquerthecastle-ue5/UE5/Content/Medieval_Town/Textures/Decals/decal_cracks_01/T_decal_cracks_01_N.uasset" 2526
"C:/Users/fritz/OneDrive/Dokumente/Schule/Diplomarbeit/da-conquerthecastle-ue5/UE5/Content/Medieval_Town/Textures/Decals/decal_cracks_01/T_decal_cracks_01_N.uexp" 2527
"C:/Users/fritz/OneDrive/Dokumente/Schule/Diplomarbeit/da-conquerthecastle-ue5/UE5/Content/Medieval_Town/Textures/Decals/decal_cracks_01/T_decal_cracks_01_MRA.ubulk" 2528
"C:/Users/fritz/OneDrive/Dokumente/Schule/Diplomarbeit/da-conquerthecastle-ue5/UE5/Content/Medieval_Town/Textures/Decals/decal_cracks_01/T_decal_cracks_01_MRA.uasset" 2529
"C:/Users/fritz/OneDrive/Dokumente/Schule/Diplomarbeit/da-conquerthecastle-ue5/UE5/Content/Medieval_Town/Textures/Decals/decal_cracks_01/T_decal_cracks_01_MRA.uexp" 2530
"C:/Users/fritz/OneDrive/Dokumente/Schule/Diplomarbeit/da-conquerthecastle-ue5/UE5/Content/Medieval_Town/Textures/Decals/decal_cracks_01/T_decal_cracks_01_BC.ubulk" 2531
"C:/Users/fritz/OneDrive/Dokumente/Schule/Diplomarbeit/da-conquerthecastle-ue5/UE5/Content/Medieval_Town/Textures/Decals/decal_cracks_01/T_decal_cracks_01_BC.uasset" 2532
"C:/Users/fritz/OneDrive/Dokumente/Schule/Diplomarbeit/da-conquerthecastle-ue5/UE5/Content/Medieval_Town/Textures/Decals/decal_cracks_01/T_decal_cracks_01_BC.uexp" 2533
"C:/Users/fritz/OneDrive/Dokumente/Schule/Diplomarbeit/da-conquerthecastle-ue5/UE5/Content/Medieval_Town/Materials/Decals/MI_decal_cracks_01.uasset" 2534
"C:/Users/fritz/OneDrive/Dokumente/Schule/Diplomarbeit/da-conquerthecastle-ue5/UE5/Content/Medieval_Town/Materials/Decals/MI_decal_cracks_01.uexp" 2535
"C:/Users/fritz/OneDrive/Dokumente/Schule/Diplomarbeit/da-conquerthecastle-ue5/UE5/Content/Realistic_Starter_VFX_Pack_Vol2/Vectorfields/VectorField_B.uasset" 2536
"C:/Users/fritz/OneDrive/Dokumente/Schule/Diplomarbeit/da-conquerthecastle-ue5/UE5/Content/Realistic_Starter_VFX_Pack_Vol2/Vectorfields/VectorField_B.uexp" 2537
"C:/Users/fritz/OneDrive/Dokumente/Schule/Diplomarbeit/da-conquerthecastle-ue5/UE5/Content/Realistic_Starter_VFX_Pack_Vol2/Textures/T_Flare_A.ubulk" 2538
"C:/Users/fritz/OneDrive/Dokumente/Schule/Diplomarbeit/da-conquerthecastle-ue5/UE5/Content/Realistic_Starter_VFX_Pack_Vol2/Textures/T_Flare_A.uasset" 2539
"C:/Users/fritz/OneDrive/Dokumente/Schule/Diplomarbeit/da-conquerthecastle-ue5/UE5/Content/Realistic_Starter_VFX_Pack_Vol2/Textures/T_Flare_A.uexp" 2540
"C:/Users/fritz/OneDrive/Dokumente/Schule/Diplomarbeit/da-conquerthecastle-ue5/UE5/Content/Realistic_Starter_VFX_Pack_Vol2/Textures/T_Spark_B.uasset" 2541
"C:/Users/fritz/OneDrive/Dokumente/Schule/Diplomarbeit/da-conquerthecastle-ue5/UE5/Content/Realistic_Starter_VFX_Pack_Vol2/Textures/T_Spark_B.uexp" 2542
"C:/Users/fritz/OneDrive/Dokumente/Schule/Diplomarbeit/da-conquerthecastle-ue5/UE5/Content/Realistic_Starter_VFX_Pack_Vol2/Materials/M_Glow_C.uasset" 2543
"C:/Users/fritz/OneDrive/Dokumente/Schule/Diplomarbeit/da-conquerthecastle-ue5/UE5/Content/Realistic_Starter_VFX_Pack_Vol2/Materials/M_Glow_C.uexp" 2544
"C:/Users/fritz/OneDrive/Dokumente/Schule/Diplomarbeit/da-conquerthecastle-ue5/UE5/Content/Realistic_Starter_VFX_Pack_Vol2/Materials/M_Glow_C_Inst.uasset" 2545
"C:/Users/fritz/OneDrive/Dokumente/Schule/Diplomarbeit/da-conquerthecastle-ue5/UE5/Content/Realistic_Starter_VFX_Pack_Vol2/Materials/M_Glow_C_Inst.uexp" 2546
"C:/Users/fritz/OneDrive/Dokumente/Schule/Diplomarbeit/da-conquerthecastle-ue5/UE5/Content/LevelPrototyping/MainRoom/Effects/P_Sparks_B.uasset" 2547
"C:/Users/fritz/OneDrive/Dokumente/Schule/Diplomarbeit/da-conquerthecastle-ue5/UE5/Content/LevelPrototyping/MainRoom/Effects/P_Sparks_B.uexp" 2548
"../../../Engine/Content/EngineMaterials/Substrate/GLints/AGlintTex2dArray.uasset" 2549
"../../../Engine/Content/EngineMaterials/Substrate/GLints/AGlintTex2dArray.uexp" 2550
"C:/Users/fritz/OneDrive/Dokumente/Schule/Diplomarbeit/da-conquerthecastle-ue5/UE5/Content/Medieval_Town/Meshes/Architecture/MergedMeshes/SM_MERGED_StaticMeshActor_UAID_00E04CB184549F3D01_1614724450.ubulk" 2551
"C:/Users/fritz/OneDrive/Dokumente/Schule/Diplomarbeit/da-conquerthecastle-ue5/UE5/Content/Medieval_Town/Meshes/Architecture/MergedMeshes/SM_MERGED_StaticMeshActor_UAID_00E04CB184549F3D01_1614724450.uasset" 2552
"C:/Users/fritz/OneDrive/Dokumente/Schule/Diplomarbeit/da-conquerthecastle-ue5/UE5/Content/Medieval_Town/Meshes/Architecture/MergedMeshes/SM_MERGED_StaticMeshActor_UAID_00E04CB184549F3D01_1614724450.uexp" 2553
"C:/Users/fritz/OneDrive/Dokumente/Schule/Diplomarbeit/da-conquerthecastle-ue5/UE5/Content/Medieval_Town/Meshes/Architecture/MergedMeshes/SM_MERGED_StaticMeshActor_UAID_00E04CB184549F3D01_1565878357.ubulk" 2554
"C:/Users/fritz/OneDrive/Dokumente/Schule/Diplomarbeit/da-conquerthecastle-ue5/UE5/Content/Medieval_Town/Meshes/Architecture/MergedMeshes/SM_MERGED_StaticMeshActor_UAID_00E04CB184549F3D01_1565878357.uasset" 2555
"C:/Users/fritz/OneDrive/Dokumente/Schule/Diplomarbeit/da-conquerthecastle-ue5/UE5/Content/Medieval_Town/Meshes/Architecture/MergedMeshes/SM_MERGED_StaticMeshActor_UAID_00E04CB184549F3D01_1565878357.uexp" 2556
"C:/Users/fritz/OneDrive/Dokumente/Schule/Diplomarbeit/da-conquerthecastle-ue5/UE5/Content/Medieval_Town/Meshes/Architecture/MergedMeshes/SM_MERGED_StaticMeshActor_UAID_00E04CB184549F3D01_1503698267.ubulk" 2557
"C:/Users/fritz/OneDrive/Dokumente/Schule/Diplomarbeit/da-conquerthecastle-ue5/UE5/Content/Medieval_Town/Meshes/Architecture/MergedMeshes/SM_MERGED_StaticMeshActor_UAID_00E04CB184549F3D01_1503698267.uasset" 2558
"C:/Users/fritz/OneDrive/Dokumente/Schule/Diplomarbeit/da-conquerthecastle-ue5/UE5/Content/Medieval_Town/Meshes/Architecture/MergedMeshes/SM_MERGED_StaticMeshActor_UAID_00E04CB184549F3D01_1503698267.uexp" 2559
"C:/Users/fritz/OneDrive/Dokumente/Schule/Diplomarbeit/da-conquerthecastle-ue5/UE5/Content/Medieval_Town/Meshes/Architecture/MergedMeshes/SM_MERGED_StaticMeshActor_UAID_00E04CB184549F3D01_1471995110.ubulk" 2560
"C:/Users/fritz/OneDrive/Dokumente/Schule/Diplomarbeit/da-conquerthecastle-ue5/UE5/Content/Medieval_Town/Meshes/Architecture/MergedMeshes/SM_MERGED_StaticMeshActor_UAID_00E04CB184549F3D01_1471995110.uasset" 2561
"C:/Users/fritz/OneDrive/Dokumente/Schule/Diplomarbeit/da-conquerthecastle-ue5/UE5/Content/Medieval_Town/Meshes/Architecture/MergedMeshes/SM_MERGED_StaticMeshActor_UAID_00E04CB184549F3D01_1471995110.uexp" 2562
"C:/Users/fritz/OneDrive/Dokumente/Schule/Diplomarbeit/da-conquerthecastle-ue5/UE5/Content/Medieval_Town/Meshes/Architecture/MergedMeshes/SM_MERGED_StaticMeshActor_UAID_00E04CB184549F3D01_1449791037.ubulk" 2563
"C:/Users/fritz/OneDrive/Dokumente/Schule/Diplomarbeit/da-conquerthecastle-ue5/UE5/Content/Medieval_Town/Meshes/Architecture/MergedMeshes/SM_MERGED_StaticMeshActor_UAID_00E04CB184549F3D01_1449791037.uasset" 2564
"C:/Users/fritz/OneDrive/Dokumente/Schule/Diplomarbeit/da-conquerthecastle-ue5/UE5/Content/Medieval_Town/Meshes/Architecture/MergedMeshes/SM_MERGED_StaticMeshActor_UAID_00E04CB184549F3D01_1449791037.uexp" 2565
"C:/Users/fritz/OneDrive/Dokumente/Schule/Diplomarbeit/da-conquerthecastle-ue5/UE5/Content/Medieval_Town/Meshes/Architecture/MergedMeshes/SM_MERGED_StaticMeshActor_UAID_00E04CB184549F3D01_1405937870.ubulk" 2566
"C:/Users/fritz/OneDrive/Dokumente/Schule/Diplomarbeit/da-conquerthecastle-ue5/UE5/Content/Medieval_Town/Meshes/Architecture/MergedMeshes/SM_MERGED_StaticMeshActor_UAID_00E04CB184549F3D01_1405937870.uasset" 2567
"C:/Users/fritz/OneDrive/Dokumente/Schule/Diplomarbeit/da-conquerthecastle-ue5/UE5/Content/Medieval_Town/Meshes/Architecture/MergedMeshes/SM_MERGED_StaticMeshActor_UAID_00E04CB184549F3D01_1405937870.uexp" 2568
"C:/Users/fritz/OneDrive/Dokumente/Schule/Diplomarbeit/da-conquerthecastle-ue5/UE5/Content/Medieval_Town/Meshes/Architecture/MergedMeshes/SM_MERGED_StaticMeshActor_UAID_00E04CB184549F3D01_1362887708.ubulk" 2569
"C:/Users/fritz/OneDrive/Dokumente/Schule/Diplomarbeit/da-conquerthecastle-ue5/UE5/Content/Medieval_Town/Meshes/Architecture/MergedMeshes/SM_MERGED_StaticMeshActor_UAID_00E04CB184549F3D01_1362887708.uasset" 2570
"C:/Users/fritz/OneDrive/Dokumente/Schule/Diplomarbeit/da-conquerthecastle-ue5/UE5/Content/Medieval_Town/Meshes/Architecture/MergedMeshes/SM_MERGED_StaticMeshActor_UAID_00E04CB184549F3D01_1362887708.uexp" 2571
"C:/Users/fritz/OneDrive/Dokumente/Schule/Diplomarbeit/da-conquerthecastle-ue5/UE5/Content/Medieval_Town/Meshes/Architecture/MergedMeshes/SM_MERGED_StaticMeshActor_UAID_00E04CB18454693D01_1180363911.ubulk" 2572
"C:/Users/fritz/OneDrive/Dokumente/Schule/Diplomarbeit/da-conquerthecastle-ue5/UE5/Content/Medieval_Town/Meshes/Architecture/MergedMeshes/SM_MERGED_StaticMeshActor_UAID_00E04CB18454693D01_1180363911.uasset" 2573
"C:/Users/fritz/OneDrive/Dokumente/Schule/Diplomarbeit/da-conquerthecastle-ue5/UE5/Content/Medieval_Town/Meshes/Architecture/MergedMeshes/SM_MERGED_StaticMeshActor_UAID_00E04CB18454693D01_1180363911.uexp" 2574
"C:/Users/fritz/OneDrive/Dokumente/Schule/Diplomarbeit/da-conquerthecastle-ue5/UE5/Content/Medieval_Town/Meshes/Architecture/MergedMeshes/SM_MERGED_StaticMeshActor_UAID_00E04CB18454683D01_2138586639.ubulk" 2575
"C:/Users/fritz/OneDrive/Dokumente/Schule/Diplomarbeit/da-conquerthecastle-ue5/UE5/Content/Medieval_Town/Meshes/Architecture/MergedMeshes/SM_MERGED_StaticMeshActor_UAID_00E04CB18454683D01_2138586639.uasset" 2576
"C:/Users/fritz/OneDrive/Dokumente/Schule/Diplomarbeit/da-conquerthecastle-ue5/UE5/Content/Medieval_Town/Meshes/Architecture/MergedMeshes/SM_MERGED_StaticMeshActor_UAID_00E04CB18454683D01_2138586639.uexp" 2577
"C:/Users/fritz/OneDrive/Dokumente/Schule/Diplomarbeit/da-conquerthecastle-ue5/UE5/Content/Medieval_Town/Meshes/Architecture/MergedMeshes/SM_MERGED_StaticMeshActor_UAID_00E04CB184545E4D01_1454682814.ubulk" 2578
"C:/Users/fritz/OneDrive/Dokumente/Schule/Diplomarbeit/da-conquerthecastle-ue5/UE5/Content/Medieval_Town/Meshes/Architecture/MergedMeshes/SM_MERGED_StaticMeshActor_UAID_00E04CB184545E4D01_1454682814.uasset" 2579
"C:/Users/fritz/OneDrive/Dokumente/Schule/Diplomarbeit/da-conquerthecastle-ue5/UE5/Content/Medieval_Town/Meshes/Architecture/MergedMeshes/SM_MERGED_StaticMeshActor_UAID_00E04CB184545E4D01_1454682814.uexp" 2580
"C:/Users/fritz/OneDrive/Dokumente/Schule/Diplomarbeit/da-conquerthecastle-ue5/UE5/Content/Medieval_Town/Textures/Vegetation/flowers_01/T_Mask_flowers_01.ubulk" 2581
"C:/Users/fritz/OneDrive/Dokumente/Schule/Diplomarbeit/da-conquerthecastle-ue5/UE5/Content/Medieval_Town/Textures/Vegetation/flowers_01/T_Mask_flowers_01.uasset" 2582
"C:/Users/fritz/OneDrive/Dokumente/Schule/Diplomarbeit/da-conquerthecastle-ue5/UE5/Content/Medieval_Town/Textures/Vegetation/flowers_01/T_Mask_flowers_01.uexp" 2583
"C:/Users/fritz/OneDrive/Dokumente/Schule/Diplomarbeit/da-conquerthecastle-ue5/UE5/Content/Medieval_Town/Textures/Vegetation/flowers_01/T_flowers_01_N.ubulk" 2584
"C:/Users/fritz/OneDrive/Dokumente/Schule/Diplomarbeit/da-conquerthecastle-ue5/UE5/Content/Medieval_Town/Textures/Vegetation/flowers_01/T_flowers_01_N.uasset" 2585
"C:/Users/fritz/OneDrive/Dokumente/Schule/Diplomarbeit/da-conquerthecastle-ue5/UE5/Content/Medieval_Town/Textures/Vegetation/flowers_01/T_flowers_01_N.uexp" 2586
"C:/Users/fritz/OneDrive/Dokumente/Schule/Diplomarbeit/da-conquerthecastle-ue5/UE5/Content/Medieval_Town/Textures/Vegetation/flowers_01/T_flowers_01_MRA.ubulk" 2587
"C:/Users/fritz/OneDrive/Dokumente/Schule/Diplomarbeit/da-conquerthecastle-ue5/UE5/Content/Medieval_Town/Textures/Vegetation/flowers_01/T_flowers_01_MRA.uasset" 2588
"C:/Users/fritz/OneDrive/Dokumente/Schule/Diplomarbeit/da-conquerthecastle-ue5/UE5/Content/Medieval_Town/Textures/Vegetation/flowers_01/T_flowers_01_MRA.uexp" 2589
"C:/Users/fritz/OneDrive/Dokumente/Schule/Diplomarbeit/da-conquerthecastle-ue5/UE5/Content/Medieval_Town/Textures/Vegetation/flowers_01/T_flowers_01_BC.ubulk" 2590
"C:/Users/fritz/OneDrive/Dokumente/Schule/Diplomarbeit/da-conquerthecastle-ue5/UE5/Content/Medieval_Town/Textures/Vegetation/flowers_01/T_flowers_01_BC.uasset" 2591
"C:/Users/fritz/OneDrive/Dokumente/Schule/Diplomarbeit/da-conquerthecastle-ue5/UE5/Content/Medieval_Town/Textures/Vegetation/flowers_01/T_flowers_01_BC.uexp" 2592
"C:/Users/fritz/OneDrive/Dokumente/Schule/Diplomarbeit/da-conquerthecastle-ue5/UE5/Content/Medieval_Town/Materials/Instances/Vegetation/MI_flowers_01_yellow.uasset" 2593
"C:/Users/fritz/OneDrive/Dokumente/Schule/Diplomarbeit/da-conquerthecastle-ue5/UE5/Content/Medieval_Town/Materials/Instances/Vegetation/MI_flowers_01_yellow.uexp" 2594
"C:/Users/fritz/OneDrive/Dokumente/Schule/Diplomarbeit/da-conquerthecastle-ue5/UE5/Content/Medieval_Town/Materials/Instances/Vegetation/MI_flowers_01_red.uasset" 2595
"C:/Users/fritz/OneDrive/Dokumente/Schule/Diplomarbeit/da-conquerthecastle-ue5/UE5/Content/Medieval_Town/Materials/Instances/Vegetation/MI_flowers_01_red.uexp" 2596
"C:/Users/fritz/OneDrive/Dokumente/Schule/Diplomarbeit/da-conquerthecastle-ue5/UE5/Content/Medieval_Town/Materials/Instances/Vegetation/MI_flowers_01_pink.uasset" 2597
"C:/Users/fritz/OneDrive/Dokumente/Schule/Diplomarbeit/da-conquerthecastle-ue5/UE5/Content/Medieval_Town/Materials/Instances/Vegetation/MI_flowers_01_pink.uexp" 2598
"C:/Users/fritz/OneDrive/Dokumente/Schule/Diplomarbeit/da-conquerthecastle-ue5/UE5/Content/Medieval_Town/Materials/Instances/tiles/MI_water_01.uasset" 2599
"C:/Users/fritz/OneDrive/Dokumente/Schule/Diplomarbeit/da-conquerthecastle-ue5/UE5/Content/Medieval_Town/Materials/Instances/tiles/MI_water_01.uexp" 2600
"C:/Users/fritz/OneDrive/Dokumente/Schule/Diplomarbeit/da-conquerthecastle-ue5/UE5/Content/Medieval_Town/Textures/HDRI/T_kloppenheim_02_4k.ubulk" 2601
"C:/Users/fritz/OneDrive/Dokumente/Schule/Diplomarbeit/da-conquerthecastle-ue5/UE5/Content/Medieval_Town/Textures/HDRI/T_kloppenheim_02_4k.uasset" 2602
"C:/Users/fritz/OneDrive/Dokumente/Schule/Diplomarbeit/da-conquerthecastle-ue5/UE5/Content/Medieval_Town/Textures/HDRI/T_kloppenheim_02_4k.uexp" 2603
"C:/Users/fritz/OneDrive/Dokumente/Schule/Diplomarbeit/da-conquerthecastle-ue5/UE5/Content/Medieval_Town/Materials/Instances/tiles/MI_sky_02_night.uasset" 2604
"C:/Users/fritz/OneDrive/Dokumente/Schule/Diplomarbeit/da-conquerthecastle-ue5/UE5/Content/Medieval_Town/Materials/Instances/tiles/MI_sky_02_night.uexp" 2605
"C:/Users/fritz/OneDrive/Dokumente/Schule/Diplomarbeit/da-conquerthecastle-ue5/UE5/Content/Medieval_Town/Materials/Instances/tiles/MI_glass_02_emm.uasset" 2606
"C:/Users/fritz/OneDrive/Dokumente/Schule/Diplomarbeit/da-conquerthecastle-ue5/UE5/Content/Medieval_Town/Materials/Instances/tiles/MI_glass_02_emm.uexp" 2607
"C:/Users/fritz/OneDrive/Dokumente/Schule/Diplomarbeit/da-conquerthecastle-ue5/UE5/Content/Medieval_Town/Meshes/Architecture/Modules/SM_pavement_B_01_02.ubulk" 2608
"C:/Users/fritz/OneDrive/Dokumente/Schule/Diplomarbeit/da-conquerthecastle-ue5/UE5/Content/Medieval_Town/Meshes/Architecture/Modules/SM_pavement_B_01_02.uasset" 2609
"C:/Users/fritz/OneDrive/Dokumente/Schule/Diplomarbeit/da-conquerthecastle-ue5/UE5/Content/Medieval_Town/Meshes/Architecture/Modules/SM_pavement_B_01_02.uexp" 2610
"C:/Users/fritz/OneDrive/Dokumente/Schule/Diplomarbeit/da-conquerthecastle-ue5/UE5/Content/Medieval_Town/Meshes/Architecture/Modules/SM_pavement_B_01_01.ubulk" 2611
"C:/Users/fritz/OneDrive/Dokumente/Schule/Diplomarbeit/da-conquerthecastle-ue5/UE5/Content/Medieval_Town/Meshes/Architecture/Modules/SM_pavement_B_01_01.uasset" 2612
"C:/Users/fritz/OneDrive/Dokumente/Schule/Diplomarbeit/da-conquerthecastle-ue5/UE5/Content/Medieval_Town/Meshes/Architecture/Modules/SM_pavement_B_01_01.uexp" 2613
"C:/Users/fritz/OneDrive/Dokumente/Schule/Diplomarbeit/da-conquerthecastle-ue5/UE5/Content/Medieval_Town/Meshes/Architecture/Modules/Walls_B/SM_wall_B_window_02.ubulk" 2614
"C:/Users/fritz/OneDrive/Dokumente/Schule/Diplomarbeit/da-conquerthecastle-ue5/UE5/Content/Medieval_Town/Meshes/Architecture/Modules/Walls_B/SM_wall_B_window_02.uasset" 2615
"C:/Users/fritz/OneDrive/Dokumente/Schule/Diplomarbeit/da-conquerthecastle-ue5/UE5/Content/Medieval_Town/Meshes/Architecture/Modules/Walls_B/SM_wall_B_window_02.uexp" 2616
"C:/Users/fritz/OneDrive/Dokumente/Schule/Diplomarbeit/da-conquerthecastle-ue5/UE5/Content/Medieval_Town/Meshes/Architecture/Modules/Walls_B/SM_wall_B_window_01.ubulk" 2617
"C:/Users/fritz/OneDrive/Dokumente/Schule/Diplomarbeit/da-conquerthecastle-ue5/UE5/Content/Medieval_Town/Meshes/Architecture/Modules/Walls_B/SM_wall_B_window_01.uasset" 2618
"C:/Users/fritz/OneDrive/Dokumente/Schule/Diplomarbeit/da-conquerthecastle-ue5/UE5/Content/Medieval_Town/Meshes/Architecture/Modules/Walls_B/SM_wall_B_window_01.uexp" 2619
"C:/Users/fritz/OneDrive/Dokumente/Schule/Diplomarbeit/da-conquerthecastle-ue5/UE5/Content/Medieval_Town/Meshes/Architecture/Modules/Walls_B/SM_wall_B_corner_03_01.ubulk" 2620
"C:/Users/fritz/OneDrive/Dokumente/Schule/Diplomarbeit/da-conquerthecastle-ue5/UE5/Content/Medieval_Town/Meshes/Architecture/Modules/Walls_B/SM_wall_B_corner_03_01.uasset" 2621
"C:/Users/fritz/OneDrive/Dokumente/Schule/Diplomarbeit/da-conquerthecastle-ue5/UE5/Content/Medieval_Town/Meshes/Architecture/Modules/Walls_B/SM_wall_B_corner_03_01.uexp" 2622
"C:/Users/fritz/OneDrive/Dokumente/Schule/Diplomarbeit/da-conquerthecastle-ue5/UE5/Content/Medieval_Town/Meshes/Architecture/Modules/Walls_B/SM_wall_B_corner_02_01.ubulk" 2623
"C:/Users/fritz/OneDrive/Dokumente/Schule/Diplomarbeit/da-conquerthecastle-ue5/UE5/Content/Medieval_Town/Meshes/Architecture/Modules/Walls_B/SM_wall_B_corner_02_01.uasset" 2624
"C:/Users/fritz/OneDrive/Dokumente/Schule/Diplomarbeit/da-conquerthecastle-ue5/UE5/Content/Medieval_Town/Meshes/Architecture/Modules/Walls_B/SM_wall_B_corner_02_01.uexp" 2625
"C:/Users/fritz/OneDrive/Dokumente/Schule/Diplomarbeit/da-conquerthecastle-ue5/UE5/Content/Medieval_Town/Meshes/Architecture/Modules/Walls_B/SM_wall_B_corner_01_01.ubulk" 2626
"C:/Users/fritz/OneDrive/Dokumente/Schule/Diplomarbeit/da-conquerthecastle-ue5/UE5/Content/Medieval_Town/Meshes/Architecture/Modules/Walls_B/SM_wall_B_corner_01_01.uasset" 2627
"C:/Users/fritz/OneDrive/Dokumente/Schule/Diplomarbeit/da-conquerthecastle-ue5/UE5/Content/Medieval_Town/Meshes/Architecture/Modules/Walls_B/SM_wall_B_corner_01_01.uexp" 2628
"C:/Users/fritz/OneDrive/Dokumente/Schule/Diplomarbeit/da-conquerthecastle-ue5/UE5/Content/Medieval_Town/Textures/Tiles/wall_block_01/T_wall_block_01_N.ubulk" 2629
"C:/Users/fritz/OneDrive/Dokumente/Schule/Diplomarbeit/da-conquerthecastle-ue5/UE5/Content/Medieval_Town/Textures/Tiles/wall_block_01/T_wall_block_01_N.uasset" 2630
"C:/Users/fritz/OneDrive/Dokumente/Schule/Diplomarbeit/da-conquerthecastle-ue5/UE5/Content/Medieval_Town/Textures/Tiles/wall_block_01/T_wall_block_01_N.uexp" 2631
"C:/Users/fritz/OneDrive/Dokumente/Schule/Diplomarbeit/da-conquerthecastle-ue5/UE5/Content/Medieval_Town/Textures/Tiles/wall_block_01/T_wall_block_01_MRA.ubulk" 2632
"C:/Users/fritz/OneDrive/Dokumente/Schule/Diplomarbeit/da-conquerthecastle-ue5/UE5/Content/Medieval_Town/Textures/Tiles/wall_block_01/T_wall_block_01_MRA.uasset" 2633
"C:/Users/fritz/OneDrive/Dokumente/Schule/Diplomarbeit/da-conquerthecastle-ue5/UE5/Content/Medieval_Town/Textures/Tiles/wall_block_01/T_wall_block_01_MRA.uexp" 2634
"C:/Users/fritz/OneDrive/Dokumente/Schule/Diplomarbeit/da-conquerthecastle-ue5/UE5/Content/Medieval_Town/Textures/Tiles/wall_block_01/T_wall_block_01_BC.ubulk" 2635
"C:/Users/fritz/OneDrive/Dokumente/Schule/Diplomarbeit/da-conquerthecastle-ue5/UE5/Content/Medieval_Town/Textures/Tiles/wall_block_01/T_wall_block_01_BC.uasset" 2636
"C:/Users/fritz/OneDrive/Dokumente/Schule/Diplomarbeit/da-conquerthecastle-ue5/UE5/Content/Medieval_Town/Textures/Tiles/wall_block_01/T_wall_block_01_BC.uexp" 2637
"C:/Users/fritz/OneDrive/Dokumente/Schule/Diplomarbeit/da-conquerthecastle-ue5/UE5/Content/Medieval_Town/Materials/Instances/tiles/MI_wall_block_01.uasset" 2638
"C:/Users/fritz/OneDrive/Dokumente/Schule/Diplomarbeit/da-conquerthecastle-ue5/UE5/Content/Medieval_Town/Materials/Instances/tiles/MI_wall_block_01.uexp" 2639
"C:/Users/fritz/OneDrive/Dokumente/Schule/Diplomarbeit/da-conquerthecastle-ue5/UE5/Content/Medieval_Town/Meshes/Architecture/Modules/Castle/SM_castle_wall_01.ubulk" 2640
"C:/Users/fritz/OneDrive/Dokumente/Schule/Diplomarbeit/da-conquerthecastle-ue5/UE5/Content/Medieval_Town/Meshes/Architecture/Modules/Castle/SM_castle_wall_01.uasset" 2641
"C:/Users/fritz/OneDrive/Dokumente/Schule/Diplomarbeit/da-conquerthecastle-ue5/UE5/Content/Medieval_Town/Meshes/Architecture/Modules/Castle/SM_castle_wall_01.uexp" 2642
"C:/Users/fritz/OneDrive/Dokumente/Schule/Diplomarbeit/da-conquerthecastle-ue5/UE5/Content/Medieval_Town/Meshes/Architecture/Modules/Castle/SM_castle_tower_04.ubulk" 2643
"C:/Users/fritz/OneDrive/Dokumente/Schule/Diplomarbeit/da-conquerthecastle-ue5/UE5/Content/Medieval_Town/Meshes/Architecture/Modules/Castle/SM_castle_tower_04.uasset" 2644
"C:/Users/fritz/OneDrive/Dokumente/Schule/Diplomarbeit/da-conquerthecastle-ue5/UE5/Content/Medieval_Town/Meshes/Architecture/Modules/Castle/SM_castle_tower_04.uexp" 2645
"C:/Users/fritz/OneDrive/Dokumente/Schule/Diplomarbeit/da-conquerthecastle-ue5/UE5/Content/Medieval_Town/Meshes/Architecture/Modules/Castle/SM_castle_tower_03.ubulk" 2646
"C:/Users/fritz/OneDrive/Dokumente/Schule/Diplomarbeit/da-conquerthecastle-ue5/UE5/Content/Medieval_Town/Meshes/Architecture/Modules/Castle/SM_castle_tower_03.uasset" 2647
"C:/Users/fritz/OneDrive/Dokumente/Schule/Diplomarbeit/da-conquerthecastle-ue5/UE5/Content/Medieval_Town/Meshes/Architecture/Modules/Castle/SM_castle_tower_03.uexp" 2648
"C:/Users/fritz/OneDrive/Dokumente/Schule/Diplomarbeit/da-conquerthecastle-ue5/UE5/Content/Medieval_Town/Meshes/Architecture/Modules/Castle/SM_castle_tower_02.ubulk" 2649
"C:/Users/fritz/OneDrive/Dokumente/Schule/Diplomarbeit/da-conquerthecastle-ue5/UE5/Content/Medieval_Town/Meshes/Architecture/Modules/Castle/SM_castle_tower_02.uasset" 2650
"C:/Users/fritz/OneDrive/Dokumente/Schule/Diplomarbeit/da-conquerthecastle-ue5/UE5/Content/Medieval_Town/Meshes/Architecture/Modules/Castle/SM_castle_tower_02.uexp" 2651
"C:/Users/fritz/OneDrive/Dokumente/Schule/Diplomarbeit/da-conquerthecastle-ue5/UE5/Content/Medieval_Town/Meshes/Architecture/Modules/Castle/SM_castle_tower_01.ubulk" 2652
"C:/Users/fritz/OneDrive/Dokumente/Schule/Diplomarbeit/da-conquerthecastle-ue5/UE5/Content/Medieval_Town/Meshes/Architecture/Modules/Castle/SM_castle_tower_01.uasset" 2653
"C:/Users/fritz/OneDrive/Dokumente/Schule/Diplomarbeit/da-conquerthecastle-ue5/UE5/Content/Medieval_Town/Meshes/Architecture/Modules/Castle/SM_castle_tower_01.uexp" 2654
"C:/Users/fritz/OneDrive/Dokumente/Schule/Diplomarbeit/da-conquerthecastle-ue5/UE5/Content/Medieval_Town/Meshes/Architecture/Modules/Castle/SM_castle_bridge_01.ubulk" 2655
"C:/Users/fritz/OneDrive/Dokumente/Schule/Diplomarbeit/da-conquerthecastle-ue5/UE5/Content/Medieval_Town/Meshes/Architecture/Modules/Castle/SM_castle_bridge_01.uasset" 2656
"C:/Users/fritz/OneDrive/Dokumente/Schule/Diplomarbeit/da-conquerthecastle-ue5/UE5/Content/Medieval_Town/Meshes/Architecture/Modules/Castle/SM_castle_bridge_01.uexp" 2657
"C:/Users/fritz/OneDrive/Dokumente/Schule/Diplomarbeit/da-conquerthecastle-ue5/UE5/Content/Medieval_Town/Textures/Vegetation/tree_delonix_leaves_01/T_tree_delonix_leaves_01_N.ubulk" 2658
"C:/Users/fritz/OneDrive/Dokumente/Schule/Diplomarbeit/da-conquerthecastle-ue5/UE5/Content/Medieval_Town/Textures/Vegetation/tree_delonix_leaves_01/T_tree_delonix_leaves_01_N.uasset" 2659
"C:/Users/fritz/OneDrive/Dokumente/Schule/Diplomarbeit/da-conquerthecastle-ue5/UE5/Content/Medieval_Town/Textures/Vegetation/tree_delonix_leaves_01/T_tree_delonix_leaves_01_N.uexp" 2660
"C:/Users/fritz/OneDrive/Dokumente/Schule/Diplomarbeit/da-conquerthecastle-ue5/UE5/Content/Medieval_Town/Textures/Vegetation/tree_delonix_leaves_01/T_tree_delonix_leaves_01_MRA.ubulk" 2661
"C:/Users/fritz/OneDrive/Dokumente/Schule/Diplomarbeit/da-conquerthecastle-ue5/UE5/Content/Medieval_Town/Textures/Vegetation/tree_delonix_leaves_01/T_tree_delonix_leaves_01_MRA.uasset" 2662
"C:/Users/fritz/OneDrive/Dokumente/Schule/Diplomarbeit/da-conquerthecastle-ue5/UE5/Content/Medieval_Town/Textures/Vegetation/tree_delonix_leaves_01/T_tree_delonix_leaves_01_MRA.uexp" 2663
"C:/Users/fritz/OneDrive/Dokumente/Schule/Diplomarbeit/da-conquerthecastle-ue5/UE5/Content/Medieval_Town/Textures/Vegetation/tree_delonix_leaves_01/T_tree_delonix_leaves_01_BC.ubulk" 2664
"C:/Users/fritz/OneDrive/Dokumente/Schule/Diplomarbeit/da-conquerthecastle-ue5/UE5/Content/Medieval_Town/Textures/Vegetation/tree_delonix_leaves_01/T_tree_delonix_leaves_01_BC.uasset" 2665
"C:/Users/fritz/OneDrive/Dokumente/Schule/Diplomarbeit/da-conquerthecastle-ue5/UE5/Content/Medieval_Town/Textures/Vegetation/tree_delonix_leaves_01/T_tree_delonix_leaves_01_BC.uexp" 2666
"C:/Users/fritz/OneDrive/Dokumente/Schule/Diplomarbeit/da-conquerthecastle-ue5/UE5/Content/Medieval_Town/Materials/Instances/Vegetation/MI_tree_delonix_leaves_01.uasset" 2667
"C:/Users/fritz/OneDrive/Dokumente/Schule/Diplomarbeit/da-conquerthecastle-ue5/UE5/Content/Medieval_Town/Materials/Instances/Vegetation/MI_tree_delonix_leaves_01.uexp" 2668
"C:/Users/fritz/OneDrive/Dokumente/Schule/Diplomarbeit/da-conquerthecastle-ue5/UE5/Content/Medieval_Town/Textures/Vegetation/tree_bark_01/T_tree_bark_01_N.ubulk" 2669
"C:/Users/fritz/OneDrive/Dokumente/Schule/Diplomarbeit/da-conquerthecastle-ue5/UE5/Content/Medieval_Town/Textures/Vegetation/tree_bark_01/T_tree_bark_01_N.uasset" 2670
"C:/Users/fritz/OneDrive/Dokumente/Schule/Diplomarbeit/da-conquerthecastle-ue5/UE5/Content/Medieval_Town/Textures/Vegetation/tree_bark_01/T_tree_bark_01_N.uexp" 2671
"C:/Users/fritz/OneDrive/Dokumente/Schule/Diplomarbeit/da-conquerthecastle-ue5/UE5/Content/Medieval_Town/Textures/Vegetation/tree_bark_01/T_tree_bark_01_MRA.ubulk" 2672
"C:/Users/fritz/OneDrive/Dokumente/Schule/Diplomarbeit/da-conquerthecastle-ue5/UE5/Content/Medieval_Town/Textures/Vegetation/tree_bark_01/T_tree_bark_01_MRA.uasset" 2673
"C:/Users/fritz/OneDrive/Dokumente/Schule/Diplomarbeit/da-conquerthecastle-ue5/UE5/Content/Medieval_Town/Textures/Vegetation/tree_bark_01/T_tree_bark_01_MRA.uexp" 2674
"C:/Users/fritz/OneDrive/Dokumente/Schule/Diplomarbeit/da-conquerthecastle-ue5/UE5/Content/Medieval_Town/Textures/Vegetation/tree_bark_01/T_tree_bark_01_BC.ubulk" 2675
"C:/Users/fritz/OneDrive/Dokumente/Schule/Diplomarbeit/da-conquerthecastle-ue5/UE5/Content/Medieval_Town/Textures/Vegetation/tree_bark_01/T_tree_bark_01_BC.uasset" 2676
"C:/Users/fritz/OneDrive/Dokumente/Schule/Diplomarbeit/da-conquerthecastle-ue5/UE5/Content/Medieval_Town/Textures/Vegetation/tree_bark_01/T_tree_bark_01_BC.uexp" 2677
"C:/Users/fritz/OneDrive/Dokumente/Schule/Diplomarbeit/da-conquerthecastle-ue5/UE5/Content/Medieval_Town/Materials/Instances/Vegetation/MI_tree_bark_01.uasset" 2678
"C:/Users/fritz/OneDrive/Dokumente/Schule/Diplomarbeit/da-conquerthecastle-ue5/UE5/Content/Medieval_Town/Materials/Instances/Vegetation/MI_tree_bark_01.uexp" 2679
"C:/Users/fritz/OneDrive/Dokumente/Schule/Diplomarbeit/da-conquerthecastle-ue5/UE5/Content/Medieval_Town/Meshes/Props/Organic/tree/SM_tree_delonix_03.ubulk" 2680
"C:/Users/fritz/OneDrive/Dokumente/Schule/Diplomarbeit/da-conquerthecastle-ue5/UE5/Content/Medieval_Town/Meshes/Props/Organic/tree/SM_tree_delonix_03.uasset" 2681
"C:/Users/fritz/OneDrive/Dokumente/Schule/Diplomarbeit/da-conquerthecastle-ue5/UE5/Content/Medieval_Town/Meshes/Props/Organic/tree/SM_tree_delonix_03.uexp" 2682
"C:/Users/fritz/OneDrive/Dokumente/Schule/Diplomarbeit/da-conquerthecastle-ue5/UE5/Content/Medieval_Town/Meshes/Props/Organic/tree/SM_tree_delonix_02.ubulk" 2683
"C:/Users/fritz/OneDrive/Dokumente/Schule/Diplomarbeit/da-conquerthecastle-ue5/UE5/Content/Medieval_Town/Meshes/Props/Organic/tree/SM_tree_delonix_02.uasset" 2684
"C:/Users/fritz/OneDrive/Dokumente/Schule/Diplomarbeit/da-conquerthecastle-ue5/UE5/Content/Medieval_Town/Meshes/Props/Organic/tree/SM_tree_delonix_02.uexp" 2685
"C:/Users/fritz/OneDrive/Dokumente/Schule/Diplomarbeit/da-conquerthecastle-ue5/UE5/Content/Medieval_Town/Meshes/Props/Organic/tree/SM_tree_delonix_01.ubulk" 2686
"C:/Users/fritz/OneDrive/Dokumente/Schule/Diplomarbeit/da-conquerthecastle-ue5/UE5/Content/Medieval_Town/Meshes/Props/Organic/tree/SM_tree_delonix_01.uasset" 2687
"C:/Users/fritz/OneDrive/Dokumente/Schule/Diplomarbeit/da-conquerthecastle-ue5/UE5/Content/Medieval_Town/Meshes/Props/Organic/tree/SM_tree_delonix_01.uexp" 2688
"C:/Users/fritz/OneDrive/Dokumente/Schule/Diplomarbeit/da-conquerthecastle-ue5/UE5/Content/Medieval_Town/Textures/Vegetation/ivy_leaves_01/T_ivy_leaves_01_N.ubulk" 2689
"C:/Users/fritz/OneDrive/Dokumente/Schule/Diplomarbeit/da-conquerthecastle-ue5/UE5/Content/Medieval_Town/Textures/Vegetation/ivy_leaves_01/T_ivy_leaves_01_N.uasset" 2690
"C:/Users/fritz/OneDrive/Dokumente/Schule/Diplomarbeit/da-conquerthecastle-ue5/UE5/Content/Medieval_Town/Textures/Vegetation/ivy_leaves_01/T_ivy_leaves_01_N.uexp" 2691
"C:/Users/fritz/OneDrive/Dokumente/Schule/Diplomarbeit/da-conquerthecastle-ue5/UE5/Content/Medieval_Town/Textures/Vegetation/ivy_leaves_01/T_ivy_leaves_01_MRA.ubulk" 2692
"C:/Users/fritz/OneDrive/Dokumente/Schule/Diplomarbeit/da-conquerthecastle-ue5/UE5/Content/Medieval_Town/Textures/Vegetation/ivy_leaves_01/T_ivy_leaves_01_MRA.uasset" 2693
"C:/Users/fritz/OneDrive/Dokumente/Schule/Diplomarbeit/da-conquerthecastle-ue5/UE5/Content/Medieval_Town/Textures/Vegetation/ivy_leaves_01/T_ivy_leaves_01_MRA.uexp" 2694
"C:/Users/fritz/OneDrive/Dokumente/Schule/Diplomarbeit/da-conquerthecastle-ue5/UE5/Content/Medieval_Town/Textures/Vegetation/ivy_leaves_01/T_ivy_leaves_01_BC.ubulk" 2695
"C:/Users/fritz/OneDrive/Dokumente/Schule/Diplomarbeit/da-conquerthecastle-ue5/UE5/Content/Medieval_Town/Textures/Vegetation/ivy_leaves_01/T_ivy_leaves_01_BC.uasset" 2696
"C:/Users/fritz/OneDrive/Dokumente/Schule/Diplomarbeit/da-conquerthecastle-ue5/UE5/Content/Medieval_Town/Textures/Vegetation/ivy_leaves_01/T_ivy_leaves_01_BC.uexp" 2697
"C:/Users/fritz/OneDrive/Dokumente/Schule/Diplomarbeit/da-conquerthecastle-ue5/UE5/Content/Medieval_Town/Materials/Instances/Vegetation/MI_ivy_leaves01.uasset" 2698
"C:/Users/fritz/OneDrive/Dokumente/Schule/Diplomarbeit/da-conquerthecastle-ue5/UE5/Content/Medieval_Town/Materials/Instances/Vegetation/MI_ivy_leaves01.uexp" 2699
"C:/Users/fritz/OneDrive/Dokumente/Schule/Diplomarbeit/da-conquerthecastle-ue5/UE5/Content/Medieval_Town/Textures/Vegetation/ivy_02/T_ivy_02_N.ubulk" 2700
"C:/Users/fritz/OneDrive/Dokumente/Schule/Diplomarbeit/da-conquerthecastle-ue5/UE5/Content/Medieval_Town/Textures/Vegetation/ivy_02/T_ivy_02_N.uasset" 2701
"C:/Users/fritz/OneDrive/Dokumente/Schule/Diplomarbeit/da-conquerthecastle-ue5/UE5/Content/Medieval_Town/Textures/Vegetation/ivy_02/T_ivy_02_N.uexp" 2702
"C:/Users/fritz/OneDrive/Dokumente/Schule/Diplomarbeit/da-conquerthecastle-ue5/UE5/Content/Medieval_Town/Textures/Vegetation/ivy_02/T_ivy_02_MRA.ubulk" 2703
"C:/Users/fritz/OneDrive/Dokumente/Schule/Diplomarbeit/da-conquerthecastle-ue5/UE5/Content/Medieval_Town/Textures/Vegetation/ivy_02/T_ivy_02_MRA.uasset" 2704
"C:/Users/fritz/OneDrive/Dokumente/Schule/Diplomarbeit/da-conquerthecastle-ue5/UE5/Content/Medieval_Town/Textures/Vegetation/ivy_02/T_ivy_02_MRA.uexp" 2705
"C:/Users/fritz/OneDrive/Dokumente/Schule/Diplomarbeit/da-conquerthecastle-ue5/UE5/Content/Medieval_Town/Textures/Vegetation/ivy_02/T_ivy_02_BC.ubulk" 2706
"C:/Users/fritz/OneDrive/Dokumente/Schule/Diplomarbeit/da-conquerthecastle-ue5/UE5/Content/Medieval_Town/Textures/Vegetation/ivy_02/T_ivy_02_BC.uasset" 2707
"C:/Users/fritz/OneDrive/Dokumente/Schule/Diplomarbeit/da-conquerthecastle-ue5/UE5/Content/Medieval_Town/Textures/Vegetation/ivy_02/T_ivy_02_BC.uexp" 2708
"C:/Users/fritz/OneDrive/Dokumente/Schule/Diplomarbeit/da-conquerthecastle-ue5/UE5/Content/Medieval_Town/Materials/Instances/Vegetation/MI_ivy_02.uasset" 2709
"C:/Users/fritz/OneDrive/Dokumente/Schule/Diplomarbeit/da-conquerthecastle-ue5/UE5/Content/Medieval_Town/Materials/Instances/Vegetation/MI_ivy_02.uexp" 2710
"C:/Users/fritz/OneDrive/Dokumente/Schule/Diplomarbeit/da-conquerthecastle-ue5/UE5/Content/Medieval_Town/Meshes/Props/Organic/ivy/SM_ivy_02.ubulk" 2711
"C:/Users/fritz/OneDrive/Dokumente/Schule/Diplomarbeit/da-conquerthecastle-ue5/UE5/Content/Medieval_Town/Meshes/Props/Organic/ivy/SM_ivy_02.uasset" 2712
"C:/Users/fritz/OneDrive/Dokumente/Schule/Diplomarbeit/da-conquerthecastle-ue5/UE5/Content/Medieval_Town/Meshes/Props/Organic/ivy/SM_ivy_02.uexp" 2713
"C:/Users/fritz/OneDrive/Dokumente/Schule/Diplomarbeit/da-conquerthecastle-ue5/UE5/Content/Medieval_Town/Textures/Vegetation/ivy_01/T_ivy_01_N.ubulk" 2714
"C:/Users/fritz/OneDrive/Dokumente/Schule/Diplomarbeit/da-conquerthecastle-ue5/UE5/Content/Medieval_Town/Textures/Vegetation/ivy_01/T_ivy_01_N.uasset" 2715
"C:/Users/fritz/OneDrive/Dokumente/Schule/Diplomarbeit/da-conquerthecastle-ue5/UE5/Content/Medieval_Town/Textures/Vegetation/ivy_01/T_ivy_01_N.uexp" 2716
"C:/Users/fritz/OneDrive/Dokumente/Schule/Diplomarbeit/da-conquerthecastle-ue5/UE5/Content/Medieval_Town/Textures/Vegetation/ivy_01/T_ivy_01_MRA.ubulk" 2717
"C:/Users/fritz/OneDrive/Dokumente/Schule/Diplomarbeit/da-conquerthecastle-ue5/UE5/Content/Medieval_Town/Textures/Vegetation/ivy_01/T_ivy_01_MRA.uasset" 2718
"C:/Users/fritz/OneDrive/Dokumente/Schule/Diplomarbeit/da-conquerthecastle-ue5/UE5/Content/Medieval_Town/Textures/Vegetation/ivy_01/T_ivy_01_MRA.uexp" 2719
"C:/Users/fritz/OneDrive/Dokumente/Schule/Diplomarbeit/da-conquerthecastle-ue5/UE5/Content/Medieval_Town/Textures/Vegetation/ivy_01/T_ivy_01_BC.ubulk" 2720
"C:/Users/fritz/OneDrive/Dokumente/Schule/Diplomarbeit/da-conquerthecastle-ue5/UE5/Content/Medieval_Town/Textures/Vegetation/ivy_01/T_ivy_01_BC.uasset" 2721
"C:/Users/fritz/OneDrive/Dokumente/Schule/Diplomarbeit/da-conquerthecastle-ue5/UE5/Content/Medieval_Town/Textures/Vegetation/ivy_01/T_ivy_01_BC.uexp" 2722
"C:/Users/fritz/OneDrive/Dokumente/Schule/Diplomarbeit/da-conquerthecastle-ue5/UE5/Content/Medieval_Town/Materials/Instances/Vegetation/MI_ivy_01.uasset" 2723
"C:/Users/fritz/OneDrive/Dokumente/Schule/Diplomarbeit/da-conquerthecastle-ue5/UE5/Content/Medieval_Town/Materials/Instances/Vegetation/MI_ivy_01.uexp" 2724
"C:/Users/fritz/OneDrive/Dokumente/Schule/Diplomarbeit/da-conquerthecastle-ue5/UE5/Content/Medieval_Town/Meshes/Props/Organic/ivy/SM_ivy_01.ubulk" 2725
"C:/Users/fritz/OneDrive/Dokumente/Schule/Diplomarbeit/da-conquerthecastle-ue5/UE5/Content/Medieval_Town/Meshes/Props/Organic/ivy/SM_ivy_01.uasset" 2726
"C:/Users/fritz/OneDrive/Dokumente/Schule/Diplomarbeit/da-conquerthecastle-ue5/UE5/Content/Medieval_Town/Meshes/Props/Organic/ivy/SM_ivy_01.uexp" 2727
"C:/Users/fritz/OneDrive/Dokumente/Schule/Diplomarbeit/da-conquerthecastle-ue5/UE5/Content/Medieval_Town/Meshes/Props/Organic/fruits_vegetables/SM_pumpkin_01.ubulk" 2728
"C:/Users/fritz/OneDrive/Dokumente/Schule/Diplomarbeit/da-conquerthecastle-ue5/UE5/Content/Medieval_Town/Meshes/Props/Organic/fruits_vegetables/SM_pumpkin_01.uasset" 2729
"C:/Users/fritz/OneDrive/Dokumente/Schule/Diplomarbeit/da-conquerthecastle-ue5/UE5/Content/Medieval_Town/Meshes/Props/Organic/fruits_vegetables/SM_pumpkin_01.uexp" 2730
"C:/Users/fritz/OneDrive/Dokumente/Schule/Diplomarbeit/da-conquerthecastle-ue5/UE5/Content/Medieval_Town/Meshes/Props/Organic/fruits_vegetables/SM_potatoe_01.ubulk" 2731
"C:/Users/fritz/OneDrive/Dokumente/Schule/Diplomarbeit/da-conquerthecastle-ue5/UE5/Content/Medieval_Town/Meshes/Props/Organic/fruits_vegetables/SM_potatoe_01.uasset" 2732
"C:/Users/fritz/OneDrive/Dokumente/Schule/Diplomarbeit/da-conquerthecastle-ue5/UE5/Content/Medieval_Town/Meshes/Props/Organic/fruits_vegetables/SM_potatoe_01.uexp" 2733
"C:/Users/fritz/OneDrive/Dokumente/Schule/Diplomarbeit/da-conquerthecastle-ue5/UE5/Content/Medieval_Town/Meshes/Props/Organic/fruits_vegetables/SM_onion_01.ubulk" 2734
"C:/Users/fritz/OneDrive/Dokumente/Schule/Diplomarbeit/da-conquerthecastle-ue5/UE5/Content/Medieval_Town/Meshes/Props/Organic/fruits_vegetables/SM_onion_01.uasset" 2735
"C:/Users/fritz/OneDrive/Dokumente/Schule/Diplomarbeit/da-conquerthecastle-ue5/UE5/Content/Medieval_Town/Meshes/Props/Organic/fruits_vegetables/SM_onion_01.uexp" 2736
"C:/Users/fritz/OneDrive/Dokumente/Schule/Diplomarbeit/da-conquerthecastle-ue5/UE5/Content/Medieval_Town/Meshes/Props/Organic/fruits_vegetables/SM_lemon_01.ubulk" 2737
"C:/Users/fritz/OneDrive/Dokumente/Schule/Diplomarbeit/da-conquerthecastle-ue5/UE5/Content/Medieval_Town/Meshes/Props/Organic/fruits_vegetables/SM_lemon_01.uasset" 2738
"C:/Users/fritz/OneDrive/Dokumente/Schule/Diplomarbeit/da-conquerthecastle-ue5/UE5/Content/Medieval_Town/Meshes/Props/Organic/fruits_vegetables/SM_lemon_01.uexp" 2739
"C:/Users/fritz/OneDrive/Dokumente/Schule/Diplomarbeit/da-conquerthecastle-ue5/UE5/Content/Medieval_Town/Meshes/Props/Organic/fruits_vegetables/SM_apple_02.ubulk" 2740
"C:/Users/fritz/OneDrive/Dokumente/Schule/Diplomarbeit/da-conquerthecastle-ue5/UE5/Content/Medieval_Town/Meshes/Props/Organic/fruits_vegetables/SM_apple_02.uasset" 2741
"C:/Users/fritz/OneDrive/Dokumente/Schule/Diplomarbeit/da-conquerthecastle-ue5/UE5/Content/Medieval_Town/Meshes/Props/Organic/fruits_vegetables/SM_apple_02.uexp" 2742
"C:/Users/fritz/OneDrive/Dokumente/Schule/Diplomarbeit/da-conquerthecastle-ue5/UE5/Content/Medieval_Town/Meshes/Props/Organic/fruits_vegetables/SM_apple_01.ubulk" 2743
"C:/Users/fritz/OneDrive/Dokumente/Schule/Diplomarbeit/da-conquerthecastle-ue5/UE5/Content/Medieval_Town/Meshes/Props/Organic/fruits_vegetables/SM_apple_01.uasset" 2744
"C:/Users/fritz/OneDrive/Dokumente/Schule/Diplomarbeit/da-conquerthecastle-ue5/UE5/Content/Medieval_Town/Meshes/Props/Organic/fruits_vegetables/SM_apple_01.uexp" 2745
"C:/Users/fritz/OneDrive/Dokumente/Schule/Diplomarbeit/da-conquerthecastle-ue5/UE5/Content/Medieval_Town/Materials/Instances/Vegetation/MI_flowers_01_blue.uasset" 2746
"C:/Users/fritz/OneDrive/Dokumente/Schule/Diplomarbeit/da-conquerthecastle-ue5/UE5/Content/Medieval_Town/Materials/Instances/Vegetation/MI_flowers_01_blue.uexp" 2747
"C:/Users/fritz/OneDrive/Dokumente/Schule/Diplomarbeit/da-conquerthecastle-ue5/UE5/Content/Medieval_Town/Meshes/Props/Organic/flowers/SM_flowers_02.ubulk" 2748
"C:/Users/fritz/OneDrive/Dokumente/Schule/Diplomarbeit/da-conquerthecastle-ue5/UE5/Content/Medieval_Town/Meshes/Props/Organic/flowers/SM_flowers_02.uasset" 2749
"C:/Users/fritz/OneDrive/Dokumente/Schule/Diplomarbeit/da-conquerthecastle-ue5/UE5/Content/Medieval_Town/Meshes/Props/Organic/flowers/SM_flowers_02.uexp" 2750
"C:/Users/fritz/OneDrive/Dokumente/Schule/Diplomarbeit/da-conquerthecastle-ue5/UE5/Content/Medieval_Town/Meshes/Props/Organic/flowers/SM_flowers_01.ubulk" 2751
"C:/Users/fritz/OneDrive/Dokumente/Schule/Diplomarbeit/da-conquerthecastle-ue5/UE5/Content/Medieval_Town/Meshes/Props/Organic/flowers/SM_flowers_01.uasset" 2752
"C:/Users/fritz/OneDrive/Dokumente/Schule/Diplomarbeit/da-conquerthecastle-ue5/UE5/Content/Medieval_Town/Meshes/Props/Organic/flowers/SM_flowers_01.uexp" 2753
"../../../Engine/Content/EngineResources/LandscapeVisibilityLayerInfo.uasset" 2754
"../../../Engine/Content/EngineResources/LandscapeVisibilityLayerInfo.uexp" 2755
"../../../Engine/Plugins/FX/Niagara/Content/VectorFields/Assets/TilingCurl32.uasset" 2756
"../../../Engine/Plugins/FX/Niagara/Content/VectorFields/Assets/TilingCurl32.uexp" 2757
"../../../Engine/Content/Functions/Engine_MaterialFunctions02/Utility/DitherTemporalAA.uasset" 2758
"../../../Engine/Content/Functions/Engine_MaterialFunctions02/Utility/DitherTemporalAA.uexp" 2759
"C:/Users/fritz/OneDrive/Dokumente/Schule/Diplomarbeit/da-conquerthecastle-ue5/UE5/Content/Medieval_Town/VFX/Materials/M_BatFlap_01.uasset" 2760
"C:/Users/fritz/OneDrive/Dokumente/Schule/Diplomarbeit/da-conquerthecastle-ue5/UE5/Content/Medieval_Town/VFX/Materials/M_BatFlap_01.uexp" 2761
"C:/Users/fritz/OneDrive/Dokumente/Schule/Diplomarbeit/da-conquerthecastle-ue5/UE5/Content/Medieval_Town/VFX/Static_Meshes/SM_Bat.ubulk" 2762
"C:/Users/fritz/OneDrive/Dokumente/Schule/Diplomarbeit/da-conquerthecastle-ue5/UE5/Content/Medieval_Town/VFX/Static_Meshes/SM_Bat.uasset" 2763
"C:/Users/fritz/OneDrive/Dokumente/Schule/Diplomarbeit/da-conquerthecastle-ue5/UE5/Content/Medieval_Town/VFX/Static_Meshes/SM_Bat.uexp" 2764
"C:/Users/fritz/OneDrive/Dokumente/Schule/Diplomarbeit/da-conquerthecastle-ue5/UE5/Content/Medieval_Town/VFX/Systems/NS_Bat_01.uasset" 2765
"C:/Users/fritz/OneDrive/Dokumente/Schule/Diplomarbeit/da-conquerthecastle-ue5/UE5/Content/Medieval_Town/VFX/Systems/NS_Bat_01.uexp" 2766
"../../../Engine/Content/ArtTools/RenderToTexture/Textures/127grey.uasset" 2767
"../../../Engine/Content/ArtTools/RenderToTexture/Textures/127grey.uexp" 2768
"../../../Engine/Content/Functions/Engine_MaterialFunctions02/ExampleContent/Textures/flipbook.ubulk" 2769
"../../../Engine/Content/Functions/Engine_MaterialFunctions02/ExampleContent/Textures/flipbook.uasset" 2770
"../../../Engine/Content/Functions/Engine_MaterialFunctions02/ExampleContent/Textures/flipbook.uexp" 2771
"../../../Engine/Content/Functions/Engine_MaterialFunctions02/Texturing/FlipBook_MotionVectors.uasset" 2772
"../../../Engine/Content/Functions/Engine_MaterialFunctions02/Texturing/FlipBook_MotionVectors.uexp" 2773
"C:/Users/fritz/OneDrive/Dokumente/Schule/Diplomarbeit/da-conquerthecastle-ue5/UE5/Content/Medieval_Town/VFX/Textures/T_Fire_RA_01.ubulk" 2774
"C:/Users/fritz/OneDrive/Dokumente/Schule/Diplomarbeit/da-conquerthecastle-ue5/UE5/Content/Medieval_Town/VFX/Textures/T_Fire_RA_01.uasset" 2775
"C:/Users/fritz/OneDrive/Dokumente/Schule/Diplomarbeit/da-conquerthecastle-ue5/UE5/Content/Medieval_Town/VFX/Textures/T_Fire_RA_01.uexp" 2776
"C:/Users/fritz/OneDrive/Dokumente/Schule/Diplomarbeit/da-conquerthecastle-ue5/UE5/Content/Medieval_Town/VFX/Textures/T_Fire_MV_01.ubulk" 2777
"C:/Users/fritz/OneDrive/Dokumente/Schule/Diplomarbeit/da-conquerthecastle-ue5/UE5/Content/Medieval_Town/VFX/Textures/T_Fire_MV_01.uasset" 2778
"C:/Users/fritz/OneDrive/Dokumente/Schule/Diplomarbeit/da-conquerthecastle-ue5/UE5/Content/Medieval_Town/VFX/Textures/T_Fire_MV_01.uexp" 2779
"C:/Users/fritz/OneDrive/Dokumente/Schule/Diplomarbeit/da-conquerthecastle-ue5/UE5/Content/Medieval_Town/VFX/Materials/M_SmokeMV_02.uasset" 2780
"C:/Users/fritz/OneDrive/Dokumente/Schule/Diplomarbeit/da-conquerthecastle-ue5/UE5/Content/Medieval_Town/VFX/Materials/M_SmokeMV_02.uexp" 2781
"C:/Users/fritz/OneDrive/Dokumente/Schule/Diplomarbeit/da-conquerthecastle-ue5/UE5/Content/Medieval_Town/VFX/Materials/MI_ChimneySmoke_MV_02.uasset" 2782
"C:/Users/fritz/OneDrive/Dokumente/Schule/Diplomarbeit/da-conquerthecastle-ue5/UE5/Content/Medieval_Town/VFX/Materials/MI_ChimneySmoke_MV_02.uexp" 2783
"C:/Users/fritz/OneDrive/Dokumente/Schule/Diplomarbeit/da-conquerthecastle-ue5/UE5/Content/Medieval_Town/VFX/Systems/NS_ChimneySmoke_01.uasset" 2784
"C:/Users/fritz/OneDrive/Dokumente/Schule/Diplomarbeit/da-conquerthecastle-ue5/UE5/Content/Medieval_Town/VFX/Systems/NS_ChimneySmoke_01.uexp" 2785
"../../../Engine/Content/Functions/Engine_MaterialFunctions01/Density/ExponentialDensity.uasset" 2786
"../../../Engine/Content/Functions/Engine_MaterialFunctions01/Density/ExponentialDensity.uexp" 2787
"../../../Engine/Content/Functions/Engine_MaterialFunctions01/Gradient/RadialGradientExponential.uasset" 2788
"../../../Engine/Content/Functions/Engine_MaterialFunctions01/Gradient/RadialGradientExponential.uexp" 2789
"C:/Users/fritz/OneDrive/Dokumente/Schule/Diplomarbeit/da-conquerthecastle-ue5/UE5/Content/Medieval_Town/VFX/Materials/M_Dust_01.uasset" 2790
"C:/Users/fritz/OneDrive/Dokumente/Schule/Diplomarbeit/da-conquerthecastle-ue5/UE5/Content/Medieval_Town/VFX/Materials/M_Dust_01.uexp" 2791
"C:/Users/fritz/OneDrive/Dokumente/Schule/Diplomarbeit/da-conquerthecastle-ue5/UE5/Content/Medieval_Town/VFX/Systems/NS_Dust_01.uasset" 2792
"C:/Users/fritz/OneDrive/Dokumente/Schule/Diplomarbeit/da-conquerthecastle-ue5/UE5/Content/Medieval_Town/VFX/Systems/NS_Dust_01.uexp" 2793
"C:/Users/fritz/OneDrive/Dokumente/Schule/Diplomarbeit/da-conquerthecastle-ue5/UE5/Content/Medieval_Town/VFX/Materials/M_Dust_small_01.uasset" 2794
"C:/Users/fritz/OneDrive/Dokumente/Schule/Diplomarbeit/da-conquerthecastle-ue5/UE5/Content/Medieval_Town/VFX/Materials/M_Dust_small_01.uexp" 2795
"C:/Users/fritz/OneDrive/Dokumente/Schule/Diplomarbeit/da-conquerthecastle-ue5/UE5/Content/Medieval_Town/VFX/Systems/NS_Dust_small_01.uasset" 2796
"C:/Users/fritz/OneDrive/Dokumente/Schule/Diplomarbeit/da-conquerthecastle-ue5/UE5/Content/Medieval_Town/VFX/Systems/NS_Dust_small_01.uexp" 2797
"C:/Users/fritz/OneDrive/Dokumente/Schule/Diplomarbeit/da-conquerthecastle-ue5/UE5/Content/Medieval_Town/VFX/Textures/T_Glow_01.uasset" 2798
"C:/Users/fritz/OneDrive/Dokumente/Schule/Diplomarbeit/da-conquerthecastle-ue5/UE5/Content/Medieval_Town/VFX/Textures/T_Glow_01.uexp" 2799
"C:/Users/fritz/OneDrive/Dokumente/Schule/Diplomarbeit/da-conquerthecastle-ue5/UE5/Content/Medieval_Town/VFX/Materials/M_Glow.uasset" 2800
"C:/Users/fritz/OneDrive/Dokumente/Schule/Diplomarbeit/da-conquerthecastle-ue5/UE5/Content/Medieval_Town/VFX/Materials/M_Glow.uexp" 2801
"C:/Users/fritz/OneDrive/Dokumente/Schule/Diplomarbeit/da-conquerthecastle-ue5/UE5/Content/Medieval_Town/VFX/Materials/M_FireEmbers.uasset" 2802
"C:/Users/fritz/OneDrive/Dokumente/Schule/Diplomarbeit/da-conquerthecastle-ue5/UE5/Content/Medieval_Town/VFX/Materials/M_FireEmbers.uexp" 2803
"C:/Users/fritz/OneDrive/Dokumente/Schule/Diplomarbeit/da-conquerthecastle-ue5/UE5/Content/Medieval_Town/VFX/Textures/T_FireFurnace_RA_01.ubulk" 2804
"C:/Users/fritz/OneDrive/Dokumente/Schule/Diplomarbeit/da-conquerthecastle-ue5/UE5/Content/Medieval_Town/VFX/Textures/T_FireFurnace_RA_01.uasset" 2805
"C:/Users/fritz/OneDrive/Dokumente/Schule/Diplomarbeit/da-conquerthecastle-ue5/UE5/Content/Medieval_Town/VFX/Textures/T_FireFurnace_RA_01.uexp" 2806
"C:/Users/fritz/OneDrive/Dokumente/Schule/Diplomarbeit/da-conquerthecastle-ue5/UE5/Content/Medieval_Town/VFX/Textures/T_FireFurnace_MV_01.ubulk" 2807
"C:/Users/fritz/OneDrive/Dokumente/Schule/Diplomarbeit/da-conquerthecastle-ue5/UE5/Content/Medieval_Town/VFX/Textures/T_FireFurnace_MV_01.uasset" 2808
"C:/Users/fritz/OneDrive/Dokumente/Schule/Diplomarbeit/da-conquerthecastle-ue5/UE5/Content/Medieval_Town/VFX/Textures/T_FireFurnace_MV_01.uexp" 2809
"C:/Users/fritz/OneDrive/Dokumente/Schule/Diplomarbeit/da-conquerthecastle-ue5/UE5/Content/Medieval_Town/VFX/Materials/M_FurnaceFlame_01.uasset" 2810
"C:/Users/fritz/OneDrive/Dokumente/Schule/Diplomarbeit/da-conquerthecastle-ue5/UE5/Content/Medieval_Town/VFX/Materials/M_FurnaceFlame_01.uexp" 2811
"C:/Users/fritz/OneDrive/Dokumente/Schule/Diplomarbeit/da-conquerthecastle-ue5/UE5/Content/Medieval_Town/VFX/Materials/MI_FurnaceFlame_01.uasset" 2812
"C:/Users/fritz/OneDrive/Dokumente/Schule/Diplomarbeit/da-conquerthecastle-ue5/UE5/Content/Medieval_Town/VFX/Materials/MI_FurnaceFlame_01.uexp" 2813
"C:/Users/fritz/OneDrive/Dokumente/Schule/Diplomarbeit/da-conquerthecastle-ue5/UE5/Content/Medieval_Town/VFX/Systems/NS_FurnaceFlames_01.uasset" 2814
"C:/Users/fritz/OneDrive/Dokumente/Schule/Diplomarbeit/da-conquerthecastle-ue5/UE5/Content/Medieval_Town/VFX/Systems/NS_FurnaceFlames_01.uexp" 2815
"C:/Users/fritz/OneDrive/Dokumente/Schule/Diplomarbeit/da-conquerthecastle-ue5/UE5/Content/Medieval_Town/VFX/Materials/M_FurnaceSmoke_01.uasset" 2816
"C:/Users/fritz/OneDrive/Dokumente/Schule/Diplomarbeit/da-conquerthecastle-ue5/UE5/Content/Medieval_Town/VFX/Materials/M_FurnaceSmoke_01.uexp" 2817
"C:/Users/fritz/OneDrive/Dokumente/Schule/Diplomarbeit/da-conquerthecastle-ue5/UE5/Content/Medieval_Town/VFX/Materials/MI_FurnaceSmoke_01.uasset" 2818
"C:/Users/fritz/OneDrive/Dokumente/Schule/Diplomarbeit/da-conquerthecastle-ue5/UE5/Content/Medieval_Town/VFX/Materials/MI_FurnaceSmoke_01.uexp" 2819
"C:/Users/fritz/OneDrive/Dokumente/Schule/Diplomarbeit/da-conquerthecastle-ue5/UE5/Content/Medieval_Town/VFX/Systems/NS_FurnaceFlames_02.uasset" 2820
"C:/Users/fritz/OneDrive/Dokumente/Schule/Diplomarbeit/da-conquerthecastle-ue5/UE5/Content/Medieval_Town/VFX/Systems/NS_FurnaceFlames_02.uexp" 2821
"C:/Users/fritz/OneDrive/Dokumente/Schule/Diplomarbeit/da-conquerthecastle-ue5/UE5/Content/Medieval_Town/Meshes/Props/Organic/SM_petals_01.ubulk" 2822
"C:/Users/fritz/OneDrive/Dokumente/Schule/Diplomarbeit/da-conquerthecastle-ue5/UE5/Content/Medieval_Town/Meshes/Props/Organic/SM_petals_01.uasset" 2823
"C:/Users/fritz/OneDrive/Dokumente/Schule/Diplomarbeit/da-conquerthecastle-ue5/UE5/Content/Medieval_Town/Meshes/Props/Organic/SM_petals_01.uexp" 2824
"C:/Users/fritz/OneDrive/Dokumente/Schule/Diplomarbeit/da-conquerthecastle-ue5/UE5/Content/Medieval_Town/VFX/Materials/M_Leaf_Green_01.uasset" 2825
"C:/Users/fritz/OneDrive/Dokumente/Schule/Diplomarbeit/da-conquerthecastle-ue5/UE5/Content/Medieval_Town/VFX/Materials/M_Leaf_Green_01.uexp" 2826
"C:/Users/fritz/OneDrive/Dokumente/Schule/Diplomarbeit/da-conquerthecastle-ue5/UE5/Content/Medieval_Town/VFX/Static_Meshes/SM_LeafGreenMesh.ubulk" 2827
"C:/Users/fritz/OneDrive/Dokumente/Schule/Diplomarbeit/da-conquerthecastle-ue5/UE5/Content/Medieval_Town/VFX/Static_Meshes/SM_LeafGreenMesh.uasset" 2828
"C:/Users/fritz/OneDrive/Dokumente/Schule/Diplomarbeit/da-conquerthecastle-ue5/UE5/Content/Medieval_Town/VFX/Static_Meshes/SM_LeafGreenMesh.uexp" 2829
"C:/Users/fritz/OneDrive/Dokumente/Schule/Diplomarbeit/da-conquerthecastle-ue5/UE5/Content/Medieval_Town/VFX/Systems/NS_Leaves_01.uasset" 2830
"C:/Users/fritz/OneDrive/Dokumente/Schule/Diplomarbeit/da-conquerthecastle-ue5/UE5/Content/Medieval_Town/VFX/Systems/NS_Leaves_01.uexp" 2831
"C:/Users/fritz/OneDrive/Dokumente/Schule/Diplomarbeit/da-conquerthecastle-ue5/UE5/Content/Medieval_Town/VFX/Systems/NS_Leaves_Falling_01.uasset" 2832
"C:/Users/fritz/OneDrive/Dokumente/Schule/Diplomarbeit/da-conquerthecastle-ue5/UE5/Content/Medieval_Town/VFX/Systems/NS_Leaves_Falling_01.uexp" 2833
"C:/Users/fritz/OneDrive/Dokumente/Schule/Diplomarbeit/da-conquerthecastle-ue5/UE5/Content/Medieval_Town/VFX/Materials/M_BirdFlapWhite_01.uasset" 2834
"C:/Users/fritz/OneDrive/Dokumente/Schule/Diplomarbeit/da-conquerthecastle-ue5/UE5/Content/Medieval_Town/VFX/Materials/M_BirdFlapWhite_01.uexp" 2835
"C:/Users/fritz/OneDrive/Dokumente/Schule/Diplomarbeit/da-conquerthecastle-ue5/UE5/Content/Medieval_Town/VFX/Materials/M_BirdFlap_02.uasset" 2836
"C:/Users/fritz/OneDrive/Dokumente/Schule/Diplomarbeit/da-conquerthecastle-ue5/UE5/Content/Medieval_Town/VFX/Materials/M_BirdFlap_02.uexp" 2837
"C:/Users/fritz/OneDrive/Dokumente/Schule/Diplomarbeit/da-conquerthecastle-ue5/UE5/Content/Medieval_Town/VFX/Static_Meshes/SM_Bird_01.ubulk" 2838
"C:/Users/fritz/OneDrive/Dokumente/Schule/Diplomarbeit/da-conquerthecastle-ue5/UE5/Content/Medieval_Town/VFX/Static_Meshes/SM_Bird_01.uasset" 2839
"C:/Users/fritz/OneDrive/Dokumente/Schule/Diplomarbeit/da-conquerthecastle-ue5/UE5/Content/Medieval_Town/VFX/Static_Meshes/SM_Bird_01.uexp" 2840
"C:/Users/fritz/OneDrive/Dokumente/Schule/Diplomarbeit/da-conquerthecastle-ue5/UE5/Content/Medieval_Town/VFX/Systems/NS_SeaGulls_01.uasset" 2841
"C:/Users/fritz/OneDrive/Dokumente/Schule/Diplomarbeit/da-conquerthecastle-ue5/UE5/Content/Medieval_Town/VFX/Systems/NS_SeaGulls_01.uexp" 2842
"C:/Users/fritz/OneDrive/Dokumente/Schule/Diplomarbeit/da-conquerthecastle-ue5/UE5/Content/Medieval_Town/VFX/Materials/M_Embers.uasset" 2843
"C:/Users/fritz/OneDrive/Dokumente/Schule/Diplomarbeit/da-conquerthecastle-ue5/UE5/Content/Medieval_Town/VFX/Materials/M_Embers.uexp" 2844
"../../../Engine/Content/Functions/Engine_MaterialFunctions02/Utility/VectorToRadialValue.uasset" 2845
"../../../Engine/Content/Functions/Engine_MaterialFunctions02/Utility/VectorToRadialValue.uexp" 2846
"C:/Users/fritz/OneDrive/Dokumente/Schule/Diplomarbeit/da-conquerthecastle-ue5/UE5/Content/Medieval_Town/VFX/Textures/T_WorlyNoise_1.ubulk" 2847
"C:/Users/fritz/OneDrive/Dokumente/Schule/Diplomarbeit/da-conquerthecastle-ue5/UE5/Content/Medieval_Town/VFX/Textures/T_WorlyNoise_1.uasset" 2848
"C:/Users/fritz/OneDrive/Dokumente/Schule/Diplomarbeit/da-conquerthecastle-ue5/UE5/Content/Medieval_Town/VFX/Textures/T_WorlyNoise_1.uexp" 2849
"C:/Users/fritz/OneDrive/Dokumente/Schule/Diplomarbeit/da-conquerthecastle-ue5/UE5/Content/Medieval_Town/VFX/Textures/T_LiquidNormal.ubulk" 2850
"C:/Users/fritz/OneDrive/Dokumente/Schule/Diplomarbeit/da-conquerthecastle-ue5/UE5/Content/Medieval_Town/VFX/Textures/T_LiquidNormal.uasset" 2851
"C:/Users/fritz/OneDrive/Dokumente/Schule/Diplomarbeit/da-conquerthecastle-ue5/UE5/Content/Medieval_Town/VFX/Textures/T_LiquidNormal.uexp" 2852
"C:/Users/fritz/OneDrive/Dokumente/Schule/Diplomarbeit/da-conquerthecastle-ue5/UE5/Content/Medieval_Town/VFX/Materials/M_WaterFountain_02.uasset" 2853
"C:/Users/fritz/OneDrive/Dokumente/Schule/Diplomarbeit/da-conquerthecastle-ue5/UE5/Content/Medieval_Town/VFX/Materials/M_WaterFountain_02.uexp" 2854
"C:/Users/fritz/OneDrive/Dokumente/Schule/Diplomarbeit/da-conquerthecastle-ue5/UE5/Content/Medieval_Town/VFX/Materials/MI_WaterFountain_02.uasset" 2855
"C:/Users/fritz/OneDrive/Dokumente/Schule/Diplomarbeit/da-conquerthecastle-ue5/UE5/Content/Medieval_Town/VFX/Materials/MI_WaterFountain_02.uexp" 2856
"C:/Users/fritz/OneDrive/Dokumente/Schule/Diplomarbeit/da-conquerthecastle-ue5/UE5/Content/Medieval_Town/VFX/Textures/T_WorlyNoise_3.ubulk" 2857
"C:/Users/fritz/OneDrive/Dokumente/Schule/Diplomarbeit/da-conquerthecastle-ue5/UE5/Content/Medieval_Town/VFX/Textures/T_WorlyNoise_3.uasset" 2858
"C:/Users/fritz/OneDrive/Dokumente/Schule/Diplomarbeit/da-conquerthecastle-ue5/UE5/Content/Medieval_Town/VFX/Textures/T_WorlyNoise_3.uexp" 2859
"C:/Users/fritz/OneDrive/Dokumente/Schule/Diplomarbeit/da-conquerthecastle-ue5/UE5/Content/Medieval_Town/VFX/Materials/M_Splash_01.uasset" 2860
"C:/Users/fritz/OneDrive/Dokumente/Schule/Diplomarbeit/da-conquerthecastle-ue5/UE5/Content/Medieval_Town/VFX/Materials/M_Splash_01.uexp" 2861
"C:/Users/fritz/OneDrive/Dokumente/Schule/Diplomarbeit/da-conquerthecastle-ue5/UE5/Content/Medieval_Town/VFX/Materials/MI_Splash_03.uasset" 2862
"C:/Users/fritz/OneDrive/Dokumente/Schule/Diplomarbeit/da-conquerthecastle-ue5/UE5/Content/Medieval_Town/VFX/Materials/MI_Splash_03.uexp" 2863
"C:/Users/fritz/OneDrive/Dokumente/Schule/Diplomarbeit/da-conquerthecastle-ue5/UE5/Content/Medieval_Town/VFX/Materials/MI_Splash_02.uasset" 2864
"C:/Users/fritz/OneDrive/Dokumente/Schule/Diplomarbeit/da-conquerthecastle-ue5/UE5/Content/Medieval_Town/VFX/Materials/MI_Splash_02.uexp" 2865
"C:/Users/fritz/OneDrive/Dokumente/Schule/Diplomarbeit/da-conquerthecastle-ue5/UE5/Content/Medieval_Town/VFX/Systems/NS_WaterFountainSplash_01.uasset" 2866
"C:/Users/fritz/OneDrive/Dokumente/Schule/Diplomarbeit/da-conquerthecastle-ue5/UE5/Content/Medieval_Town/VFX/Systems/NS_WaterFountainSplash_01.uexp" 2867
"C:/Users/fritz/OneDrive/Dokumente/Schule/Diplomarbeit/da-conquerthecastle-ue5/UE5/Content/Medieval_Town/VFX/Materials/M_WaterFountain_01.uasset" 2868
"C:/Users/fritz/OneDrive/Dokumente/Schule/Diplomarbeit/da-conquerthecastle-ue5/UE5/Content/Medieval_Town/VFX/Materials/M_WaterFountain_01.uexp" 2869
"C:/Users/fritz/OneDrive/Dokumente/Schule/Diplomarbeit/da-conquerthecastle-ue5/UE5/Content/Medieval_Town/VFX/Materials/MI_WaterFountain_01.uasset" 2870
"C:/Users/fritz/OneDrive/Dokumente/Schule/Diplomarbeit/da-conquerthecastle-ue5/UE5/Content/Medieval_Town/VFX/Materials/MI_WaterFountain_01.uexp" 2871
"C:/Users/fritz/OneDrive/Dokumente/Schule/Diplomarbeit/da-conquerthecastle-ue5/UE5/Content/Medieval_Town/VFX/Static_Meshes/SM_WaterFountain_01.ubulk" 2872
"C:/Users/fritz/OneDrive/Dokumente/Schule/Diplomarbeit/da-conquerthecastle-ue5/UE5/Content/Medieval_Town/VFX/Static_Meshes/SM_WaterFountain_01.uasset" 2873
"C:/Users/fritz/OneDrive/Dokumente/Schule/Diplomarbeit/da-conquerthecastle-ue5/UE5/Content/Medieval_Town/VFX/Static_Meshes/SM_WaterFountain_01.uexp" 2874
"C:/Users/fritz/OneDrive/Dokumente/Schule/Diplomarbeit/da-conquerthecastle-ue5/UE5/Content/Medieval_Town/VFX/Systems/NS_WaterFountain_01.uasset" 2875
"C:/Users/fritz/OneDrive/Dokumente/Schule/Diplomarbeit/da-conquerthecastle-ue5/UE5/Content/Medieval_Town/VFX/Systems/NS_WaterFountain_01.uexp" 2876
"C:/Users/fritz/OneDrive/Dokumente/Schule/Diplomarbeit/da-conquerthecastle-ue5/UE5/Content/Medieval_Town/VFX/Static_Meshes/SM_WaterFountain_02.ubulk" 2877
"C:/Users/fritz/OneDrive/Dokumente/Schule/Diplomarbeit/da-conquerthecastle-ue5/UE5/Content/Medieval_Town/VFX/Static_Meshes/SM_WaterFountain_02.uasset" 2878
"C:/Users/fritz/OneDrive/Dokumente/Schule/Diplomarbeit/da-conquerthecastle-ue5/UE5/Content/Medieval_Town/VFX/Static_Meshes/SM_WaterFountain_02.uexp" 2879
"C:/Users/fritz/OneDrive/Dokumente/Schule/Diplomarbeit/da-conquerthecastle-ue5/UE5/Content/Medieval_Town/VFX/Systems/NS_WaterFountain_02.uasset" 2880
"C:/Users/fritz/OneDrive/Dokumente/Schule/Diplomarbeit/da-conquerthecastle-ue5/UE5/Content/Medieval_Town/VFX/Systems/NS_WaterFountain_02.uexp" 2881
"C:/Users/fritz/OneDrive/Dokumente/Schule/Diplomarbeit/da-conquerthecastle-ue5/UE5/Content/Medieval_Town/VFX/Materials/MI_WaterWheelFog_01.uasset" 2882
"C:/Users/fritz/OneDrive/Dokumente/Schule/Diplomarbeit/da-conquerthecastle-ue5/UE5/Content/Medieval_Town/VFX/Materials/MI_WaterWheelFog_01.uexp" 2883
"C:/Users/fritz/OneDrive/Dokumente/Schule/Diplomarbeit/da-conquerthecastle-ue5/UE5/Content/Medieval_Town/VFX/Systems/NS_WaterWheelFog_01.uasset" 2884
"C:/Users/fritz/OneDrive/Dokumente/Schule/Diplomarbeit/da-conquerthecastle-ue5/UE5/Content/Medieval_Town/VFX/Systems/NS_WaterWheelFog_01.uexp" 2885
"C:/Users/fritz/OneDrive/Dokumente/Schule/Diplomarbeit/da-conquerthecastle-ue5/UE5/Content/Medieval_Town/VFX/Materials/MI_Splash_06.uasset" 2886
"C:/Users/fritz/OneDrive/Dokumente/Schule/Diplomarbeit/da-conquerthecastle-ue5/UE5/Content/Medieval_Town/VFX/Materials/MI_Splash_06.uexp" 2887
"C:/Users/fritz/OneDrive/Dokumente/Schule/Diplomarbeit/da-conquerthecastle-ue5/UE5/Content/Medieval_Town/VFX/Materials/MI_Splash_05.uasset" 2888
"C:/Users/fritz/OneDrive/Dokumente/Schule/Diplomarbeit/da-conquerthecastle-ue5/UE5/Content/Medieval_Town/VFX/Materials/MI_Splash_05.uexp" 2889
"../../../Engine/Content/Functions/Engine_MaterialFunctions02/SmoothStep.uasset" 2890
"../../../Engine/Content/Functions/Engine_MaterialFunctions02/SmoothStep.uexp" 2891
"C:/Users/fritz/OneDrive/Dokumente/Schule/Diplomarbeit/da-conquerthecastle-ue5/UE5/Content/Medieval_Town/VFX/Textures/T_Perlin.ubulk" 2892
"C:/Users/fritz/OneDrive/Dokumente/Schule/Diplomarbeit/da-conquerthecastle-ue5/UE5/Content/Medieval_Town/VFX/Textures/T_Perlin.uasset" 2893
"C:/Users/fritz/OneDrive/Dokumente/Schule/Diplomarbeit/da-conquerthecastle-ue5/UE5/Content/Medieval_Town/VFX/Textures/T_Perlin.uexp" 2894
"C:/Users/fritz/OneDrive/Dokumente/Schule/Diplomarbeit/da-conquerthecastle-ue5/UE5/Content/Medieval_Town/VFX/Materials/M_Splash_02.uasset" 2895
"C:/Users/fritz/OneDrive/Dokumente/Schule/Diplomarbeit/da-conquerthecastle-ue5/UE5/Content/Medieval_Town/VFX/Materials/M_Splash_02.uexp" 2896
"C:/Users/fritz/OneDrive/Dokumente/Schule/Diplomarbeit/da-conquerthecastle-ue5/UE5/Content/Medieval_Town/VFX/Materials/MI_Splash_01.uasset" 2897
"C:/Users/fritz/OneDrive/Dokumente/Schule/Diplomarbeit/da-conquerthecastle-ue5/UE5/Content/Medieval_Town/VFX/Materials/MI_Splash_01.uexp" 2898
"C:/Users/fritz/OneDrive/Dokumente/Schule/Diplomarbeit/da-conquerthecastle-ue5/UE5/Content/Medieval_Town/VFX/Static_Meshes/SM_Waterwheel_01.ubulk" 2899
"C:/Users/fritz/OneDrive/Dokumente/Schule/Diplomarbeit/da-conquerthecastle-ue5/UE5/Content/Medieval_Town/VFX/Static_Meshes/SM_Waterwheel_01.uasset" 2900
"C:/Users/fritz/OneDrive/Dokumente/Schule/Diplomarbeit/da-conquerthecastle-ue5/UE5/Content/Medieval_Town/VFX/Static_Meshes/SM_Waterwheel_01.uexp" 2901
"C:/Users/fritz/OneDrive/Dokumente/Schule/Diplomarbeit/da-conquerthecastle-ue5/UE5/Content/Medieval_Town/VFX/Systems/NS_WaterWheelSplash_01.uasset" 2902
"C:/Users/fritz/OneDrive/Dokumente/Schule/Diplomarbeit/da-conquerthecastle-ue5/UE5/Content/Medieval_Town/VFX/Systems/NS_WaterWheelSplash_01.uexp" 2903
"C:/Users/fritz/OneDrive/Dokumente/Schule/Diplomarbeit/da-conquerthecastle-ue5/UE5/Content/Medieval_Town/VFX/Materials/MI_Splash_04.uasset" 2904
"C:/Users/fritz/OneDrive/Dokumente/Schule/Diplomarbeit/da-conquerthecastle-ue5/UE5/Content/Medieval_Town/VFX/Materials/MI_Splash_04.uexp" 2905
"C:/Users/fritz/OneDrive/Dokumente/Schule/Diplomarbeit/da-conquerthecastle-ue5/UE5/Content/Medieval_Town/VFX/Systems/NS_WaterWheelSplash_02.uasset" 2906
"C:/Users/fritz/OneDrive/Dokumente/Schule/Diplomarbeit/da-conquerthecastle-ue5/UE5/Content/Medieval_Town/VFX/Systems/NS_WaterWheelSplash_02.uexp" 2907
"C:/Users/fritz/OneDrive/Dokumente/Schule/Diplomarbeit/da-conquerthecastle-ue5/UE5/Content/Medieval_Town/VFX/Systems/NS_WaterWheelSplash_03.uasset" 2908
"C:/Users/fritz/OneDrive/Dokumente/Schule/Diplomarbeit/da-conquerthecastle-ue5/UE5/Content/Medieval_Town/VFX/Systems/NS_WaterWheelSplash_03.uexp" 2909
"C:/Users/fritz/OneDrive/Dokumente/Schule/Diplomarbeit/da-conquerthecastle-ue5/UE5/Content/Maps/Cinematic/BossroomFade.uasset" 2910
"C:/Users/fritz/OneDrive/Dokumente/Schule/Diplomarbeit/da-conquerthecastle-ue5/UE5/Content/Maps/Cinematic/BossroomFade.uexp" 2911
"C:/Users/fritz/OneDrive/Dokumente/Schule/Diplomarbeit/da-conquerthecastle-ue5/UE5/Content/Maps/Cinematic/IntroSequence.uasset" 2912
"C:/Users/fritz/OneDrive/Dokumente/Schule/Diplomarbeit/da-conquerthecastle-ue5/UE5/Content/Maps/Cinematic/IntroSequence.uexp" 2913
"C:/Users/fritz/OneDrive/Dokumente/Schule/Diplomarbeit/da-conquerthecastle-ue5/UE5/Content/Maps/Cinematic/LoadingScreen.uasset" 2914
"C:/Users/fritz/OneDrive/Dokumente/Schule/Diplomarbeit/da-conquerthecastle-ue5/UE5/Content/Maps/Cinematic/LoadingScreen.uexp" 2915
"../../../Engine/Content/VREditor/TransformGizmo/TranslucentTransformGizmoMaterial_Inst.uasset" 2916
"../../../Engine/Content/VREditor/TransformGizmo/TranslucentTransformGizmoMaterial_Inst.uexp" 2917
"../../../Engine/Content/VREditor/TransformGizmo/TransformGizmoMaterial_Inst.uasset" 2918
"../../../Engine/Content/VREditor/TransformGizmo/TransformGizmoMaterial_Inst.uexp" 2919
"../../../Engine/Content/VREditor/Sounds/UI/Drop_Item_From_ContentBrowser.ubulk" 2920
"../../../Engine/Content/VREditor/Sounds/UI/Drop_Item_From_ContentBrowser.uasset" 2921
"../../../Engine/Content/VREditor/Sounds/UI/Drop_Item_From_ContentBrowser.uexp" 2922
"../../../Engine/Content/VREditor/TransformGizmo/UniformScaleHandle.ubulk" 2923
"../../../Engine/Content/VREditor/TransformGizmo/UniformScaleHandle.uasset" 2924
"../../../Engine/Content/VREditor/TransformGizmo/UniformScaleHandle.uexp" 2925
"../../../Engine/Content/VREditor/TransformGizmo/TranslateArrowHandle.ubulk" 2926
"../../../Engine/Content/VREditor/TransformGizmo/TranslateArrowHandle.uasset" 2927
"../../../Engine/Content/VREditor/TransformGizmo/TranslateArrowHandle.uexp" 2928
"../../../Engine/Content/VREditor/TransformGizmo/TransformGizmoFreeRotation.ubulk" 2929
"../../../Engine/Content/VREditor/TransformGizmo/TransformGizmoFreeRotation.uasset" 2930
"../../../Engine/Content/VREditor/TransformGizmo/TransformGizmoFreeRotation.uexp" 2931
"../../../Engine/Content/VREditor/TransformGizmo/StartRotationHandleIndicator.ubulk" 2932
"../../../Engine/Content/VREditor/TransformGizmo/StartRotationHandleIndicator.uasset" 2933
"../../../Engine/Content/VREditor/TransformGizmo/StartRotationHandleIndicator.uexp" 2934
"../../../Engine/Content/VREditor/SnapGrid/SnapGridMaterial.uasset" 2935
"../../../Engine/Content/VREditor/SnapGrid/SnapGridMaterial.uexp" 2936
"../../../Engine/Content/VREditor/SnapGrid/SnapGridPlaneMesh.ubulk" 2937
"../../../Engine/Content/VREditor/SnapGrid/SnapGridPlaneMesh.uasset" 2938
"../../../Engine/Content/VREditor/SnapGrid/SnapGridPlaneMesh.uexp" 2939
"../../../Engine/Content/VREditor/Sounds/UI/Gizmo_Handle_Clicked.ubulk" 2940
"../../../Engine/Content/VREditor/Sounds/UI/Gizmo_Handle_Clicked.uasset" 2941
"../../../Engine/Content/VREditor/Sounds/UI/Gizmo_Handle_Clicked.uexp" 2942
"../../../Engine/Content/VREditor/Sounds/UI/Object_PickUp.ubulk" 2943
"../../../Engine/Content/VREditor/Sounds/UI/Object_PickUp.uasset" 2944
"../../../Engine/Content/VREditor/Sounds/UI/Object_PickUp.uexp" 2945
"../../../Engine/Content/VREditor/Sounds/UI/Object_Snaps_To_Another_Actor.ubulk" 2946
"../../../Engine/Content/VREditor/Sounds/UI/Object_Snaps_To_Another_Actor.uasset" 2947
"../../../Engine/Content/VREditor/Sounds/UI/Object_Snaps_To_Another_Actor.uexp" 2948
"../../../Engine/Content/VREditor/Sounds/UI/Object_Snaps_To_Grid.ubulk" 2949
"../../../Engine/Content/VREditor/Sounds/UI/Object_Snaps_To_Grid.uasset" 2950
"../../../Engine/Content/VREditor/Sounds/UI/Object_Snaps_To_Grid.uexp" 2951
"../../../Engine/Content/VREditor/Sounds/UI/Scaling_Down.ubulk" 2952
"../../../Engine/Content/VREditor/Sounds/UI/Scaling_Down.uasset" 2953
"../../../Engine/Content/VREditor/Sounds/UI/Scaling_Down.uexp" 2954
"../../../Engine/Content/VREditor/Sounds/UI/Scaling_Up.ubulk" 2955
"../../../Engine/Content/VREditor/Sounds/UI/Scaling_Up.uasset" 2956
"../../../Engine/Content/VREditor/Sounds/UI/Scaling_Up.uexp" 2957
"../../../Engine/Content/VREditor/Sounds/UI/Selection_Changes.ubulk" 2958
"../../../Engine/Content/VREditor/Sounds/UI/Selection_Changes.uasset" 2959
"../../../Engine/Content/VREditor/Sounds/UI/Selection_Changes.uexp" 2960
"../../../Engine/Content/VREditor/TransformGizmo/PlaneTranslationHandle.ubulk" 2961
"../../../Engine/Content/VREditor/TransformGizmo/PlaneTranslationHandle.uasset" 2962
"../../../Engine/Content/VREditor/TransformGizmo/PlaneTranslationHandle.uexp" 2963
"../../../Engine/Content/VREditor/TransformGizmo/RotationHandleFull.ubulk" 2964
"../../../Engine/Content/VREditor/TransformGizmo/RotationHandleFull.uasset" 2965
"../../../Engine/Content/VREditor/TransformGizmo/RotationHandleFull.uexp" 2966
"../../../Engine/Content/VREditor/TransformGizmo/RotationHandleIndicator.ubulk" 2967
"../../../Engine/Content/VREditor/TransformGizmo/RotationHandleIndicator.uasset" 2968
"../../../Engine/Content/VREditor/TransformGizmo/RotationHandleIndicator.uexp" 2969
"../../../Engine/Content/VREditor/TransformGizmo/RotationHandleQuarter.ubulk" 2970
"../../../Engine/Content/VREditor/TransformGizmo/RotationHandleQuarter.uasset" 2971
"../../../Engine/Content/VREditor/TransformGizmo/RotationHandleQuarter.uexp" 2972
"../../../Engine/Plugins/Animation/DeformerGraph/Content/DeformerFunctions/DG_Function_LinearBlendSkin_Morph_Cloth.uasset" 2973
"../../../Engine/Plugins/Animation/DeformerGraph/Content/DeformerFunctions/DG_Function_LinearBlendSkin_Morph_Cloth.uexp" 2974
"../../../Engine/Plugins/Animation/DeformerGraph/Content/Deformers/DG_LinearBlendSkin_Morph_Cloth.uasset" 2975
"../../../Engine/Plugins/Animation/DeformerGraph/Content/Deformers/DG_LinearBlendSkin_Morph_Cloth.uexp" 2976
"../../../Engine/Plugins/Animation/DeformerGraph/Content/DeformerFunctions/DG_Function_LinearBlendSkin_Morph_Cloth_PositionOnly.uasset" 2977
"../../../Engine/Plugins/Animation/DeformerGraph/Content/DeformerFunctions/DG_Function_LinearBlendSkin_Morph_Cloth_PositionOnly.uexp" 2978
"../../../Engine/Plugins/Animation/DeformerGraph/Content/DeformerFunctions/DG_Function_ComputeNormalsTangents.uasset" 2979
"../../../Engine/Plugins/Animation/DeformerGraph/Content/DeformerFunctions/DG_Function_ComputeNormalsTangents.uexp" 2980
"../../../Engine/Plugins/Animation/DeformerGraph/Content/Deformers/DG_LinearBlendSkin_Morph_Cloth_RecomputeNormals.uasset" 2981
"../../../Engine/Plugins/Animation/DeformerGraph/Content/Deformers/DG_LinearBlendSkin_Morph_Cloth_RecomputeNormals.uexp" 2982
"../../../Engine/Plugins/NNE/NNEDenoiser/Content/NNEDT_Oidn2-3_Balanced.uasset" 2983
"../../../Engine/Plugins/NNE/NNEDenoiser/Content/NNEDT_Oidn2-3_Balanced.uexp" 2984
"../../../Engine/Plugins/NNE/NNEDenoiser/Content/NNEDT_Oidn2-3_Balanced_Alpha.uasset" 2985
"../../../Engine/Plugins/NNE/NNEDenoiser/Content/NNEDT_Oidn2-3_Balanced_Alpha.uexp" 2986
"../../../Engine/Plugins/NNE/NNEDenoiser/Content/NNED_Oidn2-3_Balanced.uasset" 2987
"../../../Engine/Plugins/NNE/NNEDenoiser/Content/NNED_Oidn2-3_Balanced.uexp" 2988
"../../../Engine/Plugins/NNE/NNEDenoiser/Content/NNED_Oidn2-3_Balanced_Alpha.uasset" 2989
"../../../Engine/Plugins/NNE/NNEDenoiser/Content/NNED_Oidn2-3_Balanced_Alpha.uexp" 2990
"../../../Engine/Plugins/NNE/NNEDenoiser/Content/NNED_Oidn2-3_Fast.uasset" 2991
"../../../Engine/Plugins/NNE/NNEDenoiser/Content/NNED_Oidn2-3_Fast.uexp" 2992
"../../../Engine/Plugins/NNE/NNEDenoiser/Content/NNED_Oidn2-3_Fast_Alpha.uasset" 2993
"../../../Engine/Plugins/NNE/NNEDenoiser/Content/NNED_Oidn2-3_Fast_Alpha.uexp" 2994
"../../../Engine/Plugins/NNE/NNEDenoiser/Content/NNED_Oidn2-3_HighQuality.uasset" 2995
"../../../Engine/Plugins/NNE/NNEDenoiser/Content/NNED_Oidn2-3_HighQuality.uexp" 2996
"../../../Engine/Plugins/NNE/NNEDenoiser/Content/NNED_Oidn2-3_HighQuality_Alpha.uasset" 2997
"../../../Engine/Plugins/NNE/NNEDenoiser/Content/NNED_Oidn2-3_HighQuality_Alpha.uexp" 2998
"../../../Engine/Content/Maps/Entry_BuiltData.uasset" 2999
"../../../Engine/Content/Maps/Entry_BuiltData.uexp" 3000
"../../../Engine/Content/Maps/Entry.uexp" 3001
"../../../Engine/Content/Maps/Entry.umap" 3002
"C:/Users/fritz/OneDrive/Dokumente/Schule/Diplomarbeit/da-conquerthecastle-ue5/UE5/Content/UI/Menugamemenu.uasset" 3003
"C:/Users/fritz/OneDrive/Dokumente/Schule/Diplomarbeit/da-conquerthecastle-ue5/UE5/Content/UI/Menugamemenu.uexp" 3004
"C:/Users/fritz/OneDrive/Dokumente/Schule/Diplomarbeit/da-conquerthecastle-ue5/UE5/Content/UI/BP_Saver.uasset" 3005
"C:/Users/fritz/OneDrive/Dokumente/Schule/Diplomarbeit/da-conquerthecastle-ue5/UE5/Content/UI/BP_Saver.uexp" 3006
"C:/Users/fritz/OneDrive/Dokumente/Schule/Diplomarbeit/da-conquerthecastle-ue5/UE5/Content/Fonts/WeissRundgotisch.uexp" 3007
"C:/Users/fritz/OneDrive/Dokumente/Schule/Diplomarbeit/da-conquerthecastle-ue5/UE5/Content/Fonts/WeissRundgotisch.uasset" 3008
"C:/Users/fritz/OneDrive/Dokumente/Schule/Diplomarbeit/da-conquerthecastle-ue5/UE5/Content/Fonts/WeissRundgotisch.ufont" 3009
"C:/Users/fritz/OneDrive/Dokumente/Schule/Diplomarbeit/da-conquerthecastle-ue5/UE5/Content/Fonts/WeissRundgotisch_Font.uasset" 3010
"C:/Users/fritz/OneDrive/Dokumente/Schule/Diplomarbeit/da-conquerthecastle-ue5/UE5/Content/Fonts/WeissRundgotisch_Font.uexp" 3011
"C:/Users/fritz/OneDrive/Dokumente/Schule/Diplomarbeit/da-conquerthecastle-ue5/UE5/Content/UI/Mainmenu.uasset" 3012
"C:/Users/fritz/OneDrive/Dokumente/Schule/Diplomarbeit/da-conquerthecastle-ue5/UE5/Content/UI/Mainmenu.uexp" 3013
"C:/Users/fritz/OneDrive/Dokumente/Schule/Diplomarbeit/da-conquerthecastle-ue5/UE5/Content/UI/LoadingScreen.uasset" 3014
"C:/Users/fritz/OneDrive/Dokumente/Schule/Diplomarbeit/da-conquerthecastle-ue5/UE5/Content/UI/LoadingScreen.uexp" 3015
"C:/Users/fritz/OneDrive/Dokumente/Schule/Diplomarbeit/da-conquerthecastle-ue5/UE5/Content/Maps/Map_Intro.uexp" 3016
"C:/Users/fritz/OneDrive/Dokumente/Schule/Diplomarbeit/da-conquerthecastle-ue5/UE5/Content/Maps/Map_Intro.umap" 3017
"C:/Users/fritz/OneDrive/Dokumente/Schule/Diplomarbeit/da-conquerthecastle-ue5/UE5/Content/Input/Actions/IA_MouseLook.uasset" 3018
"C:/Users/fritz/OneDrive/Dokumente/Schule/Diplomarbeit/da-conquerthecastle-ue5/UE5/Content/Input/Actions/IA_MouseLook.uexp" 3019
"C:/Users/fritz/OneDrive/Dokumente/Schule/Diplomarbeit/da-conquerthecastle-ue5/UE5/Content/Input/Actions/IA_Jump.uasset" 3020
"C:/Users/fritz/OneDrive/Dokumente/Schule/Diplomarbeit/da-conquerthecastle-ue5/UE5/Content/Input/Actions/IA_Jump.uexp" 3021
"C:/Users/fritz/OneDrive/Dokumente/Schule/Diplomarbeit/da-conquerthecastle-ue5/UE5/Content/Input/Actions/IA_Look.uasset" 3022
"C:/Users/fritz/OneDrive/Dokumente/Schule/Diplomarbeit/da-conquerthecastle-ue5/UE5/Content/Input/Actions/IA_Look.uexp" 3023
"C:/Users/fritz/OneDrive/Dokumente/Schule/Diplomarbeit/da-conquerthecastle-ue5/UE5/Content/Input/Actions/IA_Move.uasset" 3024
"C:/Users/fritz/OneDrive/Dokumente/Schule/Diplomarbeit/da-conquerthecastle-ue5/UE5/Content/Input/Actions/IA_Move.uexp" 3025
"C:/Users/fritz/OneDrive/Dokumente/Schule/Diplomarbeit/da-conquerthecastle-ue5/UE5/Content/Characters/Mannequins/Rigs/PA_Mannequin.uasset" 3026
"C:/Users/fritz/OneDrive/Dokumente/Schule/Diplomarbeit/da-conquerthecastle-ue5/UE5/Content/Characters/Mannequins/Rigs/PA_Mannequin.uexp" 3027
"C:/Users/fritz/OneDrive/Dokumente/Schule/Diplomarbeit/da-conquerthecastle-ue5/UE5/Content/Characters/Mannequins/Meshes/SK_Mannequin.uasset" 3028
"C:/Users/fritz/OneDrive/Dokumente/Schule/Diplomarbeit/da-conquerthecastle-ue5/UE5/Content/Characters/Mannequins/Meshes/SK_Mannequin.uexp" 3029
"C:/Users/fritz/OneDrive/Dokumente/Schule/Diplomarbeit/da-conquerthecastle-ue5/UE5/Content/Characters/Mannequins/Textures/Shared/T_UE_Logo_M.uasset" 3030
"C:/Users/fritz/OneDrive/Dokumente/Schule/Diplomarbeit/da-conquerthecastle-ue5/UE5/Content/Characters/Mannequins/Textures/Shared/T_UE_Logo_M.uexp" 3031
"C:/Users/fritz/OneDrive/Dokumente/Schule/Diplomarbeit/da-conquerthecastle-ue5/UE5/Content/Characters/Mannequins/Textures/Manny/T_Manny_01_MRA.ubulk" 3032
"C:/Users/fritz/OneDrive/Dokumente/Schule/Diplomarbeit/da-conquerthecastle-ue5/UE5/Content/Characters/Mannequins/Textures/Manny/T_Manny_01_MRA.uasset" 3033
"C:/Users/fritz/OneDrive/Dokumente/Schule/Diplomarbeit/da-conquerthecastle-ue5/UE5/Content/Characters/Mannequins/Textures/Manny/T_Manny_01_MRA.uexp" 3034
"C:/Users/fritz/OneDrive/Dokumente/Schule/Diplomarbeit/da-conquerthecastle-ue5/UE5/Content/Characters/Mannequins/Textures/Manny/T_Manny_01_D.ubulk" 3035
"C:/Users/fritz/OneDrive/Dokumente/Schule/Diplomarbeit/da-conquerthecastle-ue5/UE5/Content/Characters/Mannequins/Textures/Manny/T_Manny_01_D.uasset" 3036
"C:/Users/fritz/OneDrive/Dokumente/Schule/Diplomarbeit/da-conquerthecastle-ue5/UE5/Content/Characters/Mannequins/Textures/Manny/T_Manny_01_D.uexp" 3037
"C:/Users/fritz/OneDrive/Dokumente/Schule/Diplomarbeit/da-conquerthecastle-ue5/UE5/Content/Characters/Mannequins/Textures/Manny/T_Manny_01_BN.ubulk" 3038
"C:/Users/fritz/OneDrive/Dokumente/Schule/Diplomarbeit/da-conquerthecastle-ue5/UE5/Content/Characters/Mannequins/Textures/Manny/T_Manny_01_BN.uasset" 3039
"C:/Users/fritz/OneDrive/Dokumente/Schule/Diplomarbeit/da-conquerthecastle-ue5/UE5/Content/Characters/Mannequins/Textures/Manny/T_Manny_01_BN.uexp" 3040
"C:/Users/fritz/OneDrive/Dokumente/Schule/Diplomarbeit/da-conquerthecastle-ue5/UE5/Content/Characters/Mannequins/Materials/M_Mannequin.uasset" 3041
"C:/Users/fritz/OneDrive/Dokumente/Schule/Diplomarbeit/da-conquerthecastle-ue5/UE5/Content/Characters/Mannequins/Materials/M_Mannequin.uexp" 3042
"C:/Users/fritz/OneDrive/Dokumente/Schule/Diplomarbeit/da-conquerthecastle-ue5/UE5/Content/Characters/Mannequins/Textures/Quinn/T_Quinn_01_N.ubulk" 3043
"C:/Users/fritz/OneDrive/Dokumente/Schule/Diplomarbeit/da-conquerthecastle-ue5/UE5/Content/Characters/Mannequins/Textures/Quinn/T_Quinn_01_N.uasset" 3044
"C:/Users/fritz/OneDrive/Dokumente/Schule/Diplomarbeit/da-conquerthecastle-ue5/UE5/Content/Characters/Mannequins/Textures/Quinn/T_Quinn_01_N.uexp" 3045
"C:/Users/fritz/OneDrive/Dokumente/Schule/Diplomarbeit/da-conquerthecastle-ue5/UE5/Content/Characters/Mannequins/Textures/Quinn/T_Quinn_01_MRA.ubulk" 3046
"C:/Users/fritz/OneDrive/Dokumente/Schule/Diplomarbeit/da-conquerthecastle-ue5/UE5/Content/Characters/Mannequins/Textures/Quinn/T_Quinn_01_MRA.uasset" 3047
"C:/Users/fritz/OneDrive/Dokumente/Schule/Diplomarbeit/da-conquerthecastle-ue5/UE5/Content/Characters/Mannequins/Textures/Quinn/T_Quinn_01_MRA.uexp" 3048
"C:/Users/fritz/OneDrive/Dokumente/Schule/Diplomarbeit/da-conquerthecastle-ue5/UE5/Content/Characters/Mannequins/Textures/Quinn/T_Quinn_01_D.ubulk" 3049
"C:/Users/fritz/OneDrive/Dokumente/Schule/Diplomarbeit/da-conquerthecastle-ue5/UE5/Content/Characters/Mannequins/Textures/Quinn/T_Quinn_01_D.uasset" 3050
"C:/Users/fritz/OneDrive/Dokumente/Schule/Diplomarbeit/da-conquerthecastle-ue5/UE5/Content/Characters/Mannequins/Textures/Quinn/T_Quinn_01_D.uexp" 3051
"C:/Users/fritz/OneDrive/Dokumente/Schule/Diplomarbeit/da-conquerthecastle-ue5/UE5/Content/Characters/Mannequins/Materials/Quinn/MI_Quinn_01.uasset" 3052
"C:/Users/fritz/OneDrive/Dokumente/Schule/Diplomarbeit/da-conquerthecastle-ue5/UE5/Content/Characters/Mannequins/Materials/Quinn/MI_Quinn_01.uexp" 3053
"C:/Users/fritz/OneDrive/Dokumente/Schule/Diplomarbeit/da-conquerthecastle-ue5/UE5/Content/Characters/Mannequins/Textures/Quinn/T_Quinn_02_N.ubulk" 3054
"C:/Users/fritz/OneDrive/Dokumente/Schule/Diplomarbeit/da-conquerthecastle-ue5/UE5/Content/Characters/Mannequins/Textures/Quinn/T_Quinn_02_N.uasset" 3055
"C:/Users/fritz/OneDrive/Dokumente/Schule/Diplomarbeit/da-conquerthecastle-ue5/UE5/Content/Characters/Mannequins/Textures/Quinn/T_Quinn_02_N.uexp" 3056
"C:/Users/fritz/OneDrive/Dokumente/Schule/Diplomarbeit/da-conquerthecastle-ue5/UE5/Content/Characters/Mannequins/Textures/Quinn/T_Quinn_02_MRA.ubulk" 3057
"C:/Users/fritz/OneDrive/Dokumente/Schule/Diplomarbeit/da-conquerthecastle-ue5/UE5/Content/Characters/Mannequins/Textures/Quinn/T_Quinn_02_MRA.uasset" 3058
"C:/Users/fritz/OneDrive/Dokumente/Schule/Diplomarbeit/da-conquerthecastle-ue5/UE5/Content/Characters/Mannequins/Textures/Quinn/T_Quinn_02_MRA.uexp" 3059
"C:/Users/fritz/OneDrive/Dokumente/Schule/Diplomarbeit/da-conquerthecastle-ue5/UE5/Content/Characters/Mannequins/Textures/Quinn/T_Quinn_02_D.ubulk" 3060
"C:/Users/fritz/OneDrive/Dokumente/Schule/Diplomarbeit/da-conquerthecastle-ue5/UE5/Content/Characters/Mannequins/Textures/Quinn/T_Quinn_02_D.uasset" 3061
"C:/Users/fritz/OneDrive/Dokumente/Schule/Diplomarbeit/da-conquerthecastle-ue5/UE5/Content/Characters/Mannequins/Textures/Quinn/T_Quinn_02_D.uexp" 3062
"C:/Users/fritz/OneDrive/Dokumente/Schule/Diplomarbeit/da-conquerthecastle-ue5/UE5/Content/Characters/Mannequins/Materials/Quinn/MI_Quinn_02.uasset" 3063
"C:/Users/fritz/OneDrive/Dokumente/Schule/Diplomarbeit/da-conquerthecastle-ue5/UE5/Content/Characters/Mannequins/Materials/Quinn/MI_Quinn_02.uexp" 3064
"C:/Users/fritz/OneDrive/Dokumente/Schule/Diplomarbeit/da-conquerthecastle-ue5/UE5/Content/Characters/Mannequins/Meshes/SKM_Quinn_Simple.uasset" 3065
"C:/Users/fritz/OneDrive/Dokumente/Schule/Diplomarbeit/da-conquerthecastle-ue5/UE5/Content/Characters/Mannequins/Meshes/SKM_Quinn_Simple.uexp" 3066
"C:/Users/fritz/OneDrive/Dokumente/Schule/Diplomarbeit/da-conquerthecastle-ue5/UE5/Content/Blueprint/BPI_Attack.uasset" 3067
"C:/Users/fritz/OneDrive/Dokumente/Schule/Diplomarbeit/da-conquerthecastle-ue5/UE5/Content/Blueprint/BPI_Attack.uexp" 3068
"../../../Engine/Plugins/Animation/ControlRig/Content/Controls/DefaultGizmoLibraryNormalized.uasset" 3069
"../../../Engine/Plugins/Animation/ControlRig/Content/Controls/DefaultGizmoLibraryNormalized.uexp" 3070
"C:/Users/fritz/OneDrive/Dokumente/Schule/Diplomarbeit/da-conquerthecastle-ue5/UE5/Content/Characters/Mannequins/Rigs/CR_Mannequin_FootIK.uasset" 3071
"C:/Users/fritz/OneDrive/Dokumente/Schule/Diplomarbeit/da-conquerthecastle-ue5/UE5/Content/Characters/Mannequins/Rigs/CR_Mannequin_FootIK.uexp" 3072
"../../../Engine/Content/Animation/DefaultVariableFrameStrippingSettings.uasset" 3073
"../../../Engine/Content/Animation/DefaultVariableFrameStrippingSettings.uexp" 3074
"../../../Engine/Content/Animation/DefaultAnimCurveCompressionSettings.uasset" 3075
"../../../Engine/Content/Animation/DefaultAnimCurveCompressionSettings.uexp" 3076
"../../../Engine/Content/Animation/DefaultAnimBoneCompressionSettings.uasset" 3077
"../../../Engine/Content/Animation/DefaultAnimBoneCompressionSettings.uexp" 3078
"C:/Users/fritz/OneDrive/Dokumente/Schule/Diplomarbeit/da-conquerthecastle-ue5/UE5/Content/Characters/Mannequins/Anims/Unarmed/MM_Idle.uasset" 3079
"C:/Users/fritz/OneDrive/Dokumente/Schule/Diplomarbeit/da-conquerthecastle-ue5/UE5/Content/Characters/Mannequins/Anims/Unarmed/MM_Idle.uexp" 3080
"C:/Users/fritz/OneDrive/Dokumente/Schule/Diplomarbeit/da-conquerthecastle-ue5/UE5/Content/Characters/Mannequins/Anims/Unarmed/Jog/MF_Unarmed_Jog_Bwd.uasset" 3081
"C:/Users/fritz/OneDrive/Dokumente/Schule/Diplomarbeit/da-conquerthecastle-ue5/UE5/Content/Characters/Mannequins/Anims/Unarmed/Jog/MF_Unarmed_Jog_Bwd.uexp" 3082
"../../../Engine/Plugins/Animation/ACLPlugin/Content/ACLAnimCurveCompressionSettings.uasset" 3083
"../../../Engine/Plugins/Animation/ACLPlugin/Content/ACLAnimCurveCompressionSettings.uexp" 3084
"../../../Engine/Content/Animation/DefaultRecorderBoneCompression.uasset" 3085
"../../../Engine/Content/Animation/DefaultRecorderBoneCompression.uexp" 3086
"C:/Users/fritz/OneDrive/Dokumente/Schule/Diplomarbeit/da-conquerthecastle-ue5/UE5/Content/Characters/Mannequins/Anims/Unarmed/Jog/MF_Unarmed_Jog_Bwd_Left.uasset" 3087
"C:/Users/fritz/OneDrive/Dokumente/Schule/Diplomarbeit/da-conquerthecastle-ue5/UE5/Content/Characters/Mannequins/Anims/Unarmed/Jog/MF_Unarmed_Jog_Bwd_Left.uexp" 3088
"C:/Users/fritz/OneDrive/Dokumente/Schule/Diplomarbeit/da-conquerthecastle-ue5/UE5/Content/Characters/Mannequins/Anims/Unarmed/Jog/MF_Unarmed_Jog_Bwd_Right.uasset" 3089
"C:/Users/fritz/OneDrive/Dokumente/Schule/Diplomarbeit/da-conquerthecastle-ue5/UE5/Content/Characters/Mannequins/Anims/Unarmed/Jog/MF_Unarmed_Jog_Bwd_Right.uexp" 3090
"C:/Users/fritz/OneDrive/Dokumente/Schule/Diplomarbeit/da-conquerthecastle-ue5/UE5/Content/Characters/Mannequins/Anims/Unarmed/Jog/MF_Unarmed_Jog_Fwd.uasset" 3091
"C:/Users/fritz/OneDrive/Dokumente/Schule/Diplomarbeit/da-conquerthecastle-ue5/UE5/Content/Characters/Mannequins/Anims/Unarmed/Jog/MF_Unarmed_Jog_Fwd.uexp" 3092
"C:/Users/fritz/OneDrive/Dokumente/Schule/Diplomarbeit/da-conquerthecastle-ue5/UE5/Content/Characters/Mannequins/Anims/Unarmed/Jog/MF_Unarmed_Jog_Fwd_Left.uasset" 3093
"C:/Users/fritz/OneDrive/Dokumente/Schule/Diplomarbeit/da-conquerthecastle-ue5/UE5/Content/Characters/Mannequins/Anims/Unarmed/Jog/MF_Unarmed_Jog_Fwd_Left.uexp" 3094
"C:/Users/fritz/OneDrive/Dokumente/Schule/Diplomarbeit/da-conquerthecastle-ue5/UE5/Content/Characters/Mannequins/Anims/Unarmed/Jog/MF_Unarmed_Jog_Fwd_Right.uasset" 3095
"C:/Users/fritz/OneDrive/Dokumente/Schule/Diplomarbeit/da-conquerthecastle-ue5/UE5/Content/Characters/Mannequins/Anims/Unarmed/Jog/MF_Unarmed_Jog_Fwd_Right.uexp" 3096
"C:/Users/fritz/OneDrive/Dokumente/Schule/Diplomarbeit/da-conquerthecastle-ue5/UE5/Content/Characters/Mannequins/Anims/Unarmed/Jog/MF_Unarmed_Jog_Left.uasset" 3097
"C:/Users/fritz/OneDrive/Dokumente/Schule/Diplomarbeit/da-conquerthecastle-ue5/UE5/Content/Characters/Mannequins/Anims/Unarmed/Jog/MF_Unarmed_Jog_Left.uexp" 3098
"C:/Users/fritz/OneDrive/Dokumente/Schule/Diplomarbeit/da-conquerthecastle-ue5/UE5/Content/Characters/Mannequins/Anims/Unarmed/Jog/MF_Unarmed_Jog_Right.uasset" 3099
"C:/Users/fritz/OneDrive/Dokumente/Schule/Diplomarbeit/da-conquerthecastle-ue5/UE5/Content/Characters/Mannequins/Anims/Unarmed/Jog/MF_Unarmed_Jog_Right.uexp" 3100
"C:/Users/fritz/OneDrive/Dokumente/Schule/Diplomarbeit/da-conquerthecastle-ue5/UE5/Content/Characters/Mannequins/Anims/Unarmed/Walk/MF_Unarmed_Walk_Bwd.uasset" 3101
"C:/Users/fritz/OneDrive/Dokumente/Schule/Diplomarbeit/da-conquerthecastle-ue5/UE5/Content/Characters/Mannequins/Anims/Unarmed/Walk/MF_Unarmed_Walk_Bwd.uexp" 3102
"C:/Users/fritz/OneDrive/Dokumente/Schule/Diplomarbeit/da-conquerthecastle-ue5/UE5/Content/Characters/Mannequins/Anims/Unarmed/Walk/MF_Unarmed_Walk_Bwd_Left.uasset" 3103
"C:/Users/fritz/OneDrive/Dokumente/Schule/Diplomarbeit/da-conquerthecastle-ue5/UE5/Content/Characters/Mannequins/Anims/Unarmed/Walk/MF_Unarmed_Walk_Bwd_Left.uexp" 3104
"C:/Users/fritz/OneDrive/Dokumente/Schule/Diplomarbeit/da-conquerthecastle-ue5/UE5/Content/Characters/Mannequins/Anims/Unarmed/Walk/MF_Unarmed_Walk_Bwd_Right.uasset" 3105
"C:/Users/fritz/OneDrive/Dokumente/Schule/Diplomarbeit/da-conquerthecastle-ue5/UE5/Content/Characters/Mannequins/Anims/Unarmed/Walk/MF_Unarmed_Walk_Bwd_Right.uexp" 3106
"C:/Users/fritz/OneDrive/Dokumente/Schule/Diplomarbeit/da-conquerthecastle-ue5/UE5/Content/Characters/Mannequins/Anims/Unarmed/Walk/MF_Unarmed_Walk_Fwd.uasset" 3107
"C:/Users/fritz/OneDrive/Dokumente/Schule/Diplomarbeit/da-conquerthecastle-ue5/UE5/Content/Characters/Mannequins/Anims/Unarmed/Walk/MF_Unarmed_Walk_Fwd.uexp" 3108
"C:/Users/fritz/OneDrive/Dokumente/Schule/Diplomarbeit/da-conquerthecastle-ue5/UE5/Content/Characters/Mannequins/Anims/Unarmed/Walk/MF_Unarmed_Walk_Fwd_Left.uasset" 3109
"C:/Users/fritz/OneDrive/Dokumente/Schule/Diplomarbeit/da-conquerthecastle-ue5/UE5/Content/Characters/Mannequins/Anims/Unarmed/Walk/MF_Unarmed_Walk_Fwd_Left.uexp" 3110
"C:/Users/fritz/OneDrive/Dokumente/Schule/Diplomarbeit/da-conquerthecastle-ue5/UE5/Content/Characters/Mannequins/Anims/Unarmed/Walk/MF_Unarmed_Walk_Fwd_Right.uasset" 3111
"C:/Users/fritz/OneDrive/Dokumente/Schule/Diplomarbeit/da-conquerthecastle-ue5/UE5/Content/Characters/Mannequins/Anims/Unarmed/Walk/MF_Unarmed_Walk_Fwd_Right.uexp" 3112
"C:/Users/fritz/OneDrive/Dokumente/Schule/Diplomarbeit/da-conquerthecastle-ue5/UE5/Content/Characters/Mannequins/Anims/Unarmed/Walk/MF_Unarmed_Walk_Left.uasset" 3113
"C:/Users/fritz/OneDrive/Dokumente/Schule/Diplomarbeit/da-conquerthecastle-ue5/UE5/Content/Characters/Mannequins/Anims/Unarmed/Walk/MF_Unarmed_Walk_Left.uexp" 3114
"C:/Users/fritz/OneDrive/Dokumente/Schule/Diplomarbeit/da-conquerthecastle-ue5/UE5/Content/Characters/Mannequins/Anims/Unarmed/Walk/MF_Unarmed_Walk_Right.uasset" 3115
"C:/Users/fritz/OneDrive/Dokumente/Schule/Diplomarbeit/da-conquerthecastle-ue5/UE5/Content/Characters/Mannequins/Anims/Unarmed/Walk/MF_Unarmed_Walk_Right.uexp" 3116
"C:/Users/fritz/OneDrive/Dokumente/Schule/Diplomarbeit/da-conquerthecastle-ue5/UE5/Content/Characters/Mannequins/Anims/Unarmed/BS_Idle_Walk_Run.uasset" 3117
"C:/Users/fritz/OneDrive/Dokumente/Schule/Diplomarbeit/da-conquerthecastle-ue5/UE5/Content/Characters/Mannequins/Anims/Unarmed/BS_Idle_Walk_Run.uexp" 3118
"C:/Users/fritz/OneDrive/Dokumente/Schule/Diplomarbeit/da-conquerthecastle-ue5/UE5/Content/Characters/Mannequins/Anims/Unarmed/Jump/MM_Fall_Loop.uasset" 3119
"C:/Users/fritz/OneDrive/Dokumente/Schule/Diplomarbeit/da-conquerthecastle-ue5/UE5/Content/Characters/Mannequins/Anims/Unarmed/Jump/MM_Fall_Loop.uexp" 3120
"C:/Users/fritz/OneDrive/Dokumente/Schule/Diplomarbeit/da-conquerthecastle-ue5/UE5/Content/Characters/Mannequins/Anims/Unarmed/Jump/MM_Jump.uasset" 3121
"C:/Users/fritz/OneDrive/Dokumente/Schule/Diplomarbeit/da-conquerthecastle-ue5/UE5/Content/Characters/Mannequins/Anims/Unarmed/Jump/MM_Jump.uexp" 3122
"C:/Users/fritz/OneDrive/Dokumente/Schule/Diplomarbeit/da-conquerthecastle-ue5/UE5/Content/Characters/Mannequins/Anims/Unarmed/Jump/MM_Land.uasset" 3123
"C:/Users/fritz/OneDrive/Dokumente/Schule/Diplomarbeit/da-conquerthecastle-ue5/UE5/Content/Characters/Mannequins/Anims/Unarmed/Jump/MM_Land.uexp" 3124
"C:/Users/fritz/OneDrive/Dokumente/Schule/Diplomarbeit/da-conquerthecastle-ue5/UE5/Content/Characters/Mannequins/Anims/Unarmed/ABP_Unarmed.uasset" 3125
"C:/Users/fritz/OneDrive/Dokumente/Schule/Diplomarbeit/da-conquerthecastle-ue5/UE5/Content/Characters/Mannequins/Anims/Unarmed/ABP_Unarmed.uexp" 3126
"C:/Users/fritz/OneDrive/Dokumente/Schule/Diplomarbeit/da-conquerthecastle-ue5/UE5/Content/Characters/Mannequins/Anims/Unarmed/AnimNS_HitDetection.uasset" 3127
"C:/Users/fritz/OneDrive/Dokumente/Schule/Diplomarbeit/da-conquerthecastle-ue5/UE5/Content/Characters/Mannequins/Anims/Unarmed/AnimNS_HitDetection.uexp" 3128
"C:/Users/fritz/OneDrive/Dokumente/Schule/Diplomarbeit/da-conquerthecastle-ue5/UE5/Content/Characters/Mannequins/Anims/Unarmed/Attack/MM_Attack_01.uasset" 3129
"C:/Users/fritz/OneDrive/Dokumente/Schule/Diplomarbeit/da-conquerthecastle-ue5/UE5/Content/Characters/Mannequins/Anims/Unarmed/Attack/MM_Attack_01.uexp" 3130
"C:/Users/fritz/OneDrive/Dokumente/Schule/Diplomarbeit/da-conquerthecastle-ue5/UE5/Content/ThirdPerson/Blueprints/img/bossbar_empty_001.uasset" 3131
"C:/Users/fritz/OneDrive/Dokumente/Schule/Diplomarbeit/da-conquerthecastle-ue5/UE5/Content/ThirdPerson/Blueprints/img/bossbar_empty_001.uexp" 3132
"C:/Users/fritz/OneDrive/Dokumente/Schule/Diplomarbeit/da-conquerthecastle-ue5/UE5/Content/ThirdPerson/Blueprints/img/bossbar_001.uasset" 3133
"C:/Users/fritz/OneDrive/Dokumente/Schule/Diplomarbeit/da-conquerthecastle-ue5/UE5/Content/ThirdPerson/Blueprints/img/bossbar_001.uexp" 3134
"C:/Users/fritz/OneDrive/Dokumente/Schule/Diplomarbeit/da-conquerthecastle-ue5/UE5/Content/ThirdPerson/Blueprints/WBP_Bossbar.uasset" 3135
"C:/Users/fritz/OneDrive/Dokumente/Schule/Diplomarbeit/da-conquerthecastle-ue5/UE5/Content/ThirdPerson/Blueprints/WBP_Bossbar.uexp" 3136
"../../../Engine/Plugins/Animation/ACLPlugin/Content/ACLAnimBoneCompressionSettings.uasset" 3137
"../../../Engine/Plugins/Animation/ACLPlugin/Content/ACLAnimBoneCompressionSettings.uexp" 3138
"C:/Users/fritz/OneDrive/Dokumente/Schule/Diplomarbeit/da-conquerthecastle-ue5/UE5/Content/Boss/assets/Boss_v5_3_Skeleton.uasset" 3139
"C:/Users/fritz/OneDrive/Dokumente/Schule/Diplomarbeit/da-conquerthecastle-ue5/UE5/Content/Boss/assets/Boss_v5_3_Skeleton.uexp" 3140
"C:/Users/fritz/OneDrive/Dokumente/Schule/Diplomarbeit/da-conquerthecastle-ue5/UE5/Content/Boss/Animations/Idle_Anim.uasset" 3141
"C:/Users/fritz/OneDrive/Dokumente/Schule/Diplomarbeit/da-conquerthecastle-ue5/UE5/Content/Boss/Animations/Idle_Anim.uexp" 3142
"C:/Users/fritz/OneDrive/Dokumente/Schule/Diplomarbeit/da-conquerthecastle-ue5/UE5/Content/Boss/Animations/Walking_Anim.uasset" 3143
"C:/Users/fritz/OneDrive/Dokumente/Schule/Diplomarbeit/da-conquerthecastle-ue5/UE5/Content/Boss/Animations/Walking_Anim.uexp" 3144
"C:/Users/fritz/OneDrive/Dokumente/Schule/Diplomarbeit/da-conquerthecastle-ue5/UE5/Content/Boss/BS_Boss.uasset" 3145
"C:/Users/fritz/OneDrive/Dokumente/Schule/Diplomarbeit/da-conquerthecastle-ue5/UE5/Content/Boss/BS_Boss.uexp" 3146
"C:/Users/fritz/OneDrive/Dokumente/Schule/Diplomarbeit/da-conquerthecastle-ue5/UE5/Content/Boss/AB_Boss.uasset" 3147
"C:/Users/fritz/OneDrive/Dokumente/Schule/Diplomarbeit/da-conquerthecastle-ue5/UE5/Content/Boss/AB_Boss.uexp" 3148
"C:/Users/fritz/OneDrive/Dokumente/Schule/Diplomarbeit/da-conquerthecastle-ue5/UE5/Content/Boss/Materials/Material_005.uasset" 3149
"C:/Users/fritz/OneDrive/Dokumente/Schule/Diplomarbeit/da-conquerthecastle-ue5/UE5/Content/Boss/Materials/Material_005.uexp" 3150
"C:/Users/fritz/OneDrive/Dokumente/Schule/Diplomarbeit/da-conquerthecastle-ue5/UE5/Content/Boss/Materials/Material_004.uasset" 3151
"C:/Users/fritz/OneDrive/Dokumente/Schule/Diplomarbeit/da-conquerthecastle-ue5/UE5/Content/Boss/Materials/Material_004.uexp" 3152
"C:/Users/fritz/OneDrive/Dokumente/Schule/Diplomarbeit/da-conquerthecastle-ue5/UE5/Content/Boss/Materials/Material_003.uasset" 3153
"C:/Users/fritz/OneDrive/Dokumente/Schule/Diplomarbeit/da-conquerthecastle-ue5/UE5/Content/Boss/Materials/Material_003.uexp" 3154
"C:/Users/fritz/OneDrive/Dokumente/Schule/Diplomarbeit/da-conquerthecastle-ue5/UE5/Content/Boss/Materials/Material_002.uasset" 3155
"C:/Users/fritz/OneDrive/Dokumente/Schule/Diplomarbeit/da-conquerthecastle-ue5/UE5/Content/Boss/Materials/Material_002.uexp" 3156
"C:/Users/fritz/OneDrive/Dokumente/Schule/Diplomarbeit/da-conquerthecastle-ue5/UE5/Content/Boss/Materials/Material_001.uasset" 3157
"C:/Users/fritz/OneDrive/Dokumente/Schule/Diplomarbeit/da-conquerthecastle-ue5/UE5/Content/Boss/Materials/Material_001.uexp" 3158
"C:/Users/fritz/OneDrive/Dokumente/Schule/Diplomarbeit/da-conquerthecastle-ue5/UE5/Content/Boss/assets/Boss_v5_3_PhysicsAsset.uasset" 3159
"C:/Users/fritz/OneDrive/Dokumente/Schule/Diplomarbeit/da-conquerthecastle-ue5/UE5/Content/Boss/assets/Boss_v5_3_PhysicsAsset.uexp" 3160
"C:/Users/fritz/OneDrive/Dokumente/Schule/Diplomarbeit/da-conquerthecastle-ue5/UE5/Content/Boss/assets/Boss_v5_3.uasset" 3161
"C:/Users/fritz/OneDrive/Dokumente/Schule/Diplomarbeit/da-conquerthecastle-ue5/UE5/Content/Boss/assets/Boss_v5_3.uexp" 3162
"../../../Engine/Content/BasicShapes/Sphere.ubulk" 3163
"../../../Engine/Content/BasicShapes/Sphere.uasset" 3164
"../../../Engine/Content/BasicShapes/Sphere.uexp" 3165
"C:/Users/fritz/OneDrive/Dokumente/Schule/Diplomarbeit/da-conquerthecastle-ue5/UE5/Content/Realistic_Starter_VFX_Pack_Vol2/Particles/Fire/P_Fire_Small.uasset" 3166
"C:/Users/fritz/OneDrive/Dokumente/Schule/Diplomarbeit/da-conquerthecastle-ue5/UE5/Content/Realistic_Starter_VFX_Pack_Vol2/Particles/Fire/P_Fire_Small.uexp" 3167
"C:/Users/fritz/OneDrive/Dokumente/Schule/Diplomarbeit/da-conquerthecastle-ue5/UE5/Content/Realistic_Starter_VFX_Pack_Vol2/Materials/M_Spark_A.uasset" 3168
"C:/Users/fritz/OneDrive/Dokumente/Schule/Diplomarbeit/da-conquerthecastle-ue5/UE5/Content/Realistic_Starter_VFX_Pack_Vol2/Materials/M_Spark_A.uexp" 3169
"C:/Users/fritz/OneDrive/Dokumente/Schule/Diplomarbeit/da-conquerthecastle-ue5/UE5/Content/Realistic_Starter_VFX_Pack_Vol2/Textures/T_NoiseNormal_B.ubulk" 3170
"C:/Users/fritz/OneDrive/Dokumente/Schule/Diplomarbeit/da-conquerthecastle-ue5/UE5/Content/Realistic_Starter_VFX_Pack_Vol2/Textures/T_NoiseNormal_B.uasset" 3171
"C:/Users/fritz/OneDrive/Dokumente/Schule/Diplomarbeit/da-conquerthecastle-ue5/UE5/Content/Realistic_Starter_VFX_Pack_Vol2/Textures/T_NoiseNormal_B.uexp" 3172
"C:/Users/fritz/OneDrive/Dokumente/Schule/Diplomarbeit/da-conquerthecastle-ue5/UE5/Content/Realistic_Starter_VFX_Pack_Vol2/Materials/M_Heat_Distortion.uasset" 3173
"C:/Users/fritz/OneDrive/Dokumente/Schule/Diplomarbeit/da-conquerthecastle-ue5/UE5/Content/Realistic_Starter_VFX_Pack_Vol2/Materials/M_Heat_Distortion.uexp" 3174
"C:/Users/fritz/OneDrive/Dokumente/Schule/Diplomarbeit/da-conquerthecastle-ue5/UE5/Content/Realistic_Starter_VFX_Pack_Vol2/Textures/T_Fire_F.ubulk" 3175
"C:/Users/fritz/OneDrive/Dokumente/Schule/Diplomarbeit/da-conquerthecastle-ue5/UE5/Content/Realistic_Starter_VFX_Pack_Vol2/Textures/T_Fire_F.uasset" 3176
"C:/Users/fritz/OneDrive/Dokumente/Schule/Diplomarbeit/da-conquerthecastle-ue5/UE5/Content/Realistic_Starter_VFX_Pack_Vol2/Textures/T_Fire_F.uexp" 3177
"C:/Users/fritz/OneDrive/Dokumente/Schule/Diplomarbeit/da-conquerthecastle-ue5/UE5/Content/Realistic_Starter_VFX_Pack_Vol2/Textures/T_Fire_B.ubulk" 3178
"C:/Users/fritz/OneDrive/Dokumente/Schule/Diplomarbeit/da-conquerthecastle-ue5/UE5/Content/Realistic_Starter_VFX_Pack_Vol2/Textures/T_Fire_B.uasset" 3179
"C:/Users/fritz/OneDrive/Dokumente/Schule/Diplomarbeit/da-conquerthecastle-ue5/UE5/Content/Realistic_Starter_VFX_Pack_Vol2/Textures/T_Fire_B.uexp" 3180
"C:/Users/fritz/OneDrive/Dokumente/Schule/Diplomarbeit/da-conquerthecastle-ue5/UE5/Content/Realistic_Starter_VFX_Pack_Vol2/Materials/M_Fire_C.uasset" 3181
"C:/Users/fritz/OneDrive/Dokumente/Schule/Diplomarbeit/da-conquerthecastle-ue5/UE5/Content/Realistic_Starter_VFX_Pack_Vol2/Materials/M_Fire_C.uexp" 3182
"C:/Users/fritz/OneDrive/Dokumente/Schule/Diplomarbeit/da-conquerthecastle-ue5/UE5/Content/Realistic_Starter_VFX_Pack_Vol2/Particles/Fire/P_Fire_Big.uasset" 3183
"C:/Users/fritz/OneDrive/Dokumente/Schule/Diplomarbeit/da-conquerthecastle-ue5/UE5/Content/Realistic_Starter_VFX_Pack_Vol2/Particles/Fire/P_Fire_Big.uexp" 3184
"C:/Users/fritz/OneDrive/Dokumente/Schule/Diplomarbeit/da-conquerthecastle-ue5/UE5/Content/Boss/Projectile_Attack/BP_Projectile.uasset" 3185
"C:/Users/fritz/OneDrive/Dokumente/Schule/Diplomarbeit/da-conquerthecastle-ue5/UE5/Content/Boss/Projectile_Attack/BP_Projectile.uexp" 3186
"C:/Users/fritz/OneDrive/Dokumente/Schule/Diplomarbeit/da-conquerthecastle-ue5/UE5/Content/Boss/Animations/BossDeath_Anim.uasset" 3187
"C:/Users/fritz/OneDrive/Dokumente/Schule/Diplomarbeit/da-conquerthecastle-ue5/UE5/Content/Boss/Animations/BossDeath_Anim.uexp" 3188
"C:/Users/fritz/OneDrive/Dokumente/Schule/Diplomarbeit/da-conquerthecastle-ue5/UE5/Content/Boss/BP_Boss.uasset" 3189
"C:/Users/fritz/OneDrive/Dokumente/Schule/Diplomarbeit/da-conquerthecastle-ue5/UE5/Content/Boss/BP_Boss.uexp" 3190
"C:/Users/fritz/OneDrive/Dokumente/Schule/Diplomarbeit/da-conquerthecastle-ue5/UE5/Content/ThirdPerson/Blueprints/WBP_WinScreen.uasset" 3191
"C:/Users/fritz/OneDrive/Dokumente/Schule/Diplomarbeit/da-conquerthecastle-ue5/UE5/Content/ThirdPerson/Blueprints/WBP_WinScreen.uexp" 3192
"C:/Users/fritz/OneDrive/Dokumente/Schule/Diplomarbeit/da-conquerthecastle-ue5/UE5/Content/ThirdPerson/Blueprints/img/sword_001.uasset" 3193
"C:/Users/fritz/OneDrive/Dokumente/Schule/Diplomarbeit/da-conquerthecastle-ue5/UE5/Content/ThirdPerson/Blueprints/img/sword_001.uexp" 3194
"C:/Users/fritz/OneDrive/Dokumente/Schule/Diplomarbeit/da-conquerthecastle-ue5/UE5/Content/ThirdPerson/Blueprints/img/stamina_empty_001.uasset" 3195
"C:/Users/fritz/OneDrive/Dokumente/Schule/Diplomarbeit/da-conquerthecastle-ue5/UE5/Content/ThirdPerson/Blueprints/img/stamina_empty_001.uexp" 3196
"C:/Users/fritz/OneDrive/Dokumente/Schule/Diplomarbeit/da-conquerthecastle-ue5/UE5/Content/ThirdPerson/Blueprints/img/stamina_001.uasset" 3197
"C:/Users/fritz/OneDrive/Dokumente/Schule/Diplomarbeit/da-conquerthecastle-ue5/UE5/Content/ThirdPerson/Blueprints/img/stamina_001.uexp" 3198
"C:/Users/fritz/OneDrive/Dokumente/Schule/Diplomarbeit/da-conquerthecastle-ue5/UE5/Content/ThirdPerson/Blueprints/img/helmet_001.uasset" 3199
"C:/Users/fritz/OneDrive/Dokumente/Schule/Diplomarbeit/da-conquerthecastle-ue5/UE5/Content/ThirdPerson/Blueprints/img/helmet_001.uexp" 3200
"C:/Users/fritz/OneDrive/Dokumente/Schule/Diplomarbeit/da-conquerthecastle-ue5/UE5/Content/ThirdPerson/Blueprints/img/health_empty_001.uasset" 3201
"C:/Users/fritz/OneDrive/Dokumente/Schule/Diplomarbeit/da-conquerthecastle-ue5/UE5/Content/ThirdPerson/Blueprints/img/health_empty_001.uexp" 3202
"C:/Users/fritz/OneDrive/Dokumente/Schule/Diplomarbeit/da-conquerthecastle-ue5/UE5/Content/ThirdPerson/Blueprints/img/health_001.uasset" 3203
"C:/Users/fritz/OneDrive/Dokumente/Schule/Diplomarbeit/da-conquerthecastle-ue5/UE5/Content/ThirdPerson/Blueprints/img/health_001.uexp" 3204
"C:/Users/fritz/OneDrive/Dokumente/Schule/Diplomarbeit/da-conquerthecastle-ue5/UE5/Content/ThirdPerson/Blueprints/img/BloodOverlay.uasset" 3205
"C:/Users/fritz/OneDrive/Dokumente/Schule/Diplomarbeit/da-conquerthecastle-ue5/UE5/Content/ThirdPerson/Blueprints/img/BloodOverlay.uexp" 3206
"C:/Users/fritz/OneDrive/Dokumente/Schule/Diplomarbeit/da-conquerthecastle-ue5/UE5/Content/ThirdPerson/Blueprints/WBP_DeathScreen.uasset" 3207
"C:/Users/fritz/OneDrive/Dokumente/Schule/Diplomarbeit/da-conquerthecastle-ue5/UE5/Content/ThirdPerson/Blueprints/WBP_DeathScreen.uexp" 3208
"C:/Users/fritz/OneDrive/Dokumente/Schule/Diplomarbeit/da-conquerthecastle-ue5/UE5/Content/ThirdPerson/Blueprints/WBP_HUD.uasset" 3209
"C:/Users/fritz/OneDrive/Dokumente/Schule/Diplomarbeit/da-conquerthecastle-ue5/UE5/Content/ThirdPerson/Blueprints/WBP_HUD.uexp" 3210
"C:/Users/fritz/OneDrive/Dokumente/Schule/Diplomarbeit/da-conquerthecastle-ue5/UE5/Content/ThirdPerson/Blueprints/BP_ThirdPersonCharacter.uasset" 3211
"C:/Users/fritz/OneDrive/Dokumente/Schule/Diplomarbeit/da-conquerthecastle-ue5/UE5/Content/ThirdPerson/Blueprints/BP_ThirdPersonCharacter.uexp" 3212
"C:/Users/fritz/OneDrive/Dokumente/Schule/Diplomarbeit/da-conquerthecastle-ue5/UE5/Content/Input/IMC_MouseLook.uasset" 3213
"C:/Users/fritz/OneDrive/Dokumente/Schule/Diplomarbeit/da-conquerthecastle-ue5/UE5/Content/Input/IMC_MouseLook.uexp" 3214
"C:/Users/fritz/OneDrive/Dokumente/Schule/Diplomarbeit/da-conquerthecastle-ue5/UE5/Content/Input/IMC_Default.uasset" 3215
"C:/Users/fritz/OneDrive/Dokumente/Schule/Diplomarbeit/da-conquerthecastle-ue5/UE5/Content/Input/IMC_Default.uexp" 3216
"C:/Users/fritz/OneDrive/Dokumente/Schule/Diplomarbeit/da-conquerthecastle-ue5/UE5/Content/ThirdPerson/Blueprints/BP_ThirdPersonPlayerController.uasset" 3217
"C:/Users/fritz/OneDrive/Dokumente/Schule/Diplomarbeit/da-conquerthecastle-ue5/UE5/Content/ThirdPerson/Blueprints/BP_ThirdPersonPlayerController.uexp" 3218
"C:/Users/fritz/OneDrive/Dokumente/Schule/Diplomarbeit/da-conquerthecastle-ue5/UE5/Content/ThirdPerson/Blueprints/BP_ThirdPersonGameMode.uasset" 3219
"C:/Users/fritz/OneDrive/Dokumente/Schule/Diplomarbeit/da-conquerthecastle-ue5/UE5/Content/ThirdPerson/Blueprints/BP_ThirdPersonGameMode.uexp" 3220
"C:/Users/fritz/OneDrive/Dokumente/Schule/Diplomarbeit/da-conquerthecastle-ue5/UE5/Content/Maps/Map_Bossroom.uexp" 3221
"C:/Users/fritz/OneDrive/Dokumente/Schule/Diplomarbeit/da-conquerthecastle-ue5/UE5/Content/Maps/Map_Bossroom.umap" 3222
